dimension,kappa_true,num_samples,replicate,r_bar,mpmath_mle,method,kind,kappa_hat,numerical_rel_error,statistical_rel_error
3,1.0,10000,0,0.3002496396077244,0.954039564602535,Banerjee,closed_form,0.9602476366749026,0.0065071432073720995,0.03975236332509735
3,1.0,10000,1,0.31366626211441556,1.002287592926288,Banerjee,closed_form,1.0094550240617344,0.007151072392825178,0.009455024061734374
3,1.0,10000,2,0.30323667173083385,0.9647111092704517,Banerjee,closed_form,0.971123901739248,0.006647370810983937,0.028876098260751992
3,1.0,10000,3,0.3102030300836074,0.9897546313273567,Banerjee,closed_form,0.9966644741649308,0.00698136954237561,0.003335525835069242
3,1.0,10000,4,0.3167084438221965,1.0133433762464463,Banerjee,closed_form,1.0207429793519456,0.007302167536643236,0.02074297935194558
3,1.0,10000,5,0.31196340692198343,0.9961182037993265,Banerjee,closed_form,1.0031580945707095,0.007067324685496091,0.00315809457070948
3,1.0,10000,6,0.31723091615490007,1.015246561815687,Banerjee,closed_form,1.0226866017805503,0.0073283084569696995,0.022686601780550264
3,1.0,10000,7,0.30191608889079197,0.9599883060631635,Banerjee,closed_form,0.966309978655462,0.0065851558319737396,0.033690021344538024
3,1.0,10000,8,0.3249909865924071,1.043670068483327,Banerjee,closed_form,1.0517305706413802,0.007723228251402004,0.0517305706413802
3,1.0,10000,9,0.3158660997733107,1.0102777581148594,Banerjee,closed_form,1.0176125168773378,0.007260140791543052,0.01761251687733778
3,1.0,10000,10,0.3104143933989201,0.9905179279777917,Banerjee,closed_form,0.9974432892105152,0.0069916566243904904,0.0025567107894848284
3,1.0,10000,11,0.3128117239570665,0.9991899305923587,Banerjee,closed_form,1.0062931433536295,0.007108971521620252,0.006293143353629516
3,1.0,10000,12,0.3157401446705101,1.0098196492994151,Banerjee,closed_form,1.017144748855307,0.007253869105214708,0.017144748855306924
3,1.0,10000,13,0.31600685676132817,1.0107897919946944,Banerjee,closed_form,1.0181353564354634,0.007267153367539652,0.01813535643546338
3,1.0,10000,14,0.3072615306379381,0.9791533062205257,Banerjee,closed_form,0.9858498791789552,0.006839146552318649,0.014150120821044831
3,1.0,10000,15,0.3115226512133288,0.9945235684708735,Banerjee,closed_form,1.0015307273287013,0.007045744394576391,0.001530727328701298
3,1.0,10000,16,0.30491172552458295,0.9707127748644916,Banerjee,closed_form,0.9772425538285697,0.006726787916219268,0.022757446171430273
3,1.0,10000,17,0.31669632947794285,1.0132992634003133,Banerjee,closed_form,1.0206979308830395,0.007301562085319809,0.020697930883039506
3,1.0,10000,18,0.3188779455484559,1.021254710340292,Banerjee,closed_form,1.0288233138768423,0.007411083111703229,0.028823313876842338
3,1.0,10000,19,0.3288893168711548,1.0580617860515589,Banerjee,closed_form,1.066448373434144,0.007926368283162195,0.06644837343414389
3,1.0,10000,0,0.3002496396077244,0.954039564602535,Sra two-step (SciPy),sra,0.9540395645949041,7.998510961476966e-12,0.04596043540509587
3,1.0,10000,1,0.31366626211441556,1.002287592926288,Sra two-step (SciPy),sra,1.0022875929110349,1.5218318772346485e-11,0.0022875929110348636
3,1.0,10000,2,0.30323667173083385,0.9647111092704517,Sra two-step (SciPy),sra,0.9647111092615273,9.250869690819478e-12,0.035288890738472745
3,1.0,10000,3,0.3102030300836074,0.9897546313273567,Sra two-step (SciPy),sra,0.9897546313145678,1.2921376352049285e-11,0.010245368685432243
3,1.0,10000,4,0.3167084438221965,1.0133433762464463,Sra two-step (SciPy),sra,1.0133433762286668,1.754544019561746e-11,0.01334337622866677
3,1.0,10000,5,0.31196340692198343,0.9961182037993265,Sra two-step (SciPy),sra,0.9961182037853368,1.404421506939449e-11,0.0038817962146632246
3,1.0,10000,6,0.31723091615490007,1.015246561815687,Sra two-step (SciPy),sra,1.0152465617974349,1.7977964379603726e-11,0.015246561797434888
3,1.0,10000,7,0.30191608889079197,0.9599883060631635,Sra two-step (SciPy),sra,0.9599883060548351,8.67557343034978e-12,0.040011693945164906
3,1.0,10000,8,0.3249909865924071,1.043670068483327,Sra two-step (SciPy),sra,1.0436700684565139,2.569127842412147e-11,0.04367006845651389
3,1.0,10000,9,0.3158660997733107,1.0102777581148594,Sra two-step (SciPy),sra,1.0102777580978164,1.6869651453895652e-11,0.010277758097816392
3,1.0,10000,10,0.3104143933989201,0.9905179279777917,Sra two-step (SciPy),sra,0.9905179279648636,1.3051861725454764e-11,0.009482072035136402
3,1.0,10000,11,0.3128117239570665,0.9991899305923587,Sra two-step (SciPy),sra,0.9991899305777519,1.4618713440623122e-11,0.0008100694222481497
3,1.0,10000,12,0.3157401446705101,1.0098196492994151,Sra two-step (SciPy),sra,1.0098196492824794,1.6771099788552902e-11,0.009819649282479359
3,1.0,10000,13,0.31600685676132817,1.0107897919946944,Sra two-step (SciPy),sra,1.0107897919775302,1.6981048029222617e-11,0.010789791977530161
3,1.0,10000,14,0.3072615306379381,0.9791533062205257,Sra two-step (SciPy),sra,0.9791533062095295,1.1230318967970977e-11,0.02084669379047055
3,1.0,10000,15,0.3115226512133288,0.9945235684708735,Sra two-step (SciPy),sra,0.9945235684571937,1.3755164257753265e-11,0.005476431542806304
3,1.0,10000,16,0.30491172552458295,0.9707127748644916,Sra two-step (SciPy),sra,0.9707127748547542,1.0031219670967219e-11,0.029287225145245843
3,1.0,10000,17,0.31669632947794285,1.0132992634003133,Sra two-step (SciPy),sra,1.0132992633825446,1.7535466630351333e-11,0.013299263382544613
3,1.0,10000,18,0.3188779455484559,1.021254710340292,Sra two-step (SciPy),sra,1.021254710320473,1.940655460496199e-11,0.02125471032047299
3,1.0,10000,19,0.3288893168711548,1.0580617860515589,Sra two-step (SciPy),sra,1.0580617860191304,3.064897036617479e-11,0.05806178601913037
3,1.0,10000,0,0.3002496396077244,0.954039564602535,Converged Newton (SciPy),converged,0.9540395645949041,7.998510961476966e-12,0.04596043540509587
3,1.0,10000,1,0.31366626211441556,1.002287592926288,Converged Newton (SciPy),converged,1.0022875929110349,1.5218318772346485e-11,0.0022875929110348636
3,1.0,10000,2,0.30323667173083385,0.9647111092704517,Converged Newton (SciPy),converged,0.9647111092615273,9.250869690819478e-12,0.035288890738472745
3,1.0,10000,3,0.3102030300836074,0.9897546313273567,Converged Newton (SciPy),converged,0.9897546313145678,1.2921376352049285e-11,0.010245368685432243
3,1.0,10000,4,0.3167084438221965,1.0133433762464463,Converged Newton (SciPy),converged,1.0133433762286668,1.754544019561746e-11,0.01334337622866677
3,1.0,10000,5,0.31196340692198343,0.9961182037993265,Converged Newton (SciPy),converged,0.9961182037853368,1.404421506939449e-11,0.0038817962146632246
3,1.0,10000,6,0.31723091615490007,1.015246561815687,Converged Newton (SciPy),converged,1.0152465617974349,1.7977964379603726e-11,0.015246561797434888
3,1.0,10000,7,0.30191608889079197,0.9599883060631635,Converged Newton (SciPy),converged,0.9599883060548351,8.67557343034978e-12,0.040011693945164906
3,1.0,10000,8,0.3249909865924071,1.043670068483327,Converged Newton (SciPy),converged,1.0436700684565139,2.569127842412147e-11,0.04367006845651389
3,1.0,10000,9,0.3158660997733107,1.0102777581148594,Converged Newton (SciPy),converged,1.0102777580978164,1.6869651453895652e-11,0.010277758097816392
3,1.0,10000,10,0.3104143933989201,0.9905179279777917,Converged Newton (SciPy),converged,0.9905179279648636,1.3051861725454764e-11,0.009482072035136402
3,1.0,10000,11,0.3128117239570665,0.9991899305923587,Converged Newton (SciPy),converged,0.9991899305777519,1.4618713440623122e-11,0.0008100694222481497
3,1.0,10000,12,0.3157401446705101,1.0098196492994151,Converged Newton (SciPy),converged,1.0098196492824794,1.6771099788552902e-11,0.009819649282479359
3,1.0,10000,13,0.31600685676132817,1.0107897919946944,Converged Newton (SciPy),converged,1.0107897919775302,1.6981048029222617e-11,0.010789791977530161
3,1.0,10000,14,0.3072615306379381,0.9791533062205257,Converged Newton (SciPy),converged,0.9791533062095295,1.1230318967970977e-11,0.02084669379047055
3,1.0,10000,15,0.3115226512133288,0.9945235684708735,Converged Newton (SciPy),converged,0.9945235684571937,1.3755164257753265e-11,0.005476431542806304
3,1.0,10000,16,0.30491172552458295,0.9707127748644916,Converged Newton (SciPy),converged,0.9707127748547542,1.0031219670967219e-11,0.029287225145245843
3,1.0,10000,17,0.31669632947794285,1.0132992634003133,Converged Newton (SciPy),converged,1.0132992633825446,1.7535466630351333e-11,0.013299263382544613
3,1.0,10000,18,0.3188779455484559,1.021254710340292,Converged Newton (SciPy),converged,1.021254710320473,1.940655460496199e-11,0.02125471032047299
3,1.0,10000,19,0.3288893168711548,1.0580617860515589,Converged Newton (SciPy),converged,1.0580617860191304,3.064897036617479e-11,0.05806178601913037
3,1.0,10000,0,0.3002496396077244,0.954039564602535,Banerjee (Torch),closed_form,0.9602476366749026,0.0065071432073720995,0.03975236332509735
3,1.0,10000,1,0.31366626211441556,1.002287592926288,Banerjee (Torch),closed_form,1.0094550240617344,0.007151072392825178,0.009455024061734374
3,1.0,10000,2,0.30323667173083385,0.9647111092704517,Banerjee (Torch),closed_form,0.971123901739248,0.006647370810983937,0.028876098260751992
3,1.0,10000,3,0.3102030300836074,0.9897546313273567,Banerjee (Torch),closed_form,0.9966644741649308,0.00698136954237561,0.003335525835069242
3,1.0,10000,4,0.3167084438221965,1.0133433762464463,Banerjee (Torch),closed_form,1.0207429793519456,0.007302167536643236,0.02074297935194558
3,1.0,10000,5,0.31196340692198343,0.9961182037993265,Banerjee (Torch),closed_form,1.0031580945707095,0.007067324685496091,0.00315809457070948
3,1.0,10000,6,0.31723091615490007,1.015246561815687,Banerjee (Torch),closed_form,1.0226866017805503,0.0073283084569696995,0.022686601780550264
3,1.0,10000,7,0.30191608889079197,0.9599883060631635,Banerjee (Torch),closed_form,0.966309978655462,0.0065851558319737396,0.033690021344538024
3,1.0,10000,8,0.3249909865924071,1.043670068483327,Banerjee (Torch),closed_form,1.0517305706413802,0.007723228251402004,0.0517305706413802
3,1.0,10000,9,0.3158660997733107,1.0102777581148594,Banerjee (Torch),closed_form,1.0176125168773378,0.007260140791543052,0.01761251687733778
3,1.0,10000,10,0.3104143933989201,0.9905179279777917,Banerjee (Torch),closed_form,0.9974432892105152,0.0069916566243904904,0.0025567107894848284
3,1.0,10000,11,0.3128117239570665,0.9991899305923587,Banerjee (Torch),closed_form,1.0062931433536295,0.007108971521620252,0.006293143353629516
3,1.0,10000,12,0.3157401446705101,1.0098196492994151,Banerjee (Torch),closed_form,1.017144748855307,0.007253869105214708,0.017144748855306924
3,1.0,10000,13,0.31600685676132817,1.0107897919946944,Banerjee (Torch),closed_form,1.0181353564354634,0.007267153367539652,0.01813535643546338
3,1.0,10000,14,0.3072615306379381,0.9791533062205257,Banerjee (Torch),closed_form,0.9858498791789552,0.006839146552318649,0.014150120821044831
3,1.0,10000,15,0.3115226512133288,0.9945235684708735,Banerjee (Torch),closed_form,1.0015307273287013,0.007045744394576391,0.001530727328701298
3,1.0,10000,16,0.30491172552458295,0.9707127748644916,Banerjee (Torch),closed_form,0.9772425538285697,0.006726787916219268,0.022757446171430273
3,1.0,10000,17,0.31669632947794285,1.0132992634003133,Banerjee (Torch),closed_form,1.0206979308830395,0.007301562085319809,0.020697930883039506
3,1.0,10000,18,0.3188779455484559,1.021254710340292,Banerjee (Torch),closed_form,1.0288233138768423,0.007411083111703229,0.028823313876842338
3,1.0,10000,19,0.3288893168711548,1.0580617860515589,Banerjee (Torch),closed_form,1.066448373434144,0.007926368283162195,0.06644837343414389
3,1.0,10000,0,0.3002496396077244,0.954039564602535,Sra two-step (CUSF),sra,0.9540395645949044,7.998278219971096e-12,0.045960435405095645
3,1.0,10000,1,0.31366626211441556,1.002287592926288,Sra two-step (CUSF),sra,1.0022875929110349,1.5218318772346485e-11,0.0022875929110348636
3,1.0,10000,2,0.30323667173083385,0.9647111092704517,Sra two-step (CUSF),sra,0.9647111092615275,9.250639523878523e-12,0.03528889073847252
3,1.0,10000,3,0.3102030300836074,0.9897546313273567,Sra two-step (CUSF),sra,0.9897546313145678,1.2921376352049285e-11,0.010245368685432243
3,1.0,10000,4,0.3167084438221965,1.0133433762464463,Sra two-step (CUSF),sra,1.0133433762286657,1.7546535799586116e-11,0.01334337622866566
3,1.0,10000,5,0.31196340692198343,0.9961182037993265,Sra two-step (CUSF),sra,0.9961182037853362,1.4044772344133769e-11,0.0038817962146637797
3,1.0,10000,6,0.31723091615490007,1.015246561815687,Sra two-step (CUSF),sra,1.0152465617974342,1.7978620509690573e-11,0.015246561797434222
3,1.0,10000,7,0.30191608889079197,0.9599883060631635,Sra two-step (CUSF),sra,0.9599883060548347,8.676036028911706e-12,0.04001169394516535
3,1.0,10000,8,0.3249909865924071,1.043670068483327,Sra two-step (CUSF),sra,1.043670068456513,2.5692129438677242e-11,0.043670068456513
3,1.0,10000,9,0.3158660997733107,1.0102777581148594,Sra two-step (CUSF),sra,1.0102777580978155,1.6870530596698278e-11,0.010277758097815504
3,1.0,10000,10,0.3104143933989201,0.9905179279777917,Sra two-step (CUSF),sra,0.9905179279648637,1.3051749640353297e-11,0.00948207203513629
3,1.0,10000,11,0.3128117239570665,0.9991899305923587,Sra two-step (CUSF),sra,0.9991899305777519,1.4618713440623122e-11,0.0008100694222481497
3,1.0,10000,12,0.3157401446705101,1.0098196492994151,Sra two-step (CUSF),sra,1.0098196492824787,1.677175944477492e-11,0.009819649282478693
3,1.0,10000,13,0.31600685676132817,1.0107897919946944,Sra two-step (CUSF),sra,1.0107897919775295,1.6981707052315302e-11,0.010789791977529495
3,1.0,10000,14,0.3072615306379381,0.9791533062205257,Sra two-step (CUSF),sra,0.9791533062095297,1.1230092195918516e-11,0.020846693790470328
3,1.0,10000,15,0.3115226512133288,0.9945235684708735,Sra two-step (CUSF),sra,0.9945235684571936,1.3755275891409803e-11,0.005476431542806415
3,1.0,10000,16,0.30491172552458295,0.9707127748644916,Sra two-step (CUSF),sra,0.9707127748547538,1.0031562786784803e-11,0.029287225145246176
3,1.0,10000,17,0.31669632947794285,1.0132992634003133,Sra two-step (CUSF),sra,1.0132992633825442,1.753590489101715e-11,0.013299263382544169
3,1.0,10000,18,0.3188779455484559,1.021254710340292,Sra two-step (CUSF),sra,1.021254710320473,1.940655460496199e-11,0.02125471032047299
3,1.0,10000,19,0.3288893168711548,1.0580617860515589,Sra two-step (CUSF),sra,1.0580617860191295,3.064980980526182e-11,0.05806178601912948
3,1.0,10000,0,0.3002496396077244,0.954039564602535,Converged Newton (CUSF),converged,0.9540395645949044,7.998278219971096e-12,0.045960435405095645
3,1.0,10000,1,0.31366626211441556,1.002287592926288,Converged Newton (CUSF),converged,1.0022875929110349,1.5218318772346485e-11,0.0022875929110348636
3,1.0,10000,2,0.30323667173083385,0.9647111092704517,Converged Newton (CUSF),converged,0.9647111092615275,9.250639523878523e-12,0.03528889073847252
3,1.0,10000,3,0.3102030300836074,0.9897546313273567,Converged Newton (CUSF),converged,0.9897546313145678,1.2921376352049285e-11,0.010245368685432243
3,1.0,10000,4,0.3167084438221965,1.0133433762464463,Converged Newton (CUSF),converged,1.0133433762286657,1.7546535799586116e-11,0.01334337622866566
3,1.0,10000,5,0.31196340692198343,0.9961182037993265,Converged Newton (CUSF),converged,0.9961182037853362,1.4044772344133769e-11,0.0038817962146637797
3,1.0,10000,6,0.31723091615490007,1.015246561815687,Converged Newton (CUSF),converged,1.0152465617974342,1.7978620509690573e-11,0.015246561797434222
3,1.0,10000,7,0.30191608889079197,0.9599883060631635,Converged Newton (CUSF),converged,0.9599883060548347,8.676036028911706e-12,0.04001169394516535
3,1.0,10000,8,0.3249909865924071,1.043670068483327,Converged Newton (CUSF),converged,1.043670068456513,2.5692129438677242e-11,0.043670068456513
3,1.0,10000,9,0.3158660997733107,1.0102777581148594,Converged Newton (CUSF),converged,1.0102777580978155,1.6870530596698278e-11,0.010277758097815504
3,1.0,10000,10,0.3104143933989201,0.9905179279777917,Converged Newton (CUSF),converged,0.9905179279648637,1.3051749640353297e-11,0.00948207203513629
3,1.0,10000,11,0.3128117239570665,0.9991899305923587,Converged Newton (CUSF),converged,0.9991899305777519,1.4618713440623122e-11,0.0008100694222481497
3,1.0,10000,12,0.3157401446705101,1.0098196492994151,Converged Newton (CUSF),converged,1.0098196492824787,1.677175944477492e-11,0.009819649282478693
3,1.0,10000,13,0.31600685676132817,1.0107897919946944,Converged Newton (CUSF),converged,1.0107897919775295,1.6981707052315302e-11,0.010789791977529495
3,1.0,10000,14,0.3072615306379381,0.9791533062205257,Converged Newton (CUSF),converged,0.9791533062095297,1.1230092195918516e-11,0.020846693790470328
3,1.0,10000,15,0.3115226512133288,0.9945235684708735,Converged Newton (CUSF),converged,0.9945235684571936,1.3755275891409803e-11,0.005476431542806415
3,1.0,10000,16,0.30491172552458295,0.9707127748644916,Converged Newton (CUSF),converged,0.9707127748547538,1.0031562786784803e-11,0.029287225145246176
3,1.0,10000,17,0.31669632947794285,1.0132992634003133,Converged Newton (CUSF),converged,1.0132992633825442,1.753590489101715e-11,0.013299263382544169
3,1.0,10000,18,0.3188779455484559,1.021254710340292,Converged Newton (CUSF),converged,1.021254710320473,1.940655460496199e-11,0.02125471032047299
3,1.0,10000,19,0.3288893168711548,1.0580617860515589,Converged Newton (CUSF),converged,1.0580617860191295,3.064980980526182e-11,0.05806178601912948
3,1.0,10000,0,0.3002496396077244,0.954039564602535,SciPy Brent,reference,0.9540395646025469,1.2451670564038167e-14,0.04596043539745309
3,1.0,10000,1,0.31366626211441556,1.002287592926288,SciPy Brent,reference,1.002287592926276,1.1963042095477192e-14,0.0022875929262760053
3,1.0,10000,2,0.30323667173083385,0.9647111092704517,SciPy Brent,reference,0.9647111092704677,1.6572019748681387e-14,0.03528889072953234
3,1.0,10000,3,0.3102030300836074,0.9897546313273567,SciPy Brent,reference,0.9897546313273353,2.1649107462654086e-14,0.010245368672664679
3,1.0,10000,4,0.3167084438221965,1.0133433762464463,SciPy Brent,reference,1.0133433762464463,0.0,0.013343376246446326
3,1.0,10000,5,0.31196340692198343,0.9961182037993265,SciPy Brent,reference,0.9961182037993097,1.6829697126202845e-14,0.0038817962006902906
3,1.0,10000,6,0.31723091615490007,1.015246561815687,SciPy Brent,reference,1.0152465618156878,8.748401157958018e-16,0.015246561815687842
3,1.0,10000,7,0.30191608889079197,0.9599883060631635,SciPy Brent,reference,0.9599883060631771,1.4109256138726047e-14,0.04001169393682291
3,1.0,10000,8,0.3249909865924071,1.043670068483327,SciPy Brent,reference,1.0436700684833273,2.1275363894234218e-16,0.04367006848332733
3,1.0,10000,9,0.3158660997733107,1.0102777581148594,SciPy Brent,reference,1.010277758114856,3.2967855098486713e-15,0.010277758114856095
3,1.0,10000,10,0.3104143933989201,0.9905179279777917,SciPy Brent,reference,0.9905179279777713,2.0623658669973006e-14,0.009482072022228727
3,1.0,10000,11,0.3128117239570665,0.9991899305923587,SciPy Brent,reference,0.999189930592344,1.477793738249618e-14,0.0008100694076560444
3,1.0,10000,12,0.3157401446705101,1.0098196492994151,SciPy Brent,reference,1.0098196492994114,3.738051924761372e-15,0.00981964929941137
3,1.0,10000,13,0.31600685676132817,1.0107897919946944,SciPy Brent,reference,1.0107897919946918,2.6360923707412766e-15,0.010789791994691766
3,1.0,10000,14,0.3072615306379381,0.9791533062205257,SciPy Brent,reference,0.979153306220548,2.279059127227186e-14,0.02084669377945203
3,1.0,10000,15,0.3115226512133288,0.9945235684708735,SciPy Brent,reference,0.9945235684708554,1.81962860158402e-14,0.005476431529144565
3,1.0,10000,16,0.30491172552458295,0.9707127748644916,SciPy Brent,reference,0.9707127748645101,1.9100113845548536e-14,0.02928722513548987
3,1.0,10000,17,0.31669632947794285,1.0132992634003133,SciPy Brent,reference,1.0132992634003133,0.0,0.013299263400313288
3,1.0,10000,18,0.3188779455484559,1.021254710340292,SciPy Brent,reference,1.0212547103402911,8.696933396803384e-16,0.02125471034029114
3,1.0,10000,19,0.3288893168711548,1.0580617860515589,SciPy Brent,reference,1.0580617860515593,4.1971954351295546e-16,0.058061786051559316
3,1.0,10000,0,0.3002496396077244,0.954039564602535,Direct likelihood,reference,0.9540395643975702,2.1483891286760878e-10,0.045960435602429794
3,1.0,10000,1,0.31366626211441556,1.002287592926288,Direct likelihood,reference,1.002287607652262,1.4692363848156647e-08,0.0022876076522619915
3,1.0,10000,2,0.30323667173083385,0.9647111092704517,Direct likelihood,reference,0.9647111232605743,1.4501877796884193e-08,0.03528887673942571
3,1.0,10000,3,0.3102030300836074,0.9897546313273567,Direct likelihood,reference,0.9897546456933308,1.4514682348832e-08,0.010245354306669174
3,1.0,10000,4,0.3167084438221965,1.0133433762464463,Direct likelihood,reference,1.013343406907404,3.025722424543029e-08,0.013343406907404098
3,1.0,10000,5,0.31196340692198343,0.9961182037993265,Direct likelihood,reference,0.9961182035019086,2.985768827203911e-10,0.0038817964980913944
3,1.0,10000,6,0.31723091615490007,1.015246561815687,Direct likelihood,reference,1.0152465465859937,1.500097991667338e-08,0.01524654658599367
3,1.0,10000,7,0.30191608889079197,0.9599883060631635,Direct likelihood,reference,0.9599882896870374,1.7058672505061052e-08,0.04001171031296258
3,1.0,10000,8,0.3249909865924071,1.043670068483327,Direct likelihood,reference,1.0436700681955586,2.757274395474418e-10,0.04367006819555863
3,1.0,10000,9,0.3158660997733107,1.0102777581148594,Direct likelihood,reference,1.010277779903412,2.1566893206114886e-08,0.010277779903411943
3,1.0,10000,10,0.3104143933989201,0.9905179279777917,Direct likelihood,reference,0.9905179133460047,1.4771854795297349e-08,0.009482086653995303
3,1.0,10000,11,0.3128117239570665,0.9991899305923587,Direct likelihood,reference,0.9991898860225394,4.460595319777814e-08,0.0008101139774605581
3,1.0,10000,12,0.3157401446705101,1.0098196492994151,Direct likelihood,reference,1.0098196188354367,3.0167741806274565e-08,0.009819618835436694
3,1.0,10000,13,0.31600685676132817,1.0107897919946944,Direct likelihood,reference,1.010789776102971,1.572208546085486e-08,0.010789776102970938
3,1.0,10000,14,0.3072615306379381,0.9791533062205257,Direct likelihood,reference,0.9791532914519568,1.5082999483844585e-08,0.020846708548043158
3,1.0,10000,15,0.3115226512133288,0.9945235684708735,Direct likelihood,reference,0.9945235684529998,1.7972125633510098e-11,0.005476431547000171
3,1.0,10000,16,0.30491172552458295,0.9707127748644916,Direct likelihood,reference,0.9707128261465133,5.282924369401173e-08,0.02928717385348667
3,1.0,10000,17,0.31669632947794285,1.0132992634003133,Direct likelihood,reference,1.0132992783181967,1.4722090414814712e-08,0.013299278318196661
3,1.0,10000,18,0.3188779455484559,1.021254710340292,Direct likelihood,reference,1.0212547104141259,7.229717248095669e-11,0.021254710414125855
3,1.0,10000,19,0.3288893168711548,1.0580617860515589,Direct likelihood,reference,1.0580618028209472,1.5849157906913252e-08,0.058061802820947195
3,10.0,10000,0,0.8975989404898742,9.765523329945136,Banerjee,closed_form,10.136141154286745,0.0379516603278333,0.013614115428674545
3,10.0,10000,1,0.900026299209022,10.002630202448865,Banerjee,closed_form,10.376348407466493,0.037361993541072176,0.037634840746649266
3,10.0,10000,2,0.8983325328239667,9.835987572900713,Banerjee,closed_form,10.207542561908575,0.037775056775339884,0.020754256190857488
3,10.0,10000,3,0.8995873317295208,9.958902324313193,Banerjee,closed_form,10.332059973069978,0.03746975686725783,0.03320599730699776
3,10.0,10000,4,0.9007089744234048,10.071403313648199,Banerjee,closed_form,10.445993179643278,0.037193413303929106,0.04459931796432777
3,10.0,10000,5,0.8999422466866358,9.994227585647414,Banerjee,closed_form,10.367838460762469,0.037382666335474816,0.03678384607624689
3,10.0,10000,6,0.9005470272964997,10.055003241073438,Banerjee,closed_form,10.429386339750245,0.03723351347590806,0.04293863397502449
3,10.0,10000,7,0.8981967132785774,9.82286500266368,Banerjee,closed_form,10.194246493369825,0.03780785856320304,0.01942464933698247
3,10.0,10000,8,0.9022887252798405,10.234233218791594,Banerjee,closed_form,10.61083965800289,0.0367986962149533,0.061083965800288985
3,10.0,10000,9,0.9003478003602883,10.034901036179212,Banerjee,closed_form,10.409029760148803,0.03728275173025924,0.040902976014880285
3,10.0,10000,10,0.8999224950555074,9.99225508989745,Banerjee,closed_form,10.365840743107318,0.03738752162037757,0.03658407431073183
3,10.0,10000,11,0.8999941056307408,9.999410185146994,Banerjee,closed_form,10.373087281178341,0.03736991373615243,0.0373087281178341
3,10.0,10000,12,0.9000049542690608,10.0004950395885,Banerjee,closed_form,10.374185988617576,0.037367245076344965,0.0374185988617576
3,10.0,10000,13,0.9007599179005782,10.076573328081048,Banerjee,closed_form,10.451228235055877,0.037180785052271056,0.04512282350558774
3,10.0,10000,14,0.8989877593049597,9.899789800254613,Banerjee,closed_form,10.272181715203498,0.037616143621484514,0.027218171520349797
3,10.0,10000,15,0.8999914831487925,9.99914797454639,Banerjee,closed_form,10.372821721835802,0.03737055879567223,0.03728217218358019
3,10.0,10000,16,0.8984214093303293,9.844593610043775,Banerjee,closed_form,10.216262128708882,0.03775356641293132,0.021626212870888218
3,10.0,10000,17,0.9004914228876275,10.049384600688015,Banerjee,closed_form,10.423696704285014,0.037247266222786665,0.04236967042850139
3,10.0,10000,18,0.9007755290462924,10.078158692661484,Banerjee,closed_form,10.4528335306823,0.0371769139032946,0.04528335306822999
3,10.0,10000,19,0.9028775525886948,10.296280655873153,Banerjee,closed_form,10.673638561208193,0.03664992417624029,0.06736385612081933
3,10.0,10000,0,0.8975989404898742,9.765523329945136,Sra two-step (SciPy),sra,9.765503071447736,2.074491731373367e-06,0.023449692855226446
3,10.0,10000,1,0.900026299209022,10.002630202448865,Sra two-step (SciPy),sra,10.002610711779818,1.948554395417524e-06,0.0002610711779817976
3,10.0,10000,2,0.8983325328239667,9.835987572900713,Sra two-step (SciPy),sra,9.835967545326657,2.0361528425713728e-06,0.016403245467334314
3,10.0,10000,3,0.8995873317295208,9.958902324313193,Sra two-step (SciPy),sra,9.958882694021318,1.9711300740090104e-06,0.004111730597868224
3,10.0,10000,4,0.9007089744234048,10.071403313648199,Sra two-step (SciPy),sra,10.071384040735843,1.913627302532812e-06,0.007138404073584325
3,10.0,10000,5,0.8999422466866358,9.994227585647414,Sra two-step (SciPy),sra,9.994208068219043,1.9528701145841793e-06,0.0005791931780956717
3,10.0,10000,6,0.9005470272964997,10.055003241073438,Sra two-step (SciPy),sra,10.05498391643773,1.9218925389889355e-06,0.0054983916437729265
3,10.0,10000,7,0.8981967132785774,9.82286500266368,Sra two-step (SciPy),sra,9.822844932258574,2.0432333234291357e-06,0.017715506774142575
3,10.0,10000,8,0.9022887252798405,10.234233218791594,Sra two-step (SciPy),sra,10.234214452437925,1.833684387297925e-06,0.023421445243792506
3,10.0,10000,9,0.9003478003602883,10.034901036179212,Sra two-step (SciPy),sra,10.03488164796948,1.9320778214847066e-06,0.0034881647969479345
3,10.0,10000,10,0.8999224950555074,9.99225508989745,Sra two-step (SciPy),sra,9.99223556618255,1.9538847560781195e-06,0.0007764433817449401
3,10.0,10000,11,0.8999941056307408,9.999410185146994,Sra two-step (SciPy),sra,9.999390684227194,1.950207006091165e-06,6.0931577280598503e-05
3,10.0,10000,12,0.9000049542690608,10.0004950395885,Sra two-step (SciPy),sra,10.000475542122873,1.9496500473836355e-06,4.755421228725964e-05
3,10.0,10000,13,0.9007599179005782,10.076573328081048,Sra two-step (SciPy),sra,10.07655407144758,1.9110299544570006e-06,0.007655407144758009
3,10.0,10000,14,0.8989877593049597,9.899789800254613,Sra two-step (SciPy),sra,9.899769979783807,2.0021102675779784e-06,0.010023002021619298
3,10.0,10000,15,0.8999914831487925,9.99914797454639,Sra two-step (SciPy),sra,9.999128472791707,1.950341642296094e-06,8.715272082930881e-05
3,10.0,10000,16,0.8984214093303293,9.844593610043775,Sra two-step (SciPy),sra,9.844573610515706,2.0315239878249604e-06,0.015542638948429398
3,10.0,10000,17,0.9004914228876275,10.049384600688015,Sra two-step (SciPy),sra,10.049365258302531,1.9247333296595596e-06,0.004936525830253125
3,10.0,10000,18,0.9007755290462924,10.078158692661484,Sra two-step (SciPy),sra,10.07813944101724,1.9102342828983754e-06,0.007813944101724068
3,10.0,10000,19,0.9028775525886948,10.296280655873153,Sra two-step (SciPy),sra,10.296262079194305,1.804212556797461e-06,0.02962620791943049
3,10.0,10000,0,0.8975989404898742,9.765523329945136,Converged Newton (SciPy),converged,9.765523329903091,4.305410842943605e-12,0.023447667009690854
3,10.0,10000,1,0.900026299209022,10.002630202448865,Converged Newton (SciPy),converged,10.002630202410952,3.790281481568484e-12,0.00026302024109519094
3,10.0,10000,2,0.8983325328239667,9.835987572900713,Converged Newton (SciPy),converged,9.835987572859947,4.144536865795799e-12,0.01640124271400527
3,10.0,10000,3,0.8995873317295208,9.958902324313193,Converged Newton (SciPy),converged,9.95890232427448,3.887368275856539e-12,0.004109767572552059
3,10.0,10000,4,0.9007089744234048,10.071403313648199,Converged Newton (SciPy),converged,10.07140331361128,3.665804992643197e-12,0.007140331361127928
3,10.0,10000,5,0.8999422466866358,9.994227585647414,Converged Newton (SciPy),converged,9.994227585609302,3.813374836897267e-12,0.0005772414390698089
3,10.0,10000,6,0.9005470272964997,10.055003241073438,Converged Newton (SciPy),converged,10.055003241036358,3.68768381040147e-12,0.005500324103635812
3,10.0,10000,7,0.8981967132785774,9.82286500266368,Converged Newton (SciPy),converged,9.822865002622622,4.1797312309519194e-12,0.01771349973773777
3,10.0,10000,8,0.9022887252798405,10.234233218791594,Converged Newton (SciPy),converged,10.234233218757206,3.3601434830317325e-12,0.023423321875720583
3,10.0,10000,9,0.9003478003602883,10.034901036179212,Converged Newton (SciPy),converged,10.034901036141683,3.739856607524482e-12,0.0034901036141683052
3,10.0,10000,10,0.8999224950555074,9.99225508989745,Converged Newton (SciPy),converged,9.992255089859311,3.816794206993648e-12,0.0007744910140688787
3,10.0,10000,11,0.8999941056307408,9.999410185146994,Converged Newton (SciPy),converged,9.999410185108946,3.805003139048111e-12,5.898148910539191e-05
3,10.0,10000,12,0.9000049542690608,10.0004950395885,Converged Newton (SciPy),converged,10.000495039550527,3.7971300426165374e-12,4.950395505272098e-05
3,10.0,10000,13,0.9007599179005782,10.076573328081048,Converged Newton (SciPy),converged,10.076573328044308,3.646119301978236e-12,0.007657332804430794
3,10.0,10000,14,0.8989877593049597,9.899789800254613,Converged Newton (SciPy),converged,9.899789800214943,4.007115477993899e-12,0.010021019978505663
3,10.0,10000,15,0.8999914831487925,9.99914797454639,Converged Newton (SciPy),converged,9.999147974508338,3.80545822040592e-12,8.520254916621894e-05
3,10.0,10000,16,0.8984214093303293,9.844593610043775,Converged Newton (SciPy),converged,9.844593610003155,4.126117690132351e-12,0.015540638999684475
3,10.0,10000,17,0.9004914228876275,10.049384600688015,Converged Newton (SciPy),converged,10.049384600650836,3.699644319125953e-12,0.0049384600650835605
3,10.0,10000,18,0.9007755290462924,10.078158692661484,Converged Newton (SciPy),converged,10.07815869262465,3.654887419923745e-12,0.007815869262464937
3,10.0,10000,19,0.9028775525886948,10.296280655873153,Converged Newton (SciPy),converged,10.2962806558397,3.2489743741108876e-12,0.02962806558397002
3,10.0,10000,0,0.8975989404898742,9.765523329945136,Banerjee (Torch),closed_form,10.136141154286745,0.0379516603278333,0.013614115428674545
3,10.0,10000,1,0.900026299209022,10.002630202448865,Banerjee (Torch),closed_form,10.376348407466493,0.037361993541072176,0.037634840746649266
3,10.0,10000,2,0.8983325328239667,9.835987572900713,Banerjee (Torch),closed_form,10.207542561908575,0.037775056775339884,0.020754256190857488
3,10.0,10000,3,0.8995873317295208,9.958902324313193,Banerjee (Torch),closed_form,10.332059973069978,0.03746975686725783,0.03320599730699776
3,10.0,10000,4,0.9007089744234048,10.071403313648199,Banerjee (Torch),closed_form,10.445993179643278,0.037193413303929106,0.04459931796432777
3,10.0,10000,5,0.8999422466866358,9.994227585647414,Banerjee (Torch),closed_form,10.367838460762469,0.037382666335474816,0.03678384607624689
3,10.0,10000,6,0.9005470272964997,10.055003241073438,Banerjee (Torch),closed_form,10.429386339750245,0.03723351347590806,0.04293863397502449
3,10.0,10000,7,0.8981967132785774,9.82286500266368,Banerjee (Torch),closed_form,10.194246493369825,0.03780785856320304,0.01942464933698247
3,10.0,10000,8,0.9022887252798405,10.234233218791594,Banerjee (Torch),closed_form,10.61083965800289,0.0367986962149533,0.061083965800288985
3,10.0,10000,9,0.9003478003602883,10.034901036179212,Banerjee (Torch),closed_form,10.409029760148803,0.03728275173025924,0.040902976014880285
3,10.0,10000,10,0.8999224950555074,9.99225508989745,Banerjee (Torch),closed_form,10.365840743107318,0.03738752162037757,0.03658407431073183
3,10.0,10000,11,0.8999941056307408,9.999410185146994,Banerjee (Torch),closed_form,10.373087281178341,0.03736991373615243,0.0373087281178341
3,10.0,10000,12,0.9000049542690608,10.0004950395885,Banerjee (Torch),closed_form,10.374185988617576,0.037367245076344965,0.0374185988617576
3,10.0,10000,13,0.9007599179005782,10.076573328081048,Banerjee (Torch),closed_form,10.451228235055877,0.037180785052271056,0.04512282350558774
3,10.0,10000,14,0.8989877593049597,9.899789800254613,Banerjee (Torch),closed_form,10.272181715203498,0.037616143621484514,0.027218171520349797
3,10.0,10000,15,0.8999914831487925,9.99914797454639,Banerjee (Torch),closed_form,10.372821721835802,0.03737055879567223,0.03728217218358019
3,10.0,10000,16,0.8984214093303293,9.844593610043775,Banerjee (Torch),closed_form,10.216262128708882,0.03775356641293132,0.021626212870888218
3,10.0,10000,17,0.9004914228876275,10.049384600688015,Banerjee (Torch),closed_form,10.423696704285014,0.037247266222786665,0.04236967042850139
3,10.0,10000,18,0.9007755290462924,10.078158692661484,Banerjee (Torch),closed_form,10.4528335306823,0.0371769139032946,0.04528335306822999
3,10.0,10000,19,0.9028775525886948,10.296280655873153,Banerjee (Torch),closed_form,10.673638561208193,0.03664992417624029,0.06736385612081933
3,10.0,10000,0,0.8975989404898742,9.765523329945136,Sra two-step (CUSF),sra,9.765503071447664,2.0744917386494004e-06,0.023449692855233552
3,10.0,10000,1,0.900026299209022,10.002630202448865,Sra two-step (CUSF),sra,10.002610711779743,1.948554402876261e-06,0.00026107117797433685
3,10.0,10000,2,0.8983325328239667,9.835987572900713,Sra two-step (CUSF),sra,9.835967545326655,2.0361528427519704e-06,0.016403245467334494
3,10.0,10000,3,0.8995873317295208,9.958902324313193,Sra two-step (CUSF),sra,9.958882694021442,1.971130061523199e-06,0.004111730597855789
3,10.0,10000,4,0.9007089744234048,10.071403313648199,Sra two-step (CUSF),sra,10.071384040735843,1.913627302532812e-06,0.007138404073584325
3,10.0,10000,5,0.8999422466866358,9.994227585647414,Sra two-step (CUSF),sra,9.994208068219109,1.952870108007863e-06,0.0005791931780890991
3,10.0,10000,6,0.9005470272964997,10.055003241073438,Sra two-step (CUSF),sra,10.05498391643773,1.9218925389889355e-06,0.0054983916437729265
3,10.0,10000,7,0.8981967132785774,9.82286500266368,Sra two-step (CUSF),sra,9.822844932258576,2.0432333232482967e-06,0.0177155067741424
3,10.0,10000,8,0.9022887252798405,10.234233218791594,Sra two-step (CUSF),sra,10.234214452437925,1.833684387297925e-06,0.023421445243792506
3,10.0,10000,9,0.9003478003602883,10.034901036179212,Sra two-step (CUSF),sra,10.034881647969542,1.932077815289081e-06,0.0034881647969541517
3,10.0,10000,10,0.8999224950555074,9.99225508989745,Sra two-step (CUSF),sra,9.992235566182625,1.953884748611638e-06,0.0007764433817374794
3,10.0,10000,11,0.8999941056307408,9.999410185146994,Sra two-step (CUSF),sra,9.999390684227269,1.9502069986300262e-06,6.09315772731378e-05
3,10.0,10000,12,0.9000049542690608,10.0004950395885,Sra two-step (CUSF),sra,10.000475542122773,1.9496500573307415e-06,4.755421227731205e-05
3,10.0,10000,13,0.9007599179005782,10.076573328081048,Sra two-step (CUSF),sra,10.076554071447594,1.9110299530467144e-06,0.00765540714475943
3,10.0,10000,14,0.8989877593049597,9.899789800254613,Sra two-step (CUSF),sra,9.899769979783734,2.002110274934764e-06,0.010023002021626582
3,10.0,10000,15,0.8999914831487925,9.99914797454639,Sra two-step (CUSF),sra,9.99912847279171,1.9503416419407927e-06,8.715272082895353e-05
3,10.0,10000,16,0.8984214093303293,9.844593610043775,Sra two-step (CUSF),sra,9.844573610515706,2.0315239878249604e-06,0.015542638948429398
3,10.0,10000,17,0.9004914228876275,10.049384600688015,Sra two-step (CUSF),sra,10.049365258302608,1.9247333220587616e-06,0.004936525830260763
3,10.0,10000,18,0.9007755290462924,10.078158692661484,Sra two-step (CUSF),sra,10.078139441017406,1.910234266506375e-06,0.007813944101740588
3,10.0,10000,19,0.9028775525886948,10.296280655873153,Sra two-step (CUSF),sra,10.296262079194307,1.804212556624937e-06,0.02962620791943067
3,10.0,10000,0,0.8975989404898742,9.765523329945136,Converged Newton (CUSF),converged,9.765523329903095,4.305047041275352e-12,0.023447667009690497
3,10.0,10000,1,0.900026299209022,10.002630202448865,Converged Newton (CUSF),converged,10.002630202410877,3.797740218495152e-12,0.0002630202410877303
3,10.0,10000,2,0.8983325328239667,9.835987572900713,Converged Newton (CUSF),converged,9.83598757286002,4.137132359651843e-12,0.01640124271399799
3,10.0,10000,3,0.8995873317295208,9.958902324313193,Converged Newton (CUSF),converged,9.958902324274682,3.867034239725143e-12,0.004109767572531809
3,10.0,10000,4,0.9007089744234048,10.071403313648199,Converged Newton (CUSF),converged,10.071403313611368,3.656986177707085e-12,0.0071403313611368095
3,10.0,10000,5,0.8999422466866358,9.994227585647414,Converged Newton (CUSF),converged,9.994227585609368,3.806798520469152e-12,0.0005772414390632363
3,10.0,10000,6,0.9005470272964997,10.055003241073438,Converged Newton (CUSF),converged,10.055003241036514,3.6721373806172735e-12,0.005500324103651444
3,10.0,10000,7,0.8981967132785774,9.82286500266368,Converged Newton (CUSF),converged,9.822865002622699,4.171955155023614e-12,0.01771349973773013
3,10.0,10000,8,0.9022887252798405,10.234233218791594,Converged Newton (CUSF),converged,10.234233218757206,3.3601434830317325e-12,0.023423321875720583
3,10.0,10000,9,0.9003478003602883,10.034901036179212,Converged Newton (CUSF),converged,10.034901036141667,3.741449768383464e-12,0.0034901036141667062
3,10.0,10000,10,0.8999224950555074,9.99225508989745,Converged Newton (CUSF),converged,9.992255089859464,3.801505697361535e-12,0.0007744910140536021
3,10.0,10000,11,0.8999941056307408,9.999410185146994,Converged Newton (CUSF),converged,9.999410185108943,3.80535843137166e-12,5.8981489105747185e-05
3,10.0,10000,12,0.9000049542690608,10.0004950395885,Converged Newton (CUSF),converged,10.000495039550428,3.807077148496058e-12,4.9503955042773384e-05
3,10.0,10000,13,0.9007599179005782,10.076573328081048,Converged Newton (CUSF),converged,10.076573328044322,3.644709015539333e-12,0.0076573328044322155
3,10.0,10000,14,0.8989877593049597,9.899789800254613,Converged Newton (CUSF),converged,9.899789800215034,3.997964354521856e-12,0.010021019978496604
3,10.0,10000,15,0.8999914831487925,9.99914797454639,Converged Newton (CUSF),converged,9.999147974508508,3.7884037416626794e-12,8.520254914916592e-05
3,10.0,10000,16,0.8984214093303293,9.844593610043775,Converged Newton (CUSF),converged,9.844593610003155,4.126117690132351e-12,0.015540638999684475
3,10.0,10000,17,0.9004914228876275,10.049384600688015,Converged Newton (CUSF),converged,10.049384600650823,3.700881658363118e-12,0.0049384600650823176
3,10.0,10000,18,0.9007755290462924,10.078158692661484,Converged Newton (CUSF),converged,10.078158692624658,3.654006129554358e-12,0.007815869262465825
3,10.0,10000,19,0.9028775525886948,10.296280655873153,Converged Newton (CUSF),converged,10.296280655839714,3.2475941810887508e-12,0.029628065583971443
3,10.0,10000,0,0.8975989404898742,9.765523329945136,SciPy Brent,reference,9.765523329945125,1.0914050047598812e-15,0.02344766700548746
3,10.0,10000,1,0.900026299209022,10.002630202448865,SciPy Brent,reference,10.002630202448866,1.7758897444447752e-16,0.00026302024488664697
3,10.0,10000,2,0.8983325328239667,9.835987572900713,SciPy Brent,reference,9.835987572900708,5.417931324845264e-16,0.016401242709929244
3,10.0,10000,3,0.8995873317295208,9.958902324313193,SciPy Brent,reference,9.95890232431318,1.4269499039576174e-15,0.004109767568682088
3,10.0,10000,4,0.9007089744234048,10.071403313648199,SciPy Brent,reference,10.071403313648187,1.234634091055734e-15,0.007140331364818664
3,10.0,10000,5,0.8999422466866358,9.994227585647414,SciPy Brent,reference,9.99422758564742,7.109531273637412e-16,0.0005772414352579247
3,10.0,10000,6,0.9005470272964997,10.055003241073438,SciPy Brent,reference,10.05500324107345,1.2366478237429479e-15,0.005500324107345023
3,10.0,10000,7,0.8981967132785774,9.82286500266368,SciPy Brent,reference,9.822865002663685,5.425169252306389e-16,0.017713499733631545
3,10.0,10000,8,0.9022887252798405,10.234233218791594,SciPy Brent,reference,10.234233218791584,1.0414205743163591e-15,0.023423321879158365
3,10.0,10000,9,0.9003478003602883,10.034901036179212,SciPy Brent,reference,10.034901036179203,8.850893661013114e-16,0.003490103617920326
3,10.0,10000,10,0.8999224950555074,9.99225508989745,SciPy Brent,reference,9.992255089897457,7.110934712610429e-16,0.0007744910102543301
3,10.0,10000,11,0.8999941056307408,9.999410185146994,SciPy Brent,reference,9.999410185147012,1.7764616177450444e-15,5.8981485298836846e-05
3,10.0,10000,12,0.9000049542690608,10.0004950395885,SciPy Brent,reference,10.000495039588499,1.776268907057369e-16,4.9503958849861364e-05
3,10.0,10000,13,0.9007599179005782,10.076573328081048,SciPy Brent,reference,10.076573328081057,8.81429024314228e-16,0.007657332808105721
3,10.0,10000,14,0.8989877593049597,9.899789800254613,SciPy Brent,reference,9.899789800254608,5.383013807084765e-16,0.010021019974539237
3,10.0,10000,15,0.8999914831487925,9.99914797454639,SciPy Brent,reference,9.9991479745464,1.065904921452571e-15,8.520254536001915e-05
3,10.0,10000,16,0.8984214093303293,9.844593610043775,SciPy Brent,reference,9.844593610043775,0.0,0.01554063899562248
3,10.0,10000,17,0.9004914228876275,10.049384600688015,SciPy Brent,reference,10.049384600688002,1.2373392371658703e-15,0.004938460068800232
3,10.0,10000,18,0.9007755290462924,10.078158692661484,SciPy Brent,reference,10.078158692661486,1.762580738774954e-16,0.007815869266148568
3,10.0,10000,19,0.9028775525886948,10.296280655873153,SciPy Brent,reference,10.296280655873163,1.0351447666028743e-15,0.029628065587316323
3,10.0,10000,0,0.8975989404898742,9.765523329945136,Direct likelihood,reference,9.765523476669854,1.5024767516454145e-08,0.023447652333014622
3,10.0,10000,1,0.900026299209022,10.002630202448865,Direct likelihood,reference,10.00263046312209,2.606046809204981e-08,0.00026304631220899213
3,10.0,10000,2,0.8983325328239667,9.835987572900713,Direct likelihood,reference,9.835987720589786,1.5015174868890267e-08,0.01640122794102137
3,10.0,10000,3,0.8995873317295208,9.958902324313193,Direct likelihood,reference,9.958902193137869,1.3171664963948315e-08,0.004109780686213149
3,10.0,10000,4,0.9007089744234048,10.071403313648199,Direct likelihood,reference,10.071403220150327,9.283499989380892e-09,0.0071403220150326515
3,10.0,10000,5,0.8999422466866358,9.994227585647414,Direct likelihood,reference,9.994227137518154,4.483880881058563e-08,0.0005772862481846275
3,10.0,10000,6,0.9005470272964997,10.055003241073438,Direct likelihood,reference,10.055002997687856,2.4205420532975645e-08,0.005500299768785588
3,10.0,10000,7,0.8981967132785774,9.82286500266368,Direct likelihood,reference,9.82286477965981,2.2702528186253023e-08,0.017713522034019036
3,10.0,10000,8,0.9022887252798405,10.234233218791594,Direct likelihood,reference,10.234233301813122,8.11213948868393e-09,0.023423330181312173
3,10.0,10000,9,0.9003478003602883,10.034901036179212,Direct likelihood,reference,10.034900665610888,3.692795007487676e-08,0.003490066561088767
3,10.0,10000,10,0.8999224950555074,9.99225508989745,Direct likelihood,reference,9.992255282471268,1.927230805184582e-08,0.0007744717528732181
3,10.0,10000,11,0.8999941056307408,9.999410185146994,Direct likelihood,reference,9.999410235772057,5.0628049370145914e-09,5.897642279428794e-05
3,10.0,10000,12,0.9000049542690608,10.0004950395885,Direct likelihood,reference,10.000495245188327,2.055896494396926e-08,4.952451883273312e-05
3,10.0,10000,13,0.9007599179005782,10.076573328081048,Direct likelihood,reference,10.076573218262697,1.089838263168079e-08,0.0076573218262696585
3,10.0,10000,14,0.8989877593049597,9.899789800254613,Direct likelihood,reference,9.899789633262193,1.686827935355341e-08,0.010021036673780691
3,10.0,10000,15,0.8999914831487925,9.99914797454639,Direct likelihood,reference,9.999148028660061,5.411828278121995e-09,8.519713399390838e-05
3,10.0,10000,16,0.8984214093303293,9.844593610043775,Direct likelihood,reference,9.84459375647192,1.4873965353639903e-08,0.015540624352808053
3,10.0,10000,17,0.9004914228876275,10.049384600688015,Direct likelihood,reference,10.049384510380614,8.986361280514465e-09,0.004938451038061409
3,10.0,10000,18,0.9007755290462924,10.078158692661484,Direct likelihood,reference,10.078158891252619,1.970510097173275e-08,0.007815889125261854
3,10.0,10000,19,0.9028775525886948,10.296280655873153,Direct likelihood,reference,10.296280705667286,4.8361282025381605e-09,0.02962807056672858
3,50.0,10000,0,0.9795197652780411,48.82756538565445,Banerjee,closed_form,49.301912119806154,0.009714732455021502,0.013961757603876919
3,50.0,10000,1,0.9800052074213235,50.01302194384607,Banerjee,closed_form,50.48797797450163,0.0094966473169495,0.009759559490032644
3,50.0,10000,2,0.9796666624203835,49.180317598349696,Banerjee,closed_form,49.654848714982116,0.00964880138651938,0.006903025700357688
3,50.0,10000,3,0.9799174637441803,49.794507389982265,Banerjee,closed_form,50.269353294779215,0.009536110099012259,0.0053870658955843
3,50.0,10000,4,0.9801418074877315,50.357050339913584,Banerjee,closed_form,50.832177811448986,0.009435172797617375,0.016643556228979717
3,50.0,10000,5,0.9799883389689045,49.970864409812336,Banerjee,closed_form,50.44579926926392,0.009504235419196146,0.008915985385278446
3,50.0,10000,6,0.9801093125801379,50.27478331399632,Banerjee,closed_form,50.74987000300379,0.009449800828384805,0.014997400060075848
3,50.0,10000,7,0.9796392661726715,49.11414335458695,Banerjee,closed_form,49.58864008439574,0.009661101617574613,0.008227198312085165
3,50.0,10000,8,0.9804577377631947,51.171148349274986,Banerjee,closed_form,51.6466723129252,0.009292813997537511,0.032933446258503946
3,50.0,10000,9,0.9800694952547726,50.17434394076057,Banerjee,closed_form,50.64938065691518,0.009467721525476598,0.012987613138303544
3,50.0,10000,10,0.9799845700854496,49.96145495096462,Banerjee,closed_form,50.43638508016778,0.009505930715374198,0.008727701603355627
3,50.0,10000,11,0.9799987701659734,49.99692560398326,Banerjee,closed_form,50.471873555397394,0.00949954313543427,0.009437471107947886
3,50.0,10000,12,0.9800010528165881,50.002632180030425,Banerjee,closed_form,50.47758299634467,0.009498516290187005,0.00955165992689345
3,50.0,10000,13,0.9801519334927689,50.382741292995725,Banerjee,closed_form,50.85788147305395,0.009430613894053447,0.017157629461079012
3,50.0,10000,14,0.9797974186936723,49.49862519235541,Banerjee,closed_form,49.97332042707924,0.009590069075234377,0.000533591458415259
3,50.0,10000,15,0.9799982756881718,49.9956895920538,Banerjee,closed_form,50.47063692286056,0.009499765573435424,0.009412738457211134
3,50.0,10000,16,0.9796843183489066,49.223059170459976,Banerjee,closed_form,49.697612448101395,0.00964087331504603,0.006047751037972091
3,50.0,10000,17,0.9800981645150677,50.24662176295755,Banerjee,closed_form,50.72169446059384,0.009454818671740339,0.014433889211876761
3,50.0,10000,18,0.9801551839687006,50.39099371960881,Banerjee,closed_form,50.866137979132745,0.0094291504185805,0.017322759582654897
3,50.0,10000,19,0.9805756648161522,51.48181343326207,Banerjee,closed_form,51.95748538863429,0.009239611498706298,0.03914970777268579
3,50.0,10000,0,0.9795197652780411,48.82756538565445,Sra two-step (SciPy),sra,48.82756495076564,8.906624931020821e-09,0.02344870098468718
3,50.0,10000,1,0.9800052074213235,50.01302194384607,Sra two-step (SciPy),sra,50.01302153705528,8.133697458924393e-09,0.0002604307411056084
3,50.0,10000,2,0.9796666624203835,49.180317598349696,Sra two-step (SciPy),sra,49.18031717208811,8.667320725938848e-09,0.01639365655823781
3,50.0,10000,3,0.9799174637441803,49.794507389982265,Sra two-step (SciPy),sra,49.79450697820297,8.269572659043596e-09,0.004109860435940646
3,50.0,10000,4,0.9801418074877315,50.357050339913584,Sra two-step (SciPy),sra,50.35704994083582,7.924963041762453e-09,0.007140998816716433
3,50.0,10000,5,0.9799883389689045,49.970864409812336,Sra two-step (SciPy),sra,49.97086400207241,8.159553175524564e-09,0.0005827199585517917
3,50.0,10000,6,0.9801093125801379,50.27478331399632,Sra two-step (SciPy),sra,50.274782913091656,7.974269430098135e-09,0.005495658261833114
3,50.0,10000,7,0.9796392661726715,49.11414335458695,Sra two-step (SciPy),sra,49.11414292671538,8.711779134518751e-09,0.01771714146569238
3,50.0,10000,8,0.9804577377631947,51.171148349274986,Sra two-step (SciPy),sra,51.171147967669185,7.457440637760218e-09,0.023422959353383704
3,50.0,10000,9,0.9800694952547726,50.17434394076057,Sra two-step (SciPy),sra,50.17434353761147,8.034965083621324e-09,0.0034868707522294072
3,50.0,10000,10,0.9799845700854496,49.96145495096462,Sra two-step (SciPy),sra,49.96145454300337,8.165519853974487e-09,0.0007709091399325985
3,50.0,10000,11,0.9799987701659734,49.99692560398326,Sra two-step (SciPy),sra,49.99692519684187,8.14332842621892e-09,6.149606316256495e-05
3,50.0,10000,12,0.9800010528165881,50.002632180030425,Sra two-step (SciPy),sra,50.00263177300654,8.14004913934931e-09,5.263546013082987e-05
3,50.0,10000,13,0.9801519334927689,50.382741292995725,Sra two-step (SciPy),sra,50.38274089448646,7.909638389484248e-09,0.007654817889729202
3,50.0,10000,14,0.9797974186936723,49.49862519235541,Sra two-step (SciPy),sra,49.498624773662634,8.458674894477018e-09,0.010027504526747322
3,50.0,10000,15,0.9799982756881718,49.9956895920538,Sra two-step (SciPy),sra,49.99568918486843,8.144409476342739e-09,8.621630263135672e-05
3,50.0,10000,16,0.9796843183489066,49.223059170459976,Sra two-step (SciPy),sra,49.223058745227014,8.638897478090394e-09,0.015538825095459714
3,50.0,10000,17,0.9800981645150677,50.24662176295755,Sra two-step (SciPy),sra,50.246621361421326,7.991307920861643e-09,0.0049324272284265195
3,50.0,10000,18,0.9801551839687006,50.39099371960881,Sra two-step (SciPy),sra,50.390993321283084,7.904700721340533e-09,0.007819866425661673
3,50.0,10000,19,0.9805756648161522,51.48181343326207,Sra two-step (SciPy),sra,51.48181305806415,7.28797017258621e-09,0.02963626116128296
3,50.0,10000,0,0.9795197652780411,48.82756538565445,Converged Newton (SciPy),converged,48.82756538566976,3.134518464598523e-13,0.023448692286604855
3,50.0,10000,1,0.9800052074213235,50.01302194384607,Converged Newton (SciPy),converged,50.01302194385573,1.9321730282939657e-13,0.00026043887711466593
3,50.0,10000,2,0.9796666624203835,49.180317598349696,Converged Newton (SciPy),converged,49.180317598358336,1.7568409658120528e-13,0.016393648032833285
3,50.0,10000,3,0.9799174637441803,49.794507389982265,Converged Newton (SciPy),converged,49.79450738996972,2.518566794515333e-13,0.00410985220060553
3,50.0,10000,4,0.9801418074877315,50.357050339913584,Converged Newton (SciPy),converged,50.3570503399119,3.3440923810755656e-14,0.00714100679823801
3,50.0,10000,5,0.9799883389689045,49.970864409812336,Converged Newton (SciPy),converged,49.97086440981304,1.4076948972377021e-14,0.0005827118037392153
3,50.0,10000,6,0.9801093125801379,50.27478331399632,Converged Newton (SciPy),converged,50.274783314006925,2.1086709715543082e-13,0.005495666280138494
3,50.0,10000,7,0.9796392661726715,49.11414335458695,Converged Newton (SciPy),converged,49.11414335458428,5.4396564899232076e-14,0.017717132908314427
3,50.0,10000,8,0.9804577377631947,51.171148349274986,Converged Newton (SciPy),converged,51.17114834927192,5.998584588198172e-14,0.023422966985438335
3,50.0,10000,9,0.9800694952547726,50.17434394076057,Converged Newton (SciPy),converged,50.174343940758305,4.517510641994377e-14,0.003486878815166108
3,50.0,10000,10,0.9799845700854496,49.96145495096462,Converged Newton (SciPy),converged,49.96145495097788,2.6537913001725903e-13,0.0007709009804423772
3,50.0,10000,11,0.9799987701659734,49.99692560398326,Converged Newton (SciPy),converged,49.99692560399245,1.838997676289755e-13,6.14879201509666e-05
3,50.0,10000,12,0.9800010528165881,50.002632180030425,Converged Newton (SciPy),converged,50.002632180033274,5.698252764253316e-14,5.2643600665476245e-05
3,50.0,10000,13,0.9801519334927689,50.382741292995725,Converged Newton (SciPy),converged,50.3827412929891,1.3143902311255876e-13,0.007654825859782051
3,50.0,10000,14,0.9797974186936723,49.49862519235541,Converged Newton (SciPy),converged,49.49862519236932,2.8092338493822863e-13,0.010027496152613651
3,50.0,10000,15,0.9799982756881718,49.9956895920538,Converged Newton (SciPy),converged,49.995689592053274,1.0516939135209845e-14,8.620815893451095e-05
3,50.0,10000,16,0.9796843183489066,49.223059170459976,Converged Newton (SciPy),converged,49.2230591704615,3.089124244108628e-14,0.015538816590770069
3,50.0,10000,17,0.9800981645150677,50.24662176295755,Converged Newton (SciPy),converged,50.24662176295888,2.6443865662048006e-14,0.004932435259177624
3,50.0,10000,18,0.9801551839687006,50.39099371960881,Converged Newton (SciPy),converged,50.390993719604204,9.137182238050917e-14,0.007819874392084075
3,50.0,10000,19,0.9805756648161522,51.48181343326207,Converged Newton (SciPy),converged,51.481813433262964,1.7390293529933993e-14,0.02963626866525928
3,50.0,10000,0,0.9795197652780411,48.82756538565445,Banerjee (Torch),closed_form,49.301912119806154,0.009714732455021502,0.013961757603876919
3,50.0,10000,1,0.9800052074213235,50.01302194384607,Banerjee (Torch),closed_form,50.48797797450163,0.0094966473169495,0.009759559490032644
3,50.0,10000,2,0.9796666624203835,49.180317598349696,Banerjee (Torch),closed_form,49.654848714982116,0.00964880138651938,0.006903025700357688
3,50.0,10000,3,0.9799174637441803,49.794507389982265,Banerjee (Torch),closed_form,50.269353294779215,0.009536110099012259,0.0053870658955843
3,50.0,10000,4,0.9801418074877315,50.357050339913584,Banerjee (Torch),closed_form,50.832177811448986,0.009435172797617375,0.016643556228979717
3,50.0,10000,5,0.9799883389689045,49.970864409812336,Banerjee (Torch),closed_form,50.44579926926392,0.009504235419196146,0.008915985385278446
3,50.0,10000,6,0.9801093125801379,50.27478331399632,Banerjee (Torch),closed_form,50.74987000300379,0.009449800828384805,0.014997400060075848
3,50.0,10000,7,0.9796392661726715,49.11414335458695,Banerjee (Torch),closed_form,49.58864008439574,0.009661101617574613,0.008227198312085165
3,50.0,10000,8,0.9804577377631947,51.171148349274986,Banerjee (Torch),closed_form,51.6466723129252,0.009292813997537511,0.032933446258503946
3,50.0,10000,9,0.9800694952547726,50.17434394076057,Banerjee (Torch),closed_form,50.64938065691518,0.009467721525476598,0.012987613138303544
3,50.0,10000,10,0.9799845700854496,49.96145495096462,Banerjee (Torch),closed_form,50.43638508016778,0.009505930715374198,0.008727701603355627
3,50.0,10000,11,0.9799987701659734,49.99692560398326,Banerjee (Torch),closed_form,50.471873555397394,0.00949954313543427,0.009437471107947886
3,50.0,10000,12,0.9800010528165881,50.002632180030425,Banerjee (Torch),closed_form,50.47758299634467,0.009498516290187005,0.00955165992689345
3,50.0,10000,13,0.9801519334927689,50.382741292995725,Banerjee (Torch),closed_form,50.85788147305395,0.009430613894053447,0.017157629461079012
3,50.0,10000,14,0.9797974186936723,49.49862519235541,Banerjee (Torch),closed_form,49.97332042707924,0.009590069075234377,0.000533591458415259
3,50.0,10000,15,0.9799982756881718,49.9956895920538,Banerjee (Torch),closed_form,50.47063692286056,0.009499765573435424,0.009412738457211134
3,50.0,10000,16,0.9796843183489066,49.223059170459976,Banerjee (Torch),closed_form,49.697612448101395,0.00964087331504603,0.006047751037972091
3,50.0,10000,17,0.9800981645150677,50.24662176295755,Banerjee (Torch),closed_form,50.72169446059384,0.009454818671740339,0.014433889211876761
3,50.0,10000,18,0.9801551839687006,50.39099371960881,Banerjee (Torch),closed_form,50.866137979132745,0.0094291504185805,0.017322759582654897
3,50.0,10000,19,0.9805756648161522,51.48181343326207,Banerjee (Torch),closed_form,51.95748538863429,0.009239611498706298,0.03914970777268579
3,50.0,10000,0,0.9795197652780411,48.82756538565445,Sra two-step (CUSF),sra,48.827564950749384,8.90695788265717e-09,0.023448700985012325
3,50.0,10000,1,0.9800052074213235,50.01302194384607,Sra two-step (CUSF),sra,50.01302153705528,8.133697458924393e-09,0.0002604307411056084
3,50.0,10000,2,0.9796666624203835,49.180317598349696,Sra two-step (CUSF),sra,49.180317172071355,8.66766140283008e-09,0.0163936565585729
3,50.0,10000,3,0.9799174637441803,49.794507389982265,Sra two-step (CUSF),sra,49.79450697820325,8.269566951243495e-09,0.0041098604359349625
3,50.0,10000,4,0.9801418074877315,50.357050339913584,Sra two-step (CUSF),sra,50.35704994083582,7.924963041762453e-09,0.007140998816716433
3,50.0,10000,5,0.9799883389689045,49.970864409812336,Sra two-step (CUSF),sra,49.970864002072524,8.159550900462104e-09,0.000582719958549518
3,50.0,10000,6,0.9801093125801379,50.27478331399632,Sra two-step (CUSF),sra,50.274782913091656,7.974269430098135e-09,0.005495658261833114
3,50.0,10000,7,0.9796392661726715,49.11414335458695,Sra two-step (CUSF),sra,49.114142926715914,8.711768284140115e-09,0.01771714146568172
3,50.0,10000,8,0.9804577377631947,51.171148349274986,Sra two-step (CUSF),sra,51.17114796766919,7.457440498904093e-09,0.023422959353383847
3,50.0,10000,9,0.9800694952547726,50.17434394076057,Sra two-step (CUSF),sra,50.17434353761119,8.034970606596717e-09,0.003486870752223865
3,50.0,10000,10,0.9799845700854496,49.96145495096462,Sra two-step (CUSF),sra,49.96145454300337,8.165519853974487e-09,0.0007709091399325985
3,50.0,10000,11,0.9799987701659734,49.99692560398326,Sra two-step (CUSF),sra,49.99692519684187,8.14332842621892e-09,6.149606316256495e-05
3,50.0,10000,12,0.9800010528165881,50.002632180030425,Sra two-step (CUSF),sra,50.00263177300654,8.14004913934931e-09,5.263546013082987e-05
3,50.0,10000,13,0.9801519334927689,50.382741292995725,Sra two-step (CUSF),sra,50.38274089448646,7.909638389484248e-09,0.007654817889729202
3,50.0,10000,14,0.9797974186936723,49.49862519235541,Sra two-step (CUSF),sra,49.49862477367961,8.458331958367352e-09,0.010027504526407825
3,50.0,10000,15,0.9799982756881718,49.9956895920538,Sra two-step (CUSF),sra,49.99568918486843,8.144409476342739e-09,8.621630263135672e-05
3,50.0,10000,16,0.9796843183489066,49.223059170459976,Sra two-step (CUSF),sra,49.22305874522717,8.638894302355188e-09,0.015538825095456588
3,50.0,10000,17,0.9800981645150677,50.24662176295755,Sra two-step (CUSF),sra,50.246621361421326,7.991307920861643e-09,0.0049324272284265195
3,50.0,10000,18,0.9801551839687006,50.39099371960881,Sra two-step (CUSF),sra,50.390993321283084,7.904700721340533e-09,0.007819866425661673
3,50.0,10000,19,0.9805756648161522,51.48181343326207,Sra two-step (CUSF),sra,51.48181305806384,7.287976107368922e-09,0.02963626116127685
3,50.0,10000,0,0.9795197652780411,48.82756538565445,Converged Newton (CUSF),converged,48.8275653856535,1.9499789891188584e-14,0.023448692286929997
3,50.0,10000,1,0.9800052074213235,50.01302194384607,Converged Newton (CUSF),converged,50.01302194383824,1.5656284391029047e-13,0.0002604388767647947
3,50.0,10000,2,0.9796666624203835,49.180317598349696,Converged Newton (CUSF),converged,49.18031759834158,1.6499279465109906e-13,0.016393648033168375
3,50.0,10000,3,0.9799174637441803,49.794507389982265,Converged Newton (CUSF),converged,49.794507389987345,1.0202692680331235e-13,0.004109852200253101
3,50.0,10000,4,0.9801418074877315,50.357050339913584,Converged Newton (CUSF),converged,50.3570503399119,3.3440923810755656e-14,0.00714100679823801
3,50.0,10000,5,0.9799883389689045,49.970864409812336,Converged Newton (CUSF),converged,49.97086440981315,1.6352011432559166e-14,0.0005827118037369417
3,50.0,10000,6,0.9801093125801379,50.27478331399632,Converged Newton (CUSF),converged,50.274783313989246,1.4076650721635998e-13,0.005495666279784928
3,50.0,10000,7,0.9796392661726715,49.11414335458695,Converged Newton (CUSF),converged,49.11414335458481,4.354618626241717e-14,0.01771713290830377
3,50.0,10000,8,0.9804577377631947,51.171148349274986,Converged Newton (CUSF),converged,51.171148349271924,5.984698975725492e-14,0.023422966985438477
3,50.0,10000,9,0.9800694952547726,50.17434394076057,Converged Newton (CUSF),converged,50.17434394075803,5.0698081812977645e-14,0.0034868788151605655
3,50.0,10000,10,0.9799845700854496,49.96145495096462,Converged Newton (CUSF),converged,49.96145495096042,8.405094632379426e-14,0.0007709009807915379
3,50.0,10000,11,0.9799987701659734,49.99692560398326,Converged Newton (CUSF),converged,49.99692560397497,1.6570875506598564e-13,6.148792050055363e-05
3,50.0,10000,12,0.9800010528165881,50.002632180030425,Converged Newton (CUSF),converged,50.002632180033274,5.698252764253316e-14,5.2643600665476245e-05
3,50.0,10000,13,0.9801519334927689,50.382741292995725,Converged Newton (CUSF),converged,50.3827412929891,1.3143902311255876e-13,0.007654825859782051
3,50.0,10000,14,0.9797974186936723,49.49862519235541,Converged Newton (CUSF),converged,49.498625192352286,6.31611085195813e-14,0.010027496152954285
3,50.0,10000,15,0.9799982756881718,49.9956895920538,Converged Newton (CUSF),converged,49.995689592053274,1.0516939135209845e-14,8.620815893451095e-05
3,50.0,10000,16,0.9796843183489066,49.223059170459976,Converged Newton (CUSF),converged,49.22305917046165,3.40669776453101e-14,0.015538816590766941
3,50.0,10000,17,0.9800981645150677,50.24662176295755,Converged Newton (CUSF),converged,50.24662176295888,2.6443865662048006e-14,0.004932435259177624
3,50.0,10000,18,0.9801551839687006,50.39099371960881,Converged Newton (CUSF),converged,50.390993719604204,9.137182238050917e-14,0.007819874392084075
3,50.0,10000,19,0.9805756648161522,51.48181343326207,Converged Newton (CUSF),converged,51.48181343326266,1.1455510817337471e-14,0.02963626866525317
3,50.0,10000,0,0.9795197652780411,48.82756538565445,SciPy Brent,reference,48.82756538565441,8.731249205009813e-16,0.023448692286911807
3,50.0,10000,1,0.9800052074213235,50.01302194384607,SciPy Brent,reference,50.013021943846105,7.103577309904286e-16,0.00026043887692210886
3,50.0,10000,2,0.9796666624203835,49.180317598349696,SciPy Brent,reference,49.180317598349816,2.456109902862245e-15,0.016393648033003673
3,50.0,10000,3,0.9799174637441803,49.794507389982265,SciPy Brent,reference,49.79450738998218,1.712340030265382e-15,0.004109852200356414
3,50.0,10000,4,0.9801418074877315,50.357050339913584,SciPy Brent,reference,50.357050339913464,2.3987160539360597e-15,0.007141006798269274
3,50.0,10000,5,0.9799883389689045,49.970864409812336,SciPy Brent,reference,49.97086440981233,1.4219140376138404e-16,0.0005827118037534262
3,50.0,10000,6,0.9801093125801379,50.27478331399632,SciPy Brent,reference,50.27478331399665,6.501264389510601e-15,0.0054956662799330045
3,50.0,10000,7,0.9796392661726715,49.11414335458695,SciPy Brent,reference,49.11414335458672,4.629494885041027e-15,0.01771713290826554
3,50.0,10000,8,0.9804577377631947,51.171148349274986,SciPy Brent,reference,51.17114834927508,1.805129621448524e-15,0.023422966985501573
3,50.0,10000,9,0.9800694952547726,50.17434394076057,SciPy Brent,reference,50.17434394076056,2.8322950733507064e-16,0.003486878815211156
3,50.0,10000,10,0.9799845700854496,49.96145495096462,SciPy Brent,reference,49.961454950964736,2.2754909326238713e-15,0.000770900980705278
3,50.0,10000,11,0.9799987701659734,49.99692560398326,SciPy Brent,reference,49.99692560398327,2.842345712967164e-16,6.148792033457084e-05
3,50.0,10000,12,0.9800010528165881,50.002632180030425,SciPy Brent,reference,50.00263218003043,1.4210106644023232e-16,5.2643600608632826e-05
3,50.0,10000,13,0.9801519334927689,50.382741292995725,SciPy Brent,reference,50.38274129299578,1.1282319580477146e-15,0.007654825859915632
3,50.0,10000,14,0.9797974186936723,49.49862519235541,SciPy Brent,reference,49.49862519235546,1.0048358173569751e-15,0.010027496152890763
3,50.0,10000,15,0.9799982756881718,49.9956895920538,SciPy Brent,reference,49.99568959205386,1.136966392995659e-15,8.620815892285805e-05
3,50.0,10000,16,0.9796843183489066,49.223059170459976,SciPy Brent,reference,49.2230591704601,2.4539772032638633e-15,0.015538816590798064
3,50.0,10000,17,0.9800981645150677,50.24662176295755,SciPy Brent,reference,50.246621762957645,1.8383436021744603e-15,0.004932435259152896
3,50.0,10000,18,0.9801551839687006,50.39099371960881,SciPy Brent,reference,50.3909937196087,2.115088481030305e-15,0.007819874392174029
3,50.0,10000,19,0.9805756648161522,51.48181343326207,SciPy Brent,reference,51.48181343326218,2.20829124189638e-15,0.02963626866524365
3,50.0,10000,0,0.9795197652780411,48.82756538565445,Direct likelihood,reference,48.82756304241151,4.79901654243991e-08,0.023448739151769756
3,50.0,10000,1,0.9800052074213235,50.01302194384607,Direct likelihood,reference,50.01302202098278,1.542332541458166e-09,0.00026044041965562315
3,50.0,10000,2,0.9796666624203835,49.180317598349696,Direct likelihood,reference,49.18031269675215,9.966583764686554e-08,0.01639374606495707
3,50.0,10000,3,0.9799174637441803,49.794507389982265,Direct likelihood,reference,49.79450745823775,1.3707433198977057e-09,0.004109850835244942
3,50.0,10000,4,0.9801418074877315,50.357050339913584,Direct likelihood,reference,50.357047894048044,4.8570468758870987e-08,0.007140957880960883
3,50.0,10000,5,0.9799883389689045,49.970864409812336,Direct likelihood,reference,49.970865892285175,2.9666743953838903e-08,0.0005826821542964922
3,50.0,10000,6,0.9801093125801379,50.27478331399632,Direct likelihood,reference,50.27478265139189,1.3179657705959103e-08,0.005495653027837761
3,50.0,10000,7,0.9796392661726715,49.11414335458695,Direct likelihood,reference,49.114142713095546,1.3061235729291932e-08,0.017717145738089073
3,50.0,10000,8,0.9804577377631947,51.171148349274986,Direct likelihood,reference,51.171149203778114,1.6698924205867945e-08,0.023422984075562283
3,50.0,10000,9,0.9800694952547726,50.17434394076057,Direct likelihood,reference,50.17434070991404,6.43924021123163e-08,0.0034868141982808253
3,50.0,10000,10,0.9799845700854496,49.96145495096462,Direct likelihood,reference,49.96145254862907,4.8083778904260774e-08,0.0007709490274186237
3,50.0,10000,11,0.9799987701659734,49.99692560398326,Direct likelihood,reference,49.99692496570935,1.2766263174364506e-08,6.150068581305845e-05
3,50.0,10000,12,0.9800010528165881,50.002632180030425,Direct likelihood,reference,50.0026297822468,4.795314807333591e-08,5.2595644935991006e-05
3,50.0,10000,13,0.9801519334927689,50.382741292995725,Direct likelihood,reference,50.382741416368404,2.4487091416159645e-09,0.0076548283273680795
3,50.0,10000,14,0.9797974186936723,49.49862519235541,Direct likelihood,reference,49.49862776562223,5.198663213743135e-08,0.010027444687555374
3,50.0,10000,15,0.9799982756881718,49.9956895920538,Direct likelihood,reference,49.99568801142415,3.1615318503949774e-08,8.623977151700046e-05
3,50.0,10000,16,0.9796843183489066,49.223059170459976,Direct likelihood,reference,49.223057275300995,3.850144653332208e-08,0.015538854493980096
3,50.0,10000,17,0.9800981645150677,50.24662176295755,Direct likelihood,reference,50.24661927220099,4.9570627380786485e-08,0.004932385444019758
3,50.0,10000,18,0.9801551839687006,50.39099371960881,Direct likelihood,reference,50.390993095064914,1.239395867860181e-08,0.007819861901298282
3,50.0,10000,19,0.9805756648161522,51.48181343326207,Direct likelihood,reference,51.48181459133952,2.2494884608178262e-08,0.029636291826790426
3,200.0,10000,0,0.9948799403522685,195.3102246461235,Banerjee,closed_form,195.80382128627767,0.0025272442395092875,0.02098089356861166
3,200.0,10000,1,0.9950012997786438,200.05200466466337,Banerjee,closed_form,200.5457531581848,0.0024681007038598163,0.0027287657909239728
3,200.0,10000,2,0.9949166714652387,196.72149717683922,Banerjee,closed_form,197.21513977791165,0.00250934752000526,0.013924301110441774
3,200.0,10000,3,0.9949793659716936,199.17803097417172,Banerjee,closed_form,199.6717520228618,0.0024787926975445383,0.0016412398856910215
3,200.0,10000,4,0.9950354526501812,201.42823293577905,Banerjee,closed_form,201.9220241630841,0.0024514499288810585,0.009610120815420516
3,200.0,10000,5,0.9949970804119679,199.88328463087427,Banerjee,closed_form,200.37702784489218,0.002470157596868142,0.0018851392244609144
3,200.0,10000,6,0.9950273243891754,201.098981365924,Banerjee,closed_form,201.59276242276906,0.0024554130184605808,0.00796381211384528
3,200.0,10000,7,0.9949098131550378,196.4564426529267,Banerjee,closed_form,196.95007667235583,0.0025126893919239428,0.01524961663822083
3,200.0,10000,8,0.9951144342099554,204.6845837257401,Banerjee,closed_form,205.1784737776034,0.00241293234142658,0.025892368888016933
3,200.0,10000,9,0.9950173712071073,200.6972707712882,Banerjee,closed_form,201.19103937422184,0.0024602656580035593,0.005955196871109223
3,200.0,10000,10,0.9949961456036573,199.84594290571394,Banerjee,closed_form,200.3396849500474,0.0024706132991971883,0.0016984247502369954
3,200.0,10000,11,0.9949996904753768,199.98761978147013,Banerjee,closed_form,200.48136626134388,0.0024688852260618664,0.0024068313067193967
3,200.0,10000,12,0.9950002656657401,200.01062719425906,Banerjee,closed_form,200.5043743938432,0.00246860482620549,0.002521871969215965
3,200.0,10000,13,0.9950379813211359,201.5308818283026,Banerjee,closed_form,202.02467621959656,0.0024502169931189806,0.010123381097982786
3,200.0,10000,14,0.9949493491977975,197.99428611535077,Banerjee,closed_form,198.48796960514196,0.002493422913747938,0.007560151974290222
3,200.0,10000,15,0.9949995679849327,199.98272089027594,Banerjee,closed_form,200.47646721688403,0.0024689449388929576,0.00238233608442016
3,200.0,10000,16,0.9949210807482993,196.89228169263572,Banerjee,closed_form,197.38592981093458,0.0025071989315939144,0.013070350945327078
3,200.0,10000,17,0.995024536297457,200.98629188851194,Banerjee,closed_form,201.48006945676156,0.002456772367955886,0.007400347283807776
3,200.0,10000,18,0.9950387993140846,201.56410984118077,Banerjee,closed_form,202.05790525598317,0.002449818150619594,0.010289526279915862
3,200.0,10000,19,0.9951439222641294,205.9275107178076,Banerjee,closed_form,206.4214376657767,0.0023985476551792663,0.032107188328883464
3,200.0,10000,0,0.9948799403522685,195.3102246461235,Sra two-step (SciPy),sra,195.31022463779397,4.2647649277712284e-11,0.023448876811030174
3,200.0,10000,1,0.9950012997786438,200.05200466466337,Sra two-step (SciPy),sra,200.05200465670438,3.978459575326989e-11,0.0002600232835219174
3,200.0,10000,2,0.9949166714652387,196.72149717683922,Sra two-step (SciPy),sra,196.72149716852235,4.22774044510562e-11,0.016392514157388263
3,200.0,10000,3,0.9949793659716936,199.17803097417172,Sra two-step (SciPy),sra,199.17803096641265,3.895545002193332e-11,0.004109845167936754
3,200.0,10000,4,0.9950354526501812,201.42823293577905,Sra two-step (SciPy),sra,201.42823292772405,3.9989412369213196e-11,0.007141164638620268
3,200.0,10000,5,0.9949970804119679,199.88328463087427,Sra two-step (SciPy),sra,199.8832846237808,3.548801907588392e-11,0.0005835768810959507
3,200.0,10000,6,0.9950273243891754,201.098981365924,Sra two-step (SciPy),sra,201.09898135902026,3.433009387014571e-11,0.005494906795101287
3,200.0,10000,7,0.9949098131550378,196.4564426529267,Sra two-step (SciPy),sra,196.45644264558658,3.736265268248218e-11,0.017717786772067114
3,200.0,10000,8,0.9951144342099554,204.6845837257401,Sra two-step (SciPy),sra,204.68458371975478,2.924171268789157e-11,0.02342291859877392
3,200.0,10000,9,0.9950173712071073,200.6972707712882,Sra two-step (SciPy),sra,200.69727076332768,3.9664330645511556e-11,0.003486353816638399
3,200.0,10000,10,0.9949961456036573,199.84594290571394,Sra two-step (SciPy),sra,199.84594289850628,3.6066082411403736e-11,0.0007702855074685999
3,200.0,10000,11,0.9949996904753768,199.98761978147013,Sra two-step (SciPy),sra,199.9876197734371,4.0167619860964004e-11,6.190113281448362e-05
3,200.0,10000,12,0.9950002656657401,200.01062719425906,Sra two-step (SciPy),sra,200.01062718680316,3.727749650695221e-11,5.313593401581329e-05
3,200.0,10000,13,0.9950379813211359,201.5308818283026,Sra two-step (SciPy),sra,201.53088182093947,3.653597369399498e-11,0.007654409104697351
3,200.0,10000,14,0.9949493491977975,197.99428611535077,Sra two-step (SciPy),sra,197.9942861075333,3.948334367289003e-11,0.010028569462333508
3,200.0,10000,15,0.9949995679849327,199.98272089027594,Sra two-step (SciPy),sra,199.98272088215958,4.058530209109529e-11,8.639558920208402e-05
3,200.0,10000,16,0.9949210807482993,196.89228169263572,Sra two-step (SciPy),sra,196.89228168519068,3.7812748674461435e-11,0.015538591574046592
3,200.0,10000,17,0.995024536297457,200.98629188851194,Sra two-step (SciPy),sra,200.98629188161635,3.4308757140021e-11,0.004931459408081765
3,200.0,10000,18,0.9950387993140846,201.56410984118077,Sra two-step (SciPy),sra,201.56410983391214,3.606110640866362e-11,0.007820549169560707
3,200.0,10000,19,0.9951439222641294,205.9275107178076,Sra two-step (SciPy),sra,205.9275107109617,3.3244126941658574e-11,0.02963755355480856
3,200.0,10000,0,0.9948799403522685,195.3102246461235,Converged Newton (SciPy),converged,195.31022463779397,4.2647649277712284e-11,0.023448876811030174
3,200.0,10000,1,0.9950012997786438,200.05200466466337,Converged Newton (SciPy),converged,200.05200465670438,3.978459575326989e-11,0.0002600232835219174
3,200.0,10000,2,0.9949166714652387,196.72149717683922,Converged Newton (SciPy),converged,196.72149716852235,4.22774044510562e-11,0.016392514157388263
3,200.0,10000,3,0.9949793659716936,199.17803097417172,Converged Newton (SciPy),converged,199.17803096641265,3.895545002193332e-11,0.004109845167936754
3,200.0,10000,4,0.9950354526501812,201.42823293577905,Converged Newton (SciPy),converged,201.42823292772405,3.9989412369213196e-11,0.007141164638620268
3,200.0,10000,5,0.9949970804119679,199.88328463087427,Converged Newton (SciPy),converged,199.8832846237808,3.548801907588392e-11,0.0005835768810959507
3,200.0,10000,6,0.9950273243891754,201.098981365924,Converged Newton (SciPy),converged,201.09898135902026,3.433009387014571e-11,0.005494906795101287
3,200.0,10000,7,0.9949098131550378,196.4564426529267,Converged Newton (SciPy),converged,196.45644264558658,3.736265268248218e-11,0.017717786772067114
3,200.0,10000,8,0.9951144342099554,204.6845837257401,Converged Newton (SciPy),converged,204.68458371975478,2.924171268789157e-11,0.02342291859877392
3,200.0,10000,9,0.9950173712071073,200.6972707712882,Converged Newton (SciPy),converged,200.69727076332768,3.9664330645511556e-11,0.003486353816638399
3,200.0,10000,10,0.9949961456036573,199.84594290571394,Converged Newton (SciPy),converged,199.84594289850628,3.6066082411403736e-11,0.0007702855074685999
3,200.0,10000,11,0.9949996904753768,199.98761978147013,Converged Newton (SciPy),converged,199.9876197734371,4.0167619860964004e-11,6.190113281448362e-05
3,200.0,10000,12,0.9950002656657401,200.01062719425906,Converged Newton (SciPy),converged,200.01062718680316,3.727749650695221e-11,5.313593401581329e-05
3,200.0,10000,13,0.9950379813211359,201.5308818283026,Converged Newton (SciPy),converged,201.53088182093947,3.653597369399498e-11,0.007654409104697351
3,200.0,10000,14,0.9949493491977975,197.99428611535077,Converged Newton (SciPy),converged,197.9942861075333,3.948334367289003e-11,0.010028569462333508
3,200.0,10000,15,0.9949995679849327,199.98272089027594,Converged Newton (SciPy),converged,199.98272088215958,4.058530209109529e-11,8.639558920208402e-05
3,200.0,10000,16,0.9949210807482993,196.89228169263572,Converged Newton (SciPy),converged,196.89228168519068,3.7812748674461435e-11,0.015538591574046592
3,200.0,10000,17,0.995024536297457,200.98629188851194,Converged Newton (SciPy),converged,200.98629188161635,3.4308757140021e-11,0.004931459408081765
3,200.0,10000,18,0.9950387993140846,201.56410984118077,Converged Newton (SciPy),converged,201.56410983391214,3.606110640866362e-11,0.007820549169560707
3,200.0,10000,19,0.9951439222641294,205.9275107178076,Converged Newton (SciPy),converged,205.9275107109617,3.3244126941658574e-11,0.02963755355480856
3,200.0,10000,0,0.9948799403522685,195.3102246461235,Banerjee (Torch),closed_form,195.80382128627767,0.0025272442395092875,0.02098089356861166
3,200.0,10000,1,0.9950012997786438,200.05200466466337,Banerjee (Torch),closed_form,200.5457531581848,0.0024681007038598163,0.0027287657909239728
3,200.0,10000,2,0.9949166714652387,196.72149717683922,Banerjee (Torch),closed_form,197.21513977791165,0.00250934752000526,0.013924301110441774
3,200.0,10000,3,0.9949793659716936,199.17803097417172,Banerjee (Torch),closed_form,199.6717520228618,0.0024787926975445383,0.0016412398856910215
3,200.0,10000,4,0.9950354526501812,201.42823293577905,Banerjee (Torch),closed_form,201.9220241630841,0.0024514499288810585,0.009610120815420516
3,200.0,10000,5,0.9949970804119679,199.88328463087427,Banerjee (Torch),closed_form,200.37702784489218,0.002470157596868142,0.0018851392244609144
3,200.0,10000,6,0.9950273243891754,201.098981365924,Banerjee (Torch),closed_form,201.59276242276906,0.0024554130184605808,0.00796381211384528
3,200.0,10000,7,0.9949098131550378,196.4564426529267,Banerjee (Torch),closed_form,196.95007667235583,0.0025126893919239428,0.01524961663822083
3,200.0,10000,8,0.9951144342099554,204.6845837257401,Banerjee (Torch),closed_form,205.1784737776034,0.00241293234142658,0.025892368888016933
3,200.0,10000,9,0.9950173712071073,200.6972707712882,Banerjee (Torch),closed_form,201.19103937422184,0.0024602656580035593,0.005955196871109223
3,200.0,10000,10,0.9949961456036573,199.84594290571394,Banerjee (Torch),closed_form,200.3396849500474,0.0024706132991971883,0.0016984247502369954
3,200.0,10000,11,0.9949996904753768,199.98761978147013,Banerjee (Torch),closed_form,200.48136626134388,0.0024688852260618664,0.0024068313067193967
3,200.0,10000,12,0.9950002656657401,200.01062719425906,Banerjee (Torch),closed_form,200.5043743938432,0.00246860482620549,0.002521871969215965
3,200.0,10000,13,0.9950379813211359,201.5308818283026,Banerjee (Torch),closed_form,202.02467621959656,0.0024502169931189806,0.010123381097982786
3,200.0,10000,14,0.9949493491977975,197.99428611535077,Banerjee (Torch),closed_form,198.48796960514196,0.002493422913747938,0.007560151974290222
3,200.0,10000,15,0.9949995679849327,199.98272089027594,Banerjee (Torch),closed_form,200.47646721688403,0.0024689449388929576,0.00238233608442016
3,200.0,10000,16,0.9949210807482993,196.89228169263572,Banerjee (Torch),closed_form,197.38592981093458,0.0025071989315939144,0.013070350945327078
3,200.0,10000,17,0.995024536297457,200.98629188851194,Banerjee (Torch),closed_form,201.48006945676156,0.002456772367955886,0.007400347283807776
3,200.0,10000,18,0.9950387993140846,201.56410984118077,Banerjee (Torch),closed_form,202.05790525598317,0.002449818150619594,0.010289526279915862
3,200.0,10000,19,0.9951439222641294,205.9275107178076,Banerjee (Torch),closed_form,206.4214376657767,0.0023985476551792663,0.032107188328883464
3,200.0,10000,0,0.9948799403522685,195.3102246461235,Sra two-step (CUSF),sra,195.31022463779397,4.2647649277712284e-11,0.023448876811030174
3,200.0,10000,1,0.9950012997786438,200.05200466466337,Sra two-step (CUSF),sra,200.05200465670438,3.978459575326989e-11,0.0002600232835219174
3,200.0,10000,2,0.9949166714652387,196.72149717683922,Sra two-step (CUSF),sra,196.72149716852235,4.22774044510562e-11,0.016392514157388263
3,200.0,10000,3,0.9949793659716936,199.17803097417172,Sra two-step (CUSF),sra,199.17803096641265,3.895545002193332e-11,0.004109845167936754
3,200.0,10000,4,0.9950354526501812,201.42823293577905,Sra two-step (CUSF),sra,201.42823292886993,3.430064648766502e-11,0.007141164644349658
3,200.0,10000,5,0.9949970804119679,199.88328463087427,Sra two-step (CUSF),sra,199.8832846237808,3.548801907588392e-11,0.0005835768810959507
3,200.0,10000,6,0.9950273243891754,201.098981365924,Sra two-step (CUSF),sra,201.09898135902026,3.433009387014571e-11,0.005494906795101287
3,200.0,10000,7,0.9949098131550378,196.4564426529267,Sra two-step (CUSF),sra,196.45644264558658,3.736265268248218e-11,0.017717786772067114
3,200.0,10000,8,0.9951144342099554,204.6845837257401,Sra two-step (CUSF),sra,204.68458371857616,3.499993759626413e-11,0.023422918592880818
3,200.0,10000,9,0.9950173712071073,200.6972707712882,Sra two-step (CUSF),sra,200.69727076446077,3.401857230755604e-11,0.0034863538223038402
3,200.0,10000,10,0.9949961456036573,199.84594290571394,Sra two-step (CUSF),sra,199.84594289850628,3.6066082411403736e-11,0.0007702855074685999
3,200.0,10000,11,0.9949996904753768,199.98761978147013,Sra two-step (CUSF),sra,199.9876197745666,3.4519734478319234e-11,6.190112716694785e-05
3,200.0,10000,12,0.9950002656657401,200.01062719425906,Sra two-step (CUSF),sra,200.01062718680316,3.727749650695221e-11,5.313593401581329e-05
3,200.0,10000,13,0.9950379813211359,201.5308818283026,Sra two-step (CUSF),sra,201.53088182093947,3.653597369399498e-11,0.007654409104697351
3,200.0,10000,14,0.9949493491977975,197.99428611535077,Sra two-step (CUSF),sra,197.9942861075333,3.948334367289003e-11,0.010028569462333508
3,200.0,10000,15,0.9949995679849327,199.98272089027594,Sra two-step (CUSF),sra,199.98272088328903,3.4937562596269047e-11,8.639558355483246e-05
3,200.0,10000,16,0.9949210807482993,196.89228169263572,Sra two-step (CUSF),sra,196.89228168519068,3.7812748674461435e-11,0.015538591574046592
3,200.0,10000,17,0.995024536297457,200.98629188851194,Sra two-step (CUSF),sra,200.98629188161635,3.4308757140021e-11,0.004931459408081765
3,200.0,10000,18,0.9950387993140846,201.56410984118077,Sra two-step (CUSF),sra,201.56410983391214,3.606110640866362e-11,0.007820549169560707
3,200.0,10000,19,0.9951439222641294,205.9275107178076,Sra two-step (CUSF),sra,205.9275107109617,3.3244126941658574e-11,0.02963755355480856
3,200.0,10000,0,0.9948799403522685,195.3102246461235,Converged Newton (CUSF),converged,195.31022463779397,4.2647649277712284e-11,0.023448876811030174
3,200.0,10000,1,0.9950012997786438,200.05200466466337,Converged Newton (CUSF),converged,200.05200465670438,3.978459575326989e-11,0.0002600232835219174
3,200.0,10000,2,0.9949166714652387,196.72149717683922,Converged Newton (CUSF),converged,196.72149716852235,4.22774044510562e-11,0.016392514157388263
3,200.0,10000,3,0.9949793659716936,199.17803097417172,Converged Newton (CUSF),converged,199.17803096641265,3.895545002193332e-11,0.004109845167936754
3,200.0,10000,4,0.9950354526501812,201.42823293577905,Converged Newton (CUSF),converged,201.42823292886993,3.430064648766502e-11,0.007141164644349658
3,200.0,10000,5,0.9949970804119679,199.88328463087427,Converged Newton (CUSF),converged,199.8832846237808,3.548801907588392e-11,0.0005835768810959507
3,200.0,10000,6,0.9950273243891754,201.098981365924,Converged Newton (CUSF),converged,201.09898135902026,3.433009387014571e-11,0.005494906795101287
3,200.0,10000,7,0.9949098131550378,196.4564426529267,Converged Newton (CUSF),converged,196.45644264558658,3.736265268248218e-11,0.017717786772067114
3,200.0,10000,8,0.9951144342099554,204.6845837257401,Converged Newton (CUSF),converged,204.68458371857616,3.499993759626413e-11,0.023422918592880818
3,200.0,10000,9,0.9950173712071073,200.6972707712882,Converged Newton (CUSF),converged,200.69727076446077,3.401857230755604e-11,0.0034863538223038402
3,200.0,10000,10,0.9949961456036573,199.84594290571394,Converged Newton (CUSF),converged,199.84594289850628,3.6066082411403736e-11,0.0007702855074685999
3,200.0,10000,11,0.9949996904753768,199.98761978147013,Converged Newton (CUSF),converged,199.9876197745666,3.4519734478319234e-11,6.190112716694785e-05
3,200.0,10000,12,0.9950002656657401,200.01062719425906,Converged Newton (CUSF),converged,200.01062718680316,3.727749650695221e-11,5.313593401581329e-05
3,200.0,10000,13,0.9950379813211359,201.5308818283026,Converged Newton (CUSF),converged,201.53088182093947,3.653597369399498e-11,0.007654409104697351
3,200.0,10000,14,0.9949493491977975,197.99428611535077,Converged Newton (CUSF),converged,197.9942861075333,3.948334367289003e-11,0.010028569462333508
3,200.0,10000,15,0.9949995679849327,199.98272089027594,Converged Newton (CUSF),converged,199.98272088328903,3.4937562596269047e-11,8.639558355483246e-05
3,200.0,10000,16,0.9949210807482993,196.89228169263572,Converged Newton (CUSF),converged,196.89228168519068,3.7812748674461435e-11,0.015538591574046592
3,200.0,10000,17,0.995024536297457,200.98629188851194,Converged Newton (CUSF),converged,200.98629188161635,3.4308757140021e-11,0.004931459408081765
3,200.0,10000,18,0.9950387993140846,201.56410984118077,Converged Newton (CUSF),converged,201.56410983391214,3.606110640866362e-11,0.007820549169560707
3,200.0,10000,19,0.9951439222641294,205.9275107178076,Converged Newton (CUSF),converged,205.9275107109617,3.3244126941658574e-11,0.02963755355480856
3,200.0,10000,0,0.9948799403522685,195.3102246461235,SciPy Brent,reference,195.31022464612437,4.511146274799043e-15,0.02344887676937816
3,200.0,10000,1,0.9950012997786438,200.05200466466337,SciPy Brent,reference,200.05200466466164,8.666367918485971e-15,0.0002600233233081894
3,200.0,10000,2,0.9949166714652387,196.72149717683922,SciPy Brent,reference,196.72149717683942,1.011338205879878e-15,0.016392514115802895
3,200.0,10000,3,0.9949793659716936,199.17803097417172,SciPy Brent,reference,199.1780309741707,5.137020054321275e-15,0.004109845129146521
3,200.0,10000,4,0.9950354526501812,201.42823293577905,SciPy Brent,reference,201.42823293577672,1.1570275622862573e-14,0.007141164678883598
3,200.0,10000,5,0.9949970804119679,199.88328463087427,SciPy Brent,reference,199.88328463087606,8.958066190587698e-15,0.0005835768456196888
3,200.0,10000,6,0.9950273243891754,201.098981365924,SciPy Brent,reference,201.09898136592435,1.6959832956301608e-15,0.005494906829621726
3,200.0,10000,7,0.9949098131550378,196.4564426529267,SciPy Brent,reference,196.4564426529279,6.0762160810671946e-15,0.017717786735360477
3,200.0,10000,8,0.9951144342099554,204.6845837257401,SciPy Brent,reference,204.68458372573966,2.2216981006043268e-15,0.023422918628698285
3,200.0,10000,9,0.9950173712071073,200.6972707712882,SciPy Brent,reference,200.69727077128871,2.54906689952089e-15,0.0034863538564435716
3,200.0,10000,10,0.9949961456036573,199.84594290571394,SciPy Brent,reference,199.84594290571283,5.546505731711123e-15,0.0007702854714358409
3,200.0,10000,11,0.9949996904753768,199.98761978147013,SciPy Brent,reference,199.98761978146993,9.94821410596447e-16,6.190109265034493e-05
3,200.0,10000,12,0.9950002656657401,200.01062719425906,SciPy Brent,reference,200.010627194261,9.662867760473412e-15,5.313597130495395e-05
3,200.0,10000,13,0.9950379813211359,201.5308818283026,SciPy Brent,reference,201.5308818283047,1.0436149927839627e-14,0.007654409141523501
3,200.0,10000,14,0.9949493491977975,197.99428611535077,SciPy Brent,reference,197.99428611534967,5.598377051850775e-15,0.010028569423251667
3,200.0,10000,15,0.9949995679849327,199.98272089027594,SciPy Brent,reference,199.98272089027574,9.948457803111228e-16,8.639554862128308e-05
3,200.0,10000,16,0.9949210807482993,196.89228169263572,SciPy Brent,reference,196.89228169263524,2.4539766422694663e-15,0.015538591536823815
3,200.0,10000,17,0.995024536297457,200.98629188851194,SciPy Brent,reference,200.98629188851336,7.070559181759935e-15,0.004931459442566819
3,200.0,10000,18,0.9950387993140846,201.56410984118077,SciPy Brent,reference,201.56410984118264,9.30638308518663e-15,0.00782054920591321
3,200.0,10000,19,0.9951439222641294,205.9275107178076,SciPy Brent,reference,205.92751071780674,4.140540911411052e-15,0.0296375535890337
3,200.0,10000,0,0.9948799403522685,195.3102246461235,Direct likelihood,reference,195.31020996408336,7.517292122223348e-08,0.02344895017958322
3,200.0,10000,1,0.9950012997786438,200.05200466466337,Direct likelihood,reference,200.0520134547745,4.393913049388318e-08,0.00026006727387255067
3,200.0,10000,2,0.9949166714652387,196.72149717683922,Direct likelihood,reference,196.72151168891597,7.376965381971733e-08,0.016392441555420162
3,200.0,10000,3,0.9949793659716936,199.17803097417172,Direct likelihood,reference,199.17804146674962,5.267939364873178e-08,0.004109792666251905
3,200.0,10000,4,0.9950354526501812,201.42823293577905,Direct likelihood,reference,201.42823326435732,1.6312423637353915e-09,0.007141166321786585
3,200.0,10000,5,0.9949970804119679,199.88328463087427,Direct likelihood,reference,199.88329339551623,4.3848798951446314e-08,0.0005835330224188339
3,200.0,10000,6,0.9950273243891754,201.098981365924,Direct likelihood,reference,201.09896400023982,8.635391422020296e-08,0.005494820001199088
3,200.0,10000,7,0.9949098131550378,196.4564426529267,Direct likelihood,reference,196.45643478279797,4.0060425784099116e-08,0.01771782608601015
3,200.0,10000,8,0.9951144342099554,204.6845837257401,Direct likelihood,reference,204.684590127548,3.1276453643624864e-08,0.02342295063774003
3,200.0,10000,9,0.9950173712071073,200.6972707712882,Direct likelihood,reference,200.6972828461238,6.016442357788912e-08,0.0034864142306190614
3,200.0,10000,10,0.9949961456036573,199.84594290571394,Direct likelihood,reference,199.84594601818844,1.5574369220995574e-08,0.000770269909057788
3,200.0,10000,11,0.9949996904753768,199.98761978147013,Direct likelihood,reference,199.987628974513,4.596805982786764e-08,6.185512743499544e-05
3,200.0,10000,12,0.9950002656657401,200.01062719425906,Direct likelihood,reference,200.0106275957219,2.0072075532626284e-09,5.313797860949876e-05
3,200.0,10000,13,0.9950379813211359,201.5308818283026,Direct likelihood,reference,201.53089233956658,5.2157088207759715e-08,0.0076544616978328865
3,200.0,10000,14,0.9949493491977975,197.99428611535077,Direct likelihood,reference,197.99432222763767,1.8239055076234314e-07,0.010028388861811663
3,200.0,10000,15,0.9949995679849327,199.98272089027594,Direct likelihood,reference,199.98273555159938,7.331295108027508e-08,8.632224200312066e-05
3,200.0,10000,16,0.9949210807482993,196.89228169263572,Direct likelihood,reference,196.89229636771515,7.453354342307604e-08,0.015538518161424264
3,200.0,10000,17,0.995024536297457,200.98629188851194,Direct likelihood,reference,200.98628247131475,4.6854922803220684e-08,0.004931412356573759
3,200.0,10000,18,0.9950387993140846,201.56410984118077,Direct likelihood,reference,201.56411308141242,1.6075439480611723e-08,0.007820565407062077
3,200.0,10000,19,0.9951439222641294,205.9275107178076,Direct likelihood,reference,205.92752615603354,7.496922528728672e-08,0.029637630780167682
3,1000.0,10000,0,0.99897598801967,976.5510748006702,Banerjee,closed_form,977.0497946545466,0.000510695105197872,0.022950205345453355
3,1000.0,10000,1,0.9990002598483193,1000.2599158580041,Banerjee,closed_form,1000.7586660578314,0.0004986206004261491,0.0007586660578314195
3,1000.0,10000,2,0.998983334593514,983.6077765804574,Banerjee,closed_form,984.1065056194352,0.000507040561138742,0.01589349438056479
3,1000.0,10000,3,0.998995873197469,995.8901579754335,Banerjee,closed_form,996.3889026908219,0.0005008029363422033,0.003611097309178149
3,1000.0,10000,4,0.9990070905723085,1007.1412075570739,Banerjee,closed_form,1007.6399662969716,0.0004952222549879021,0.007639966296971579
3,1000.0,10000,5,0.998999415858758,999.4161997797411,Banerjee,closed_form,999.9149489243388,0.0004990404845424898,8.50510756612266e-05
3,1000.0,10000,6,0.9990054646826564,1005.4947095000925,Banerjee,closed_form,1005.9934662072222,0.0004960311600024931,0.0059934662072222405
3,1000.0,10000,7,0.9989819624522499,982.2820407852752,Banerjee,closed_form,982.7807681087509,0.000507723141387161,0.01721923189124914
3,1000.0,10000,8,0.9990228868302622,1023.4229063439319,Banerjee,closed_form,1023.9216848330797,0.0004873630305281964,0.023921684833079666
3,1000.0,10000,9,0.9990034741060434,1003.486217532798,Banerjee,closed_form,1003.9849717512571,0.0004970214934145927,0.003984971751257149
3,1000.0,10000,10,0.9989992292824131,999.2298759612777,Banerjee,closed_form,999.7286248726356,0.0004991333059153055,0.00027137512736442204
3,1000.0,10000,11,0.9989999379875403,999.937991385583,Banerjee,closed_form,1000.4367411830149,0.0004987807261335812,0.00043674118301487397
3,1000.0,10000,12,0.9990000532603692,1000.0532632060432,Banerjee,closed_form,1000.5520131475819,0.000498723377932639,0.0005520131475818744
3,1000.0,10000,13,0.9990075961573787,1007.6543006510323,Banerjee,closed_form,1008.1530600230342,0.0004949707173181177,0.008153060023034186
3,1000.0,10000,14,0.9989898695543756,989.9711510842474,Banerjee,closed_form,990.4698882935542,0.000503789639486528,0.009530111706445837
3,1000.0,10000,15,0.9989999135475328,999.913555006197,Banerjee,closed_form,1000.4123047730332,0.0004987928849839643,0.00041230477303315637
3,1000.0,10000,16,0.9989842162072038,984.4614642326977,Banerjee,closed_form,984.9601943739283,0.0005066019944409746,0.015039805626071712
3,1000.0,10000,17,0.9990049070085448,1004.9312060148804,Banerjee,closed_form,1005.4299620247881,0.0004963086099052501,0.005429962024788097
3,1000.0,10000,18,0.9990077600364845,1007.8207256004997,Banerjee,closed_form,1008.319485177412,0.0004948891843984987,0.008319485177412048
3,1000.0,10000,19,0.9990287847656417,1029.6378852219498,Banerjee,closed_form,1030.136671084936,0.0004844284288148597,0.030136671084936097
3,1000.0,10000,0,0.99897598801967,976.5510748006702,Sra two-step (SciPy),sra,976.5510747884671,1.2496166842608947e-11,0.023448925211532922
3,1000.0,10000,1,0.9990002598483193,1000.2599158580041,Sra two-step (SciPy),sra,1000.259915916087,5.806785369647082e-11,0.0002599159160870386
3,1000.0,10000,2,0.998983334593514,983.6077765804574,Sra two-step (SciPy),sra,983.6077765733228,7.253546631869126e-12,0.01639222342667722
3,1000.0,10000,3,0.998995873197469,995.8901579754335,Sra two-step (SciPy),sra,995.8901578769121,9.892793280571403e-11,0.004109842123087901
3,1000.0,10000,4,0.9990070905723085,1007.1412075570739,Sra two-step (SciPy),sra,1007.1412075146841,4.2089274501925455e-11,0.007141207514684084
3,1000.0,10000,5,0.998999415858758,999.4161997797411,Sra two-step (SciPy),sra,999.4161997833636,3.6246334589732796e-12,0.0005838002166364049
3,1000.0,10000,6,0.9990054646826564,1005.4947095000925,Sra two-step (SciPy),sra,1005.4947094308292,6.88848625129191e-11,0.005494709430829176
3,1000.0,10000,7,0.9989819624522499,982.2820407852752,Sra two-step (SciPy),sra,982.2820407486005,3.7336213231230206e-11,0.01771795925139952
3,1000.0,10000,8,0.9990228868302622,1023.4229063439319,Sra two-step (SciPy),sra,1023.4229064203302,7.464972358580167e-11,0.02342290642033015
3,1000.0,10000,9,0.9990034741060434,1003.486217532798,Sra two-step (SciPy),sra,1003.4862175361667,3.356951624917662e-12,0.0034862175361666916
3,1000.0,10000,10,0.9989992292824131,999.2298759612777,Sra two-step (SciPy),sra,999.229875973081,1.1812405570256133e-11,0.0007701240269190066
3,1000.0,10000,11,0.9989999379875403,999.937991385583,Sra two-step (SciPy),sra,999.9379913885284,2.9455812431031655e-12,6.200861147158321e-05
3,1000.0,10000,12,0.9990000532603692,1000.0532632060432,Sra two-step (SciPy),sra,1000.0532631429281,6.311170541878922e-11,5.326314292813095e-05
3,1000.0,10000,13,0.9990075961573787,1007.6543006510323,Sra two-step (SciPy),sra,1007.6543006266334,2.421356278821101e-11,0.007654300626633357
3,1000.0,10000,14,0.9989898695543756,989.9711510842474,Sra two-step (SciPy),sra,989.9711511465632,6.29471357959527e-11,0.010028848853436785
3,1000.0,10000,15,0.9989999135475328,999.913555006197,Sra two-step (SciPy),sra,999.9135550288644,2.2669296099447526e-11,8.644497113562011e-05
3,1000.0,10000,16,0.9989842162072038,984.4614642326977,Sra two-step (SciPy),sra,984.4614641942866,3.9017418032980215e-11,0.015538535805713422
3,1000.0,10000,17,0.9990049070085448,1004.9312060148804,Sra two-step (SciPy),sra,1004.9312060235969,8.673711675767141e-12,0.004931206023596929
3,1000.0,10000,18,0.9990077600364845,1007.8207256004997,Sra two-step (SciPy),sra,1007.8207255580494,4.2120908080596045e-11,0.007820725558049389
3,1000.0,10000,19,0.9990287847656417,1029.6378852219498,Sra two-step (SciPy),sra,1029.637885190469,3.057462755756236e-11,0.029637885190468977
3,1000.0,10000,0,0.99897598801967,976.5510748006702,Converged Newton (SciPy),converged,976.5510747884671,1.2496166842608947e-11,0.023448925211532922
3,1000.0,10000,1,0.9990002598483193,1000.2599158580041,Converged Newton (SciPy),converged,1000.259915916087,5.806785369647082e-11,0.0002599159160870386
3,1000.0,10000,2,0.998983334593514,983.6077765804574,Converged Newton (SciPy),converged,983.6077765733228,7.253546631869126e-12,0.01639222342667722
3,1000.0,10000,3,0.998995873197469,995.8901579754335,Converged Newton (SciPy),converged,995.8901578769121,9.892793280571403e-11,0.004109842123087901
3,1000.0,10000,4,0.9990070905723085,1007.1412075570739,Converged Newton (SciPy),converged,1007.1412075146841,4.2089274501925455e-11,0.007141207514684084
3,1000.0,10000,5,0.998999415858758,999.4161997797411,Converged Newton (SciPy),converged,999.4161997833636,3.6246334589732796e-12,0.0005838002166364049
3,1000.0,10000,6,0.9990054646826564,1005.4947095000925,Converged Newton (SciPy),converged,1005.4947094308292,6.88848625129191e-11,0.005494709430829176
3,1000.0,10000,7,0.9989819624522499,982.2820407852752,Converged Newton (SciPy),converged,982.2820407486005,3.7336213231230206e-11,0.01771795925139952
3,1000.0,10000,8,0.9990228868302622,1023.4229063439319,Converged Newton (SciPy),converged,1023.4229064203302,7.464972358580167e-11,0.02342290642033015
3,1000.0,10000,9,0.9990034741060434,1003.486217532798,Converged Newton (SciPy),converged,1003.4862175361667,3.356951624917662e-12,0.0034862175361666916
3,1000.0,10000,10,0.9989992292824131,999.2298759612777,Converged Newton (SciPy),converged,999.229875973081,1.1812405570256133e-11,0.0007701240269190066
3,1000.0,10000,11,0.9989999379875403,999.937991385583,Converged Newton (SciPy),converged,999.9379913885284,2.9455812431031655e-12,6.200861147158321e-05
3,1000.0,10000,12,0.9990000532603692,1000.0532632060432,Converged Newton (SciPy),converged,1000.0532631429281,6.311170541878922e-11,5.326314292813095e-05
3,1000.0,10000,13,0.9990075961573787,1007.6543006510323,Converged Newton (SciPy),converged,1007.6543006266334,2.421356278821101e-11,0.007654300626633357
3,1000.0,10000,14,0.9989898695543756,989.9711510842474,Converged Newton (SciPy),converged,989.9711511465632,6.29471357959527e-11,0.010028848853436785
3,1000.0,10000,15,0.9989999135475328,999.913555006197,Converged Newton (SciPy),converged,999.9135550288644,2.2669296099447526e-11,8.644497113562011e-05
3,1000.0,10000,16,0.9989842162072038,984.4614642326977,Converged Newton (SciPy),converged,984.4614641942866,3.9017418032980215e-11,0.015538535805713422
3,1000.0,10000,17,0.9990049070085448,1004.9312060148804,Converged Newton (SciPy),converged,1004.9312060235969,8.673711675767141e-12,0.004931206023596929
3,1000.0,10000,18,0.9990077600364845,1007.8207256004997,Converged Newton (SciPy),converged,1007.8207255580494,4.2120908080596045e-11,0.007820725558049389
3,1000.0,10000,19,0.9990287847656417,1029.6378852219498,Converged Newton (SciPy),converged,1029.637885190469,3.057462755756236e-11,0.029637885190468977
3,1000.0,10000,0,0.99897598801967,976.5510748006702,Banerjee (Torch),closed_form,977.0497946545466,0.000510695105197872,0.022950205345453355
3,1000.0,10000,1,0.9990002598483193,1000.2599158580041,Banerjee (Torch),closed_form,1000.7586660578314,0.0004986206004261491,0.0007586660578314195
3,1000.0,10000,2,0.998983334593514,983.6077765804574,Banerjee (Torch),closed_form,984.1065056194352,0.000507040561138742,0.01589349438056479
3,1000.0,10000,3,0.998995873197469,995.8901579754335,Banerjee (Torch),closed_form,996.3889026908219,0.0005008029363422033,0.003611097309178149
3,1000.0,10000,4,0.9990070905723085,1007.1412075570739,Banerjee (Torch),closed_form,1007.6399662969716,0.0004952222549879021,0.007639966296971579
3,1000.0,10000,5,0.998999415858758,999.4161997797411,Banerjee (Torch),closed_form,999.9149489243388,0.0004990404845424898,8.50510756612266e-05
3,1000.0,10000,6,0.9990054646826564,1005.4947095000925,Banerjee (Torch),closed_form,1005.9934662072222,0.0004960311600024931,0.0059934662072222405
3,1000.0,10000,7,0.9989819624522499,982.2820407852752,Banerjee (Torch),closed_form,982.7807681087509,0.000507723141387161,0.01721923189124914
3,1000.0,10000,8,0.9990228868302622,1023.4229063439319,Banerjee (Torch),closed_form,1023.9216848330797,0.0004873630305281964,0.023921684833079666
3,1000.0,10000,9,0.9990034741060434,1003.486217532798,Banerjee (Torch),closed_form,1003.9849717512571,0.0004970214934145927,0.003984971751257149
3,1000.0,10000,10,0.9989992292824131,999.2298759612777,Banerjee (Torch),closed_form,999.7286248726356,0.0004991333059153055,0.00027137512736442204
3,1000.0,10000,11,0.9989999379875403,999.937991385583,Banerjee (Torch),closed_form,1000.4367411830149,0.0004987807261335812,0.00043674118301487397
3,1000.0,10000,12,0.9990000532603692,1000.0532632060432,Banerjee (Torch),closed_form,1000.5520131475819,0.000498723377932639,0.0005520131475818744
3,1000.0,10000,13,0.9990075961573787,1007.6543006510323,Banerjee (Torch),closed_form,1008.1530600230342,0.0004949707173181177,0.008153060023034186
3,1000.0,10000,14,0.9989898695543756,989.9711510842474,Banerjee (Torch),closed_form,990.4698882935542,0.000503789639486528,0.009530111706445837
3,1000.0,10000,15,0.9989999135475328,999.913555006197,Banerjee (Torch),closed_form,1000.4123047730332,0.0004987928849839643,0.00041230477303315637
3,1000.0,10000,16,0.9989842162072038,984.4614642326977,Banerjee (Torch),closed_form,984.9601943739283,0.0005066019944409746,0.015039805626071712
3,1000.0,10000,17,0.9990049070085448,1004.9312060148804,Banerjee (Torch),closed_form,1005.4299620247881,0.0004963086099052501,0.005429962024788097
3,1000.0,10000,18,0.9990077600364845,1007.8207256004997,Banerjee (Torch),closed_form,1008.319485177412,0.0004948891843984987,0.008319485177412048
3,1000.0,10000,19,0.9990287847656417,1029.6378852219498,Banerjee (Torch),closed_form,1030.136671084936,0.0004844284288148597,0.030136671084936097
3,1000.0,10000,0,0.99897598801967,976.5510748006702,Sra two-step (CUSF),sra,976.5510747884671,1.2496166842608947e-11,0.023448925211532922
3,1000.0,10000,1,0.9990002598483193,1000.2599158580041,Sra two-step (CUSF),sra,1000.2599158025088,5.548089997338567e-11,0.0002599158025087718
3,1000.0,10000,2,0.998983334593514,983.6077765804574,Sra two-step (CUSF),sra,983.6077765733228,7.253546631869126e-12,0.01639222342667722
3,1000.0,10000,3,0.998995873197469,995.8901579754335,Sra two-step (CUSF),sra,995.890157989388,1.4012078324489263e-11,0.004109842010612055
3,1000.0,10000,4,0.9990070905723085,1007.1412075570739,Sra two-step (CUSF),sra,1007.1412075146841,4.2089274501925455e-11,0.007141207514684084
3,1000.0,10000,5,0.998999415858758,999.4161997797411,Sra two-step (CUSF),sra,999.4161997833654,3.626453510923555e-12,0.0005838002166345859
3,1000.0,10000,6,0.9990054646826564,1005.4947095000925,Sra two-step (CUSF),sra,1005.4947095455997,4.525845378144467e-11,0.005494709545599676
3,1000.0,10000,7,0.9989819624522499,982.2820407852752,Sra two-step (CUSF),sra,982.2820407486005,3.7336213231230206e-11,0.01771795925139952
3,1000.0,10000,8,0.9990228868302622,1023.4229063439319,Sra two-step (CUSF),sra,1023.4229063014303,4.152887007423264e-11,0.023422906301430315
3,1000.0,10000,9,0.9990034741060434,1003.486217532798,Sra two-step (CUSF),sra,1003.4862175361667,3.356951624917662e-12,0.0034862175361666916
3,1000.0,10000,10,0.9989992292824131,999.2298759612777,Sra two-step (CUSF),sra,999.229875973081,1.1812405570256133e-11,0.0007701240269190066
3,1000.0,10000,11,0.9989999379875403,999.937991385583,Sra two-step (CUSF),sra,999.9379913885284,2.9455812431031655e-12,6.200861147158321e-05
3,1000.0,10000,12,0.9990000532603692,1000.0532632060432,Sra two-step (CUSF),sra,1000.0532632564581,5.041219781972195e-11,5.3263256458080834e-05
3,1000.0,10000,13,0.9990075961573787,1007.6543006510323,Sra two-step (CUSF),sra,1007.6543006266334,2.421356278821101e-11,0.007654300626633357
3,1000.0,10000,14,0.9989898695543756,989.9711510842474,Sra two-step (CUSF),sra,989.9711510353126,4.9430525264406826e-11,0.010028848964687427
3,1000.0,10000,15,0.9989999135475328,999.913555006197,Sra two-step (CUSF),sra,999.9135550288626,2.2667476952787857e-11,8.64449711374391e-05
3,1000.0,10000,16,0.9989842162072038,984.4614642326977,Sra two-step (CUSF),sra,984.4614641942866,3.9017418032980215e-11,0.015538535805713422
3,1000.0,10000,17,0.9990049070085448,1004.9312060148804,Sra two-step (CUSF),sra,1004.9312060235969,8.673711675767141e-12,0.004931206023596929
3,1000.0,10000,18,0.9990077600364845,1007.8207256004997,Sra two-step (CUSF),sra,1007.8207255580494,4.2120908080596045e-11,0.007820725558049389
3,1000.0,10000,19,0.9990287847656417,1029.6378852219498,Sra two-step (CUSF),sra,1029.6378851904656,3.0577939989224595e-11,0.029637885190465566
3,1000.0,10000,0,0.99897598801967,976.5510748006702,Converged Newton (CUSF),converged,976.5510747884671,1.2496166842608947e-11,0.023448925211532922
3,1000.0,10000,1,0.9990002598483193,1000.2599158580041,Converged Newton (CUSF),converged,1000.2599158025088,5.548089997338567e-11,0.0002599158025087718
3,1000.0,10000,2,0.998983334593514,983.6077765804574,Converged Newton (CUSF),converged,983.6077765733228,7.253546631869126e-12,0.01639222342667722
3,1000.0,10000,3,0.998995873197469,995.8901579754335,Converged Newton (CUSF),converged,995.890157989388,1.4012078324489263e-11,0.004109842010612055
3,1000.0,10000,4,0.9990070905723085,1007.1412075570739,Converged Newton (CUSF),converged,1007.1412075146841,4.2089274501925455e-11,0.007141207514684084
3,1000.0,10000,5,0.998999415858758,999.4161997797411,Converged Newton (CUSF),converged,999.4161997833654,3.626453510923555e-12,0.0005838002166345859
3,1000.0,10000,6,0.9990054646826564,1005.4947095000925,Converged Newton (CUSF),converged,1005.4947095455997,4.525845378144467e-11,0.005494709545599676
3,1000.0,10000,7,0.9989819624522499,982.2820407852752,Converged Newton (CUSF),converged,982.2820407486005,3.7336213231230206e-11,0.01771795925139952
3,1000.0,10000,8,0.9990228868302622,1023.4229063439319,Converged Newton (CUSF),converged,1023.4229063014303,4.152887007423264e-11,0.023422906301430315
3,1000.0,10000,9,0.9990034741060434,1003.486217532798,Converged Newton (CUSF),converged,1003.4862175361667,3.356951624917662e-12,0.0034862175361666916
3,1000.0,10000,10,0.9989992292824131,999.2298759612777,Converged Newton (CUSF),converged,999.229875973081,1.1812405570256133e-11,0.0007701240269190066
3,1000.0,10000,11,0.9989999379875403,999.937991385583,Converged Newton (CUSF),converged,999.9379913885284,2.9455812431031655e-12,6.200861147158321e-05
3,1000.0,10000,12,0.9990000532603692,1000.0532632060432,Converged Newton (CUSF),converged,1000.0532632564581,5.041219781972195e-11,5.3263256458080834e-05
3,1000.0,10000,13,0.9990075961573787,1007.6543006510323,Converged Newton (CUSF),converged,1007.6543006266334,2.421356278821101e-11,0.007654300626633357
3,1000.0,10000,14,0.9989898695543756,989.9711510842474,Converged Newton (CUSF),converged,989.9711510353126,4.9430525264406826e-11,0.010028848964687427
3,1000.0,10000,15,0.9989999135475328,999.913555006197,Converged Newton (CUSF),converged,999.9135550288626,2.2667476952787857e-11,8.64449711374391e-05
3,1000.0,10000,16,0.9989842162072038,984.4614642326977,Converged Newton (CUSF),converged,984.4614641942866,3.9017418032980215e-11,0.015538535805713422
3,1000.0,10000,17,0.9990049070085448,1004.9312060148804,Converged Newton (CUSF),converged,1004.9312060235969,8.673711675767141e-12,0.004931206023596929
3,1000.0,10000,18,0.9990077600364845,1007.8207256004997,Converged Newton (CUSF),converged,1007.8207255580494,4.2120908080596045e-11,0.007820725558049389
3,1000.0,10000,19,0.9990287847656417,1029.6378852219498,Converged Newton (CUSF),converged,1029.6378851904656,3.0577939989224595e-11,0.029637885190465566
3,1000.0,10000,0,0.99897598801967,976.5510748006702,SciPy Brent,reference,976.5510748006589,1.1641668383276456e-14,0.023448925199341147
3,1000.0,10000,1,0.9990002598483193,1000.2599158580041,SciPy Brent,reference,1000.2599158579704,3.3642559730820454e-14,0.00025991585797044084
3,1000.0,10000,2,0.998983334593514,983.6077765804574,SciPy Brent,reference,983.607776580511,5.443887476473315e-14,0.016392223419489028
3,1000.0,10000,3,0.998995873197469,995.8901579754335,SciPy Brent,reference,995.8901579754415,8.105076060440244e-15,0.004109842024558475
3,1000.0,10000,4,0.9990070905723085,1007.1412075570739,SciPy Brent,reference,1007.1412075570273,4.6281100521071794e-14,0.007141207557027315
3,1000.0,10000,5,0.998999415858758,999.4161997797411,SciPy Brent,reference,999.416199779792,5.0961454607708674e-14,0.0005838002202079906
3,1000.0,10000,6,0.9990054646826564,1005.4947095000925,SciPy Brent,reference,1005.4947095000767,1.5716114957145056e-14,0.005494709500076737
3,1000.0,10000,7,0.9989819624522499,982.2820407852752,SciPy Brent,reference,982.2820407852929,1.8055045239750004e-14,0.017717959214707094
3,1000.0,10000,8,0.9990228868302622,1023.4229063439319,SciPy Brent,reference,1023.4229063439565,2.3994339774545404e-14,0.02342290634395647
3,1000.0,10000,9,0.9990034741060434,1003.486217532798,SciPy Brent,reference,1003.4862175328361,3.795277899319688e-14,0.003486217532836122
3,1000.0,10000,10,0.9989992292824131,999.2298759612777,SciPy Brent,reference,999.2298759612232,5.449796546191776e-14,0.0007701240387767711
3,1000.0,10000,11,0.9989999379875403,999.937991385583,SciPy Brent,reference,999.9379913855968,1.3756960414369424e-14,6.200861440322569e-05
3,1000.0,10000,12,0.9990000532603692,1000.0532632060432,SciPy Brent,reference,1000.053263206092,4.87690557863064e-14,5.326320609196955e-05
3,1000.0,10000,13,0.9990075961573787,1007.6543006510323,SciPy Brent,reference,1007.6543006510634,3.091357176324962e-14,0.007654300651063408
3,1000.0,10000,14,0.9989898695543756,989.9711510842474,SciPy Brent,reference,989.9711510842885,4.157155004986879e-14,0.010028848915711479
3,1000.0,10000,15,0.9989999135475328,999.913555006197,SciPy Brent,reference,999.9135550061732,2.3876299908136963e-14,8.64449938268308e-05
3,1000.0,10000,16,0.9989842162072038,984.4614642326977,SciPy Brent,reference,984.4614642326704,2.7715499330848885e-14,0.015538535767329564
3,1000.0,10000,17,0.9990049070085448,1004.9312060148804,SciPy Brent,reference,1004.9312060149111,3.0544823368119996e-14,0.0049312060149111405
3,1000.0,10000,18,0.9990077600364845,1007.8207256004997,SciPy Brent,reference,1007.8207256005095,9.701197639325598e-15,0.00782072560050949
3,1000.0,10000,19,0.9990287847656417,1029.6378852219498,SciPy Brent,reference,1029.637885221989,3.820337850447288e-14,0.02963788522198911
3,1000.0,10000,0,0.99897598801967,976.5510748006702,Direct likelihood,reference,976.5511144912709,4.064365063906613e-08,0.02344888550872906
3,1000.0,10000,1,0.9990002598483193,1000.2599158580041,Direct likelihood,reference,1000.259943141754,2.7276660250366936e-08,0.00025994314175397905
3,1000.0,10000,2,0.998983334593514,983.6077765804574,Direct likelihood,reference,983.6079391702182,1.6529938520157012e-07,0.016392060829781827
3,1000.0,10000,3,0.998995873197469,995.8901579754335,Direct likelihood,reference,995.8905392021817,3.827999957412122e-07,0.0041094607978183146
3,1000.0,10000,4,0.9990070905723085,1007.1412075570739,Direct likelihood,reference,1007.1411635224815,4.372236194467335e-08,0.00714116352248152
3,1000.0,10000,5,0.998999415858758,999.4161997797411,Direct likelihood,reference,999.415873812448,3.2615770400476947e-07,0.0005841261875519876
3,1000.0,10000,6,0.9990054646826564,1005.4947095000925,Direct likelihood,reference,1005.4947529222597,4.318487884537612e-08,0.00549475292225975
3,1000.0,10000,7,0.9989819624522499,982.2820407852752,Direct likelihood,reference,982.2820603777982,1.9945924086778387e-08,0.017717939622201813
3,1000.0,10000,8,0.9990228868302622,1023.4229063439319,Direct likelihood,reference,1023.4226829504331,2.1828072971114175e-07,0.023422682950433114
3,1000.0,10000,9,0.9990034741060434,1003.486217532798,Direct likelihood,reference,1003.4865559808744,3.372722718695443e-07,0.003486555980874414
3,1000.0,10000,10,0.9989992292824131,999.2298759612777,Direct likelihood,reference,999.2296295789753,2.4657219358081243e-07,0.0007703704210247224
3,1000.0,10000,11,0.9989999379875403,999.937991385583,Direct likelihood,reference,999.9380144288489,2.30446948250449e-08,6.198557115112635e-05
3,1000.0,10000,12,0.9990000532603692,1000.0532632060432,Direct likelihood,reference,1000.0532660584261,2.8522309442742774e-09,5.326605842606114e-05
3,1000.0,10000,13,0.9990075961573787,1007.6543006510323,Direct likelihood,reference,1007.6542565398415,4.377611518514877e-08,0.007654256539841526
3,1000.0,10000,14,0.9989898695543756,989.9711510842474,Direct likelihood,reference,989.9712576829696,1.076786148140302e-07,0.010028742317030378
3,1000.0,10000,15,0.9989999135475328,999.913555006197,Direct likelihood,reference,999.9133735846552,1.8143722615066806e-07,8.662641534476733e-05
3,1000.0,10000,16,0.9989842162072038,984.4614642326977,Direct likelihood,reference,984.4615859506673,1.236391408029784e-07,0.015538414049332688
3,1000.0,10000,17,0.9990049070085448,1004.9312060148804,Direct likelihood,reference,1004.9312331871968,2.703898153394499e-08,0.004931233187196767
3,1000.0,10000,18,0.9990077600364845,1007.8207256004997,Direct likelihood,reference,1007.8206771024875,4.8121665889362335e-08,0.00782067710248748
3,1000.0,10000,19,0.9990287847656417,1029.6378852219498,Direct likelihood,reference,1029.6374692969855,4.039526616514363e-07,0.029637469296985502
16,1.0,10000,0,0.06085524384995246,0.9769018575089298,Banerjee,closed_form,0.9770770012517852,0.00017928489080985452,0.022922998748214796
16,1.0,10000,1,0.059885057482874204,0.9612270247473087,Banerjee,closed_form,0.961393928970012,0.00017363663152015983,0.03860607102998803
16,1.0,10000,2,0.06063668573291107,0.9733702902136102,Banerjee,closed_form,0.9735435546921948,0.00017800469186967228,0.02645644530780522
16,1.0,10000,3,0.0608032207793686,0.9760612209252769,Banerjee,closed_form,0.976235916124574,0.00017897975613817647,0.023764083875425945
16,1.0,10000,4,0.05903683802793839,0.9475267469234936,Banerjee,closed_form,0.9476866625527521,0.00016877162547418488,0.052313337447247865
16,1.0,10000,5,0.06381730224519339,1.024789392665192,Banerjee,closed_form,1.0249913595886835,0.0001970813953939673,0.02499135958868348
16,1.0,10000,6,0.06439246384620048,1.034093566540546,Banerjee,closed_form,1.034301040179263,0.0002006333328337624,0.03430104017926294
16,1.0,10000,7,0.06588619239716853,1.0582657130332607,Banerjee,closed_form,1.0584879530175497,0.00021000395416010916,0.05848795301754972
16,1.0,10000,8,0.062270043071265664,0.9997689852798738,Banerjee,closed_form,0.9999566234892836,0.00018768156661439707,4.3376510716397476e-05
16,1.0,10000,9,0.062326095784847546,1.0006751749422331,Banerjee,closed_form,1.000863320026209,0.0001880181388397693,0.0008633200262089247
16,1.0,10000,10,0.05860591380168202,0.9405679507209834,Banerjee,closed_form,0.9407243918207031,0.00016632620705369099,0.05927560817929689
16,1.0,10000,11,0.06169385042851435,0.9904548070009016,Banerjee,closed_form,0.9906372874369302,0.0001842390331581039,0.009362712563069753
16,1.0,10000,12,0.06975519354686678,1.1209354947170656,Banerjee,closed_form,1.121199199352684,0.00023525406846446948,0.12119919935268397
16,1.0,10000,13,0.06384353648212837,1.0252137341812313,Banerjee,closed_form,1.0254159501321338,0.00019724272525867512,0.025415950132133824
16,1.0,10000,14,0.06130672563859685,0.9841979145807483,Banerjee,closed_form,0.9843769832655365,0.0001819437758760135,0.015623016734463535
16,1.0,10000,15,0.06183469322929228,0.9927313725398809,Banerjee,closed_form,0.9929151048909942,0.00018507761132125554,0.007084895109005784
16,1.0,10000,16,0.063009109628767,1.0117186481169642,Banerjee,closed_form,1.0119130430151113,0.00019214323913956856,0.011913043015111313
16,1.0,10000,17,0.06285610790946729,1.0092445830098435,Banerjee,closed_form,1.009437566054065,0.00019121533815521954,0.009437566054065094
16,1.0,10000,18,0.06795289357821362,1.0917310152110429,Banerjee,closed_form,1.0919748165262773,0.00022331628563951054,0.09197481652627726
16,1.0,10000,19,0.06555036059591016,1.0528300413629477,Banerjee,closed_form,1.0530489024210798,0.00020787881190097163,0.05304890242107985
16,1.0,10000,0,0.06085524384995246,0.9769018575089298,Sra two-step (SciPy),sra,0.9769018575089276,2.2729469006358362e-15,0.02309814249107245
16,1.0,10000,1,0.059885057482874204,0.9612270247473087,Sra two-step (SciPy),sra,0.9612270247473046,4.273522368134584e-15,0.03877297525269541
16,1.0,10000,2,0.06063668573291107,0.9733702902136102,Sra two-step (SciPy),sra,0.9733702902136119,1.7108951790302436e-15,0.026629709786388123
16,1.0,10000,3,0.0608032207793686,0.9760612209252769,Sra two-step (SciPy),sra,0.9760612209252799,3.071121054933711e-15,0.023938779074720085
16,1.0,10000,4,0.05903683802793839,0.9475267469234936,Sra two-step (SciPy),sra,0.9475267469234906,3.1636069126499908e-15,0.05247325307650941
16,1.0,10000,5,0.06381730224519339,1.024789392665192,Sra two-step (SciPy),sra,1.024789392665191,1.083367014306984e-15,0.02478939266519098
16,1.0,10000,6,0.06439246384620048,1.034093566540546,Sra two-step (SciPy),sra,1.0340935665405473,1.28834340784766e-15,0.03409356654054729
16,1.0,10000,7,0.06588619239716853,1.0582657130332607,Sra two-step (SciPy),sra,1.05826571303326,6.294579958239257e-16,0.05826571303326
16,1.0,10000,8,0.062270043071265664,0.9997689852798738,Sra two-step (SciPy),sra,0.9997689852798709,2.8872468605508323e-15,0.00023101472012909685
16,1.0,10000,9,0.062326095784847546,1.0006751749422331,Sra two-step (SciPy),sra,1.0006751749422342,1.109473935624762e-15,0.0006751749422342357
16,1.0,10000,10,0.05860591380168202,0.9405679507209834,Sra two-step (SciPy),sra,0.9405679507209813,2.2427127621888867e-15,0.059432049279018684
16,1.0,10000,11,0.06169385042851435,0.9904548070009016,Sra two-step (SciPy),sra,0.9904548070009022,5.604612228532229e-16,0.00954519299909784
16,1.0,10000,12,0.06975519354686678,1.1209354947170656,Sra two-step (SciPy),sra,1.1209354947170689,2.9713298308179286e-15,0.12093549471706888
16,1.0,10000,13,0.06384353648212837,1.0252137341812313,Sra two-step (SciPy),sra,1.0252137341812297,1.5160860439667666e-15,0.02521373418122974
16,1.0,10000,14,0.06130672563859685,0.9841979145807483,Sra two-step (SciPy),sra,0.9841979145807476,7.896339808529923e-16,0.015802085419252432
16,1.0,10000,15,0.06183469322929228,0.9927313725398809,Sra two-step (SciPy),sra,0.9927313725398803,5.591759540069112e-16,0.007268627460119692
16,1.0,10000,16,0.063009109628767,1.0117186481169642,Sra two-step (SciPy),sra,1.0117186481169658,1.5363087725704608e-15,0.011718648116965769
16,1.0,10000,17,0.06285610790946729,1.0092445830098435,Sra two-step (SciPy),sra,1.0092445830098418,1.7600855821318043e-15,0.009244583009841767
16,1.0,10000,18,0.06795289357821362,1.0917310152110429,Sra two-step (SciPy),sra,1.091731015211041,1.6271011949375298e-15,0.0917310152110411
16,1.0,10000,19,0.06555036059591016,1.0528300413629477,Sra two-step (SciPy),sra,1.0528300413629463,1.2654156674950997e-15,0.052830041362946334
16,1.0,10000,0,0.06085524384995246,0.9769018575089298,Converged Newton (SciPy),converged,0.9769018571998123,3.164263707671524e-10,0.023098142800187738
16,1.0,10000,1,0.059885057482874204,0.9612270247473087,Converged Newton (SciPy),converged,0.9612270244710123,2.8744138800310026e-10,0.03877297552898773
16,1.0,10000,2,0.06063668573291107,0.9733702902136102,Converged Newton (SciPy),converged,0.9733702899121661,3.0969107537080064e-10,0.02662971008783388
16,1.0,10000,3,0.0608032207793686,0.9760612209252769,Converged Newton (SciPy),converged,0.9760612206180005,3.148126571755568e-10,0.02393877938199951
16,1.0,10000,4,0.05903683802793839,0.9475267469234936,Converged Newton (SciPy),converged,0.9475267466733976,2.63946051936214e-10,0.052473253326602354
16,1.0,10000,5,0.06381730224519339,1.024789392665192,Converged Newton (SciPy),converged,1.0247893922344151,4.2035658520104425e-10,0.02478939223441512
16,1.0,10000,6,0.06439246384620048,1.034093566540546,Converged Newton (SciPy),converged,1.0340935660819217,4.435036291955046e-10,0.03409356608192171
16,1.0,10000,7,0.06588619239716853,1.0582657130332607,Converged Newton (SciPy),converged,1.0582657124950066,5.086190559916192e-10,0.05826571249500656
16,1.0,10000,8,0.062270043071265664,0.9997689852798738,Converged Newton (SciPy),converged,0.9997689849169451,3.630125483454506e-10,0.00023101508305489737
16,1.0,10000,9,0.062326095784847546,1.0006751749422331,Converged Newton (SciPy),converged,1.0006751745770173,3.649694393361019e-10,0.0006751745770172679
16,1.0,10000,10,0.05860591380168202,0.9405679507209834,Converged Newton (SciPy),converged,0.9405679504833632,2.526348645222915e-10,0.05943204951663683
16,1.0,10000,11,0.06169385042851435,0.9904548070009016,Converged Newton (SciPy),converged,0.9904548066607812,3.4339817819399597e-10,0.009545193339218772
16,1.0,10000,12,0.06975519354686678,1.1209354947170656,Converged Newton (SciPy),converged,1.1209354939154625,7.151196567270649e-10,0.12093549391546254
16,1.0,10000,13,0.06384353648212837,1.0252137341812313,Converged Newton (SciPy),converged,1.0252137337492193,4.2138723598801954e-10,0.025213733749219314
16,1.0,10000,14,0.06130672563859685,0.9841979145807483,Converged Newton (SciPy),converged,0.984197914255259,3.307152934948311e-10,0.015802085744740957
16,1.0,10000,15,0.06183469322929228,0.9927313725398809,Converged Newton (SciPy),converged,0.9927313721943039,3.4810727353883726e-10,0.007268627805696148
16,1.0,10000,16,0.063009109628767,1.0117186481169642,Converged Newton (SciPy),converged,1.011718647722866,3.8953350348474005e-10,0.011718647722865905
16,1.0,10000,17,0.06285610790946729,1.0092445830098435,Converged Newton (SciPy),converged,1.00924458262238,3.839144873992422e-10,0.009244582622379927
16,1.0,10000,18,0.06795289357821362,1.0917310152110429,Converged Newton (SciPy),converged,1.0917310145432884,6.116474745543048e-10,0.09173101454328836
16,1.0,10000,19,0.06555036059591016,1.0528300413629477,Converged Newton (SciPy),converged,1.052830040843554,4.933309449800258e-10,0.05283004084355403
16,1.0,10000,0,0.06085524384995246,0.9769018575089298,Banerjee (Torch),closed_form,0.9770770012517852,0.00017928489080985452,0.022922998748214796
16,1.0,10000,1,0.059885057482874204,0.9612270247473087,Banerjee (Torch),closed_form,0.961393928970012,0.00017363663152015983,0.03860607102998803
16,1.0,10000,2,0.06063668573291107,0.9733702902136102,Banerjee (Torch),closed_form,0.9735435546921948,0.00017800469186967228,0.02645644530780522
16,1.0,10000,3,0.0608032207793686,0.9760612209252769,Banerjee (Torch),closed_form,0.976235916124574,0.00017897975613817647,0.023764083875425945
16,1.0,10000,4,0.05903683802793839,0.9475267469234936,Banerjee (Torch),closed_form,0.9476866625527521,0.00016877162547418488,0.052313337447247865
16,1.0,10000,5,0.06381730224519339,1.024789392665192,Banerjee (Torch),closed_form,1.0249913595886835,0.0001970813953939673,0.02499135958868348
16,1.0,10000,6,0.06439246384620048,1.034093566540546,Banerjee (Torch),closed_form,1.034301040179263,0.0002006333328337624,0.03430104017926294
16,1.0,10000,7,0.06588619239716853,1.0582657130332607,Banerjee (Torch),closed_form,1.0584879530175497,0.00021000395416010916,0.05848795301754972
16,1.0,10000,8,0.062270043071265664,0.9997689852798738,Banerjee (Torch),closed_form,0.9999566234892836,0.00018768156661439707,4.3376510716397476e-05
16,1.0,10000,9,0.062326095784847546,1.0006751749422331,Banerjee (Torch),closed_form,1.000863320026209,0.0001880181388397693,0.0008633200262089247
16,1.0,10000,10,0.05860591380168202,0.9405679507209834,Banerjee (Torch),closed_form,0.9407243918207031,0.00016632620705369099,0.05927560817929689
16,1.0,10000,11,0.06169385042851435,0.9904548070009016,Banerjee (Torch),closed_form,0.9906372874369302,0.0001842390331581039,0.009362712563069753
16,1.0,10000,12,0.06975519354686678,1.1209354947170656,Banerjee (Torch),closed_form,1.121199199352684,0.00023525406846446948,0.12119919935268397
16,1.0,10000,13,0.06384353648212837,1.0252137341812313,Banerjee (Torch),closed_form,1.0254159501321338,0.00019724272525867512,0.025415950132133824
16,1.0,10000,14,0.06130672563859685,0.9841979145807483,Banerjee (Torch),closed_form,0.9843769832655365,0.0001819437758760135,0.015623016734463535
16,1.0,10000,15,0.06183469322929228,0.9927313725398809,Banerjee (Torch),closed_form,0.9929151048909942,0.00018507761132125554,0.007084895109005784
16,1.0,10000,16,0.063009109628767,1.0117186481169642,Banerjee (Torch),closed_form,1.0119130430151113,0.00019214323913956856,0.011913043015111313
16,1.0,10000,17,0.06285610790946729,1.0092445830098435,Banerjee (Torch),closed_form,1.009437566054065,0.00019121533815521954,0.009437566054065094
16,1.0,10000,18,0.06795289357821362,1.0917310152110429,Banerjee (Torch),closed_form,1.0919748165262773,0.00022331628563951054,0.09197481652627726
16,1.0,10000,19,0.06555036059591016,1.0528300413629477,Banerjee (Torch),closed_form,1.0530489024210798,0.00020787881190097163,0.05304890242107985
16,1.0,10000,0,0.06085524384995246,0.9769018575089298,Sra two-step (CUSF),sra,0.9769018575089311,1.3637681403815016e-15,0.023098142491068896
16,1.0,10000,1,0.059885057482874204,0.9612270247473087,Sra two-step (CUSF),sra,0.9612270247473081,5.775030227208898e-16,0.038772975252691855
16,1.0,10000,2,0.06063668573291107,0.9733702902136102,Sra two-step (CUSF),sra,0.9733702902136101,1.1405967860201623e-16,0.0266297097863899
16,1.0,10000,3,0.0608032207793686,0.9760612209252769,Sra two-step (CUSF),sra,0.9760612209252764,5.687261212840206e-16,0.023938779074723637
16,1.0,10000,4,0.05903683802793839,0.9475267469234936,Sra two-step (CUSF),sra,0.9475267469234923,1.4060475167333293e-15,0.05247325307650774
16,1.0,10000,5,0.06381730224519339,1.024789392665192,Sra two-step (CUSF),sra,1.024789392665191,1.083367014306984e-15,0.02478939266519098
16,1.0,10000,6,0.06439246384620048,1.034093566540546,Sra two-step (CUSF),sra,1.0340935665405455,4.2944780261588663e-16,0.03409356654054552
16,1.0,10000,7,0.06588619239716853,1.0582657130332607,Sra two-step (CUSF),sra,1.05826571303326,6.294579958239257e-16,0.05826571303326
16,1.0,10000,8,0.062270043071265664,0.9997689852798738,Sra two-step (CUSF),sra,0.9997689852798727,1.1104795617503202e-15,0.0002310147201273205
16,1.0,10000,9,0.062326095784847546,1.0006751749422331,Sra two-step (CUSF),sra,1.000675174942236,2.884632232624381e-15,0.000675174942236012
16,1.0,10000,10,0.05860591380168202,0.9405679507209834,Sra two-step (CUSF),sra,0.9405679507209813,2.2427127621888867e-15,0.059432049279018684
16,1.0,10000,11,0.06169385042851435,0.9904548070009016,Sra two-step (CUSF),sra,0.9904548070009039,2.3539371359835367e-15,0.009545192999096064
16,1.0,10000,12,0.06975519354686678,1.1209354947170656,Sra two-step (CUSF),sra,1.1209354947170669,1.1885319323271715e-15,0.12093549471706688
16,1.0,10000,13,0.06384353648212837,1.0252137341812313,Sra two-step (CUSF),sra,1.0252137341812313,0.0,0.025213734181231295
16,1.0,10000,14,0.06130672563859685,0.9841979145807483,Sra two-step (CUSF),sra,0.984197914580751,2.707316505781688e-15,0.01580208541924899
16,1.0,10000,15,0.06183469322929228,0.9927313725398809,Sra two-step (CUSF),sra,0.9927313725398803,5.591759540069112e-16,0.007268627460119692
16,1.0,10000,16,0.063009109628767,1.0117186481169642,Sra two-step (CUSF),sra,1.0117186481169622,1.975254136162021e-15,0.011718648116962216
16,1.0,10000,17,0.06285610790946729,1.0092445830098435,Sra two-step (CUSF),sra,1.0092445830098435,0.0,0.009244583009843543
16,1.0,10000,18,0.06795289357821362,1.0917310152110429,Sra two-step (CUSF),sra,1.0917310152110449,1.830488844304721e-15,0.09173101521104488
16,1.0,10000,19,0.06555036059591016,1.0528300413629477,Sra two-step (CUSF),sra,1.0528300413629463,1.2654156674950997e-15,0.052830041362946334
16,1.0,10000,0,0.06085524384995246,0.9769018575089298,Converged Newton (CUSF),converged,0.976901857199814,3.1642455240963185e-10,0.02309814280018596
16,1.0,10000,1,0.059885057482874204,0.9612270247473087,Converged Newton (CUSF),converged,0.9612270244710123,2.8744138800310026e-10,0.03877297552898773
16,1.0,10000,2,0.06063668573291107,0.9733702902136102,Converged Newton (CUSF),converged,0.9733702899121643,3.0969290032565825e-10,0.026629710087835656
16,1.0,10000,3,0.0608032207793686,0.9760612209252769,Converged Newton (CUSF),converged,0.9760612206180023,3.1481083725196863e-10,0.023938779381997732
16,1.0,10000,4,0.05903683802793839,0.9475267469234936,Converged Newton (CUSF),converged,0.9475267466733993,2.6394429437681813e-10,0.05247325332660069
16,1.0,10000,5,0.06381730224519339,1.024789392665192,Converged Newton (CUSF),converged,1.0247893922344151,4.2035658520104425e-10,0.02478939223441512
16,1.0,10000,6,0.06439246384620048,1.034093566540546,Converged Newton (CUSF),converged,1.0340935660819217,4.435036291955046e-10,0.03409356608192171
16,1.0,10000,7,0.06588619239716853,1.0582657130332607,Converged Newton (CUSF),converged,1.0582657124950086,5.086171676176317e-10,0.05826571249500856
16,1.0,10000,8,0.062270043071265664,0.9997689852798738,Converged Newton (CUSF),converged,0.9997689849169469,3.6301077157815177e-10,0.00023101508305312102
16,1.0,10000,9,0.062326095784847546,1.0006751749422331,Converged Newton (CUSF),converged,1.0006751745770155,3.6497121449439895e-10,0.0006751745770154916
16,1.0,10000,10,0.05860591380168202,0.9405679507209834,Converged Newton (CUSF),converged,0.9405679504833632,2.526348645222915e-10,0.05943204951663683
16,1.0,10000,11,0.06169385042851435,0.9904548070009016,Converged Newton (CUSF),converged,0.990454806660783,3.4339638471808284e-10,0.009545193339216995
16,1.0,10000,12,0.06975519354686678,1.1209354947170656,Converged Newton (CUSF),converged,1.1209354939154645,7.151178739291665e-10,0.12093549391546454
16,1.0,10000,13,0.06384353648212837,1.0252137341812313,Converged Newton (CUSF),converged,1.0252137337492173,4.2138918524150465e-10,0.025213733749217315
16,1.0,10000,14,0.06130672563859685,0.9841979145807483,Converged Newton (CUSF),converged,0.9841979142552573,3.307170983725016e-10,0.015802085744742733
16,1.0,10000,15,0.06183469322929228,0.9927313725398809,Converged Newton (CUSF),converged,0.9927313721943021,3.481090629018901e-10,0.007268627805697925
16,1.0,10000,16,0.063009109628767,1.0117186481169642,Converged Newton (CUSF),converged,1.0117186477228677,3.895317477032857e-10,0.011718647722867681
16,1.0,10000,17,0.06285610790946729,1.0092445830098435,Converged Newton (CUSF),converged,1.00924458262238,3.839144873992422e-10,0.009244582622379927
16,1.0,10000,18,0.06795289357821362,1.0917310152110429,Converged Newton (CUSF),converged,1.0917310145432904,6.116456440654605e-10,0.09173101454329036
16,1.0,10000,19,0.06555036059591016,1.0528300413629477,Converged Newton (CUSF),converged,1.0528300408435596,4.933256724147446e-10,0.05283004084355958
16,1.0,10000,0,0.06085524384995246,0.9769018575089298,SciPy Brent,reference,0.9769018575089304,6.818840701907508e-16,0.023098142491069562
16,1.0,10000,1,0.059885057482874204,0.9612270247473087,SciPy Brent,reference,0.9612270247473071,1.6170084636184913e-15,0.038772975252692854
16,1.0,10000,2,0.06063668573291107,0.9733702902136102,SciPy Brent,reference,0.9733702902136122,2.0530742148362925e-15,0.02662970978638779
16,1.0,10000,3,0.0608032207793686,0.9760612209252769,SciPy Brent,reference,0.9760612209252811,4.322318521758556e-15,0.023938779074718863
16,1.0,10000,4,0.05903683802793839,0.9475267469234936,SciPy Brent,reference,0.947526746923489,4.803995682172208e-15,0.05247325307651096
16,1.0,10000,5,0.06381730224519339,1.024789392665192,SciPy Brent,reference,1.0247893926651945,2.3834074314753646e-15,0.024789392665194532
16,1.0,10000,6,0.06439246384620048,1.034093566540546,SciPy Brent,reference,1.0340935665405457,2.1472390130794332e-16,0.03409356654054574
16,1.0,10000,7,0.06588619239716853,1.0582657130332607,SciPy Brent,reference,1.0582657130332604,2.0981933194130856e-16,0.05826571303326045
16,1.0,10000,8,0.062270043071265664,0.9997689852798738,SciPy Brent,reference,0.9997689852798705,3.3314386852509605e-15,0.00023101472012954094
16,1.0,10000,9,0.062326095784847546,1.0006751749422331,SciPy Brent,reference,1.0006751749422307,2.4408426583744763e-15,0.000675174942230683
16,1.0,10000,10,0.05860591380168202,0.9405679507209834,SciPy Brent,reference,0.9405679507209843,9.443001103953206e-16,0.059432049279015686
16,1.0,10000,11,0.06169385042851435,0.9904548070009016,SciPy Brent,reference,0.9904548070009046,3.026490603407404e-15,0.009545192999095398
16,1.0,10000,12,0.06975519354686678,1.1209354947170656,SciPy Brent,reference,1.120935494717066,3.961773107757238e-16,0.120935494717066
16,1.0,10000,13,0.06384353648212837,1.0252137341812313,SciPy Brent,reference,1.0252137341812328,1.5160860439667666e-15,0.02521373418123285
16,1.0,10000,14,0.06130672563859685,0.9841979145807483,SciPy Brent,reference,0.9841979145807509,2.5945116513741173e-15,0.0158020854192491
16,1.0,10000,15,0.06183469322929228,0.9927313725398809,SciPy Brent,reference,0.9927313725398829,2.0130334344248802e-15,0.0072686274601171386
16,1.0,10000,16,0.063009109628767,1.0117186481169642,SciPy Brent,reference,1.0117186481169638,4.389453635915602e-16,0.01171864811696377
16,1.0,10000,17,0.06285610790946729,1.0092445830098435,SciPy Brent,reference,1.0092445830098462,2.640128373197706e-15,0.009244583009846208
16,1.0,10000,18,0.06795289357821362,1.0917310152110429,SciPy Brent,reference,1.0917310152110455,2.4406517924062948e-15,0.09173101521104554
16,1.0,10000,19,0.06555036059591016,1.0528300413629477,SciPy Brent,reference,1.0528300413629488,1.0545130562459164e-15,0.052830041362948776
16,1.0,10000,0,0.06085524384995246,0.9769018575089298,Direct likelihood,reference,0.9769017989806023,5.991218776786214e-08,0.023098201019397746
16,1.0,10000,1,0.059885057482874204,0.9612270247473087,Direct likelihood,reference,0.9612269965410347,2.9344029305209715e-08,0.03877300345896528
16,1.0,10000,2,0.06063668573291107,0.9733702902136102,Direct likelihood,reference,0.9733702320566717,5.974801067171003e-08,0.026629767943328275
16,1.0,10000,3,0.0608032207793686,0.9760612209252769,Direct likelihood,reference,0.9760611914080558,3.024115750013408e-08,0.023938808591944194
16,1.0,10000,4,0.05903683802793839,0.9475267469234936,Direct likelihood,reference,0.9475266918488935,5.812458622566458e-08,0.05247330815110651
16,1.0,10000,5,0.06381730224519339,1.024789392665192,Direct likelihood,reference,1.024789450488332,5.6424412904434234e-08,0.02478945048833192
16,1.0,10000,6,0.06439246384620048,1.034093566540546,Direct likelihood,reference,1.0340935009478551,6.343013142788087e-08,0.034093500947855127
16,1.0,10000,7,0.06588619239716853,1.0582657130332607,Direct likelihood,reference,1.0582656601813705,4.994198484062304e-08,0.05826566018137047
16,1.0,10000,8,0.062270043071265664,0.9997689852798738,Direct likelihood,reference,0.9997689982046403,1.292775298053085e-08,0.00023100179535973098
16,1.0,10000,9,0.062326095784847546,1.0006751749422331,Direct likelihood,reference,1.0006751897453705,1.4793149418753199e-08,0.000675189745370508
16,1.0,10000,10,0.05860591380168202,0.9405679507209834,Direct likelihood,reference,0.9405679104386322,4.282768852750784e-08,0.05943208956136781
16,1.0,10000,11,0.06169385042851435,0.9904548070009016,Direct likelihood,reference,0.9904547761527339,3.114545708587748e-08,0.009545223847266082
16,1.0,10000,12,0.06975519354686678,1.1209354947170656,Direct likelihood,reference,1.1209354182868496,6.818431238386763e-08,0.12093541828684962
16,1.0,10000,13,0.06384353648212837,1.0252137341812313,Direct likelihood,reference,1.025213650094229,8.201899706035302e-08,0.025213650094229045
16,1.0,10000,14,0.06130672563859685,0.9841979145807483,Direct likelihood,reference,0.9841979170638737,2.5229939377039898e-09,0.015802082936126283
16,1.0,10000,15,0.06183469322929228,0.9927313725398809,Direct likelihood,reference,0.9927313411306797,3.163917450147046e-08,0.007268658869320266
16,1.0,10000,16,0.063009109628767,1.0117186481169642,Direct likelihood,reference,1.0117186635092665,1.5214014637630413e-08,0.011718663509266536
16,1.0,10000,17,0.06285610790946729,1.0092445830098435,Direct likelihood,reference,1.0092445019365988,8.033062168384684e-08,0.009244501936598759
16,1.0,10000,18,0.06795289357821362,1.0917310152110429,Direct likelihood,reference,1.0917309424508344,6.664664419266662e-08,0.09173094245083435
16,1.0,10000,19,0.06555036059591016,1.0528300413629477,Direct likelihood,reference,1.0528299891230046,4.9618590832019266e-08,0.05282998912300463
16,10.0,10000,0,0.4861739708876615,9.953095627546107,Banerjee,closed_form,10.036038506298137,0.008333375047907536,0.0036038506298137207
16,10.0,10000,1,0.4858472674085368,9.942540994493847,Banerjee,closed_form,10.025327343253922,0.008326477990477723,0.0025327343253922054
16,10.0,10000,2,0.4864485097826523,9.961973622767546,Banerjee,closed_form,10.045048170822847,0.008339165631340182,0.004504817082284696
16,10.0,10000,3,0.48866494082354467,10.033938086057997,Banerjee,closed_form,10.11808006572572,0.008385738375706903,0.011808006572572083
16,10.0,10000,4,0.4861003021624749,9.950714679570957,Banerjee,closed_form,10.033622247254197,0.008331820412201216,0.0033622247254196935
16,10.0,10000,5,0.48267375096503723,9.84059112836013,Banerjee,closed_form,9.921865892163739,0.008259134308444053,0.007813410783626119
16,10.0,10000,6,0.48645579607685935,9.962209353106644,Banerjee,closed_form,10.045287397327394,0.00833931924898194,0.004528739732739417
16,10.0,10000,7,0.48489207066081114,9.91174566990144,Banerjee,closed_form,9.994075347325104,0.00830627420895901,0.0005924652674895725
16,10.0,10000,8,0.48558568172551425,9.934098104392413,Banerjee,closed_form,10.016759245779067,0.0083209507816421,0.0016759245779066844
16,10.0,10000,9,0.48706107766609025,9.981811180375196,Banerjee,closed_form,10.06517995279173,0.008352068668704344,0.00651799527917305
16,10.0,10000,10,0.4893108316722037,10.05500697582864,Banerjee,closed_form,10.139461498624101,0.008399250542389726,0.013946149862410096
16,10.0,10000,11,0.4886173877804137,10.032388661553092,Banerjee,closed_form,10.116507657000344,0.008384742486066086,0.011650765700034427
16,10.0,10000,12,0.48989298279751187,10.074034738163762,Banerjee,closed_form,10.158771534041344,0.008411405963945219,0.015877153404134425
16,10.0,10000,13,0.4889190593203781,10.042222115289254,Banerjee,closed_form,10.126486981705119,0.008391057820516785,0.012648698170511886
16,10.0,10000,14,0.488407924252206,10.025566547780285,Banerjee,closed_form,10.109584344593927,0.008380354009244891,0.010958434459392662
16,10.0,10000,15,0.4879597288628611,10.010984662259943,Banerjee,closed_form,10.094786157697355,0.008370954333126852,0.009478615769735476
16,10.0,10000,16,0.4875963125068075,9.9991766065833,Banerjee,closed_form,10.082802951969468,0.008363323169140752,0.008280295196946775
16,10.0,10000,17,0.4899842952160856,10.077022591111861,Banerjee,closed_form,10.161803711809622,0.008413310571769417,0.01618037118096218
16,10.0,10000,18,0.4876508043117011,10.000946256658814,Banerjee,closed_form,10.084598851101287,0.00836446795089769,0.008459885110128695
16,10.0,10000,19,0.49137900028156084,10.122770143860777,Banerjee,closed_form,10.208229943268323,0.008442333293458799,0.020822994326832323
16,10.0,10000,0,0.4861739708876615,9.953095627546107,Sra two-step (SciPy),sra,9.953095621615576,5.958478603132951e-10,0.004690437838442385
16,10.0,10000,1,0.4858472674085368,9.942540994493847,Sra two-step (SciPy),sra,9.942540988606858,5.921010210146261e-10,0.005745901139314213
16,10.0,10000,2,0.4864485097826523,9.961973622767546,Sra two-step (SciPy),sra,9.961973616800197,5.990127566428363e-10,0.0038026383199802893
16,10.0,10000,3,0.48866494082354467,10.033938086057997,Sra two-step (SciPy),sra,10.03393807978654,6.250245881308505e-10,0.003393807978653918
16,10.0,10000,4,0.4861003021624749,9.950714679570957,Sra two-step (SciPy),sra,9.950714673650257,5.950025264590343e-10,0.004928532634974303
16,10.0,10000,5,0.48267375096503723,9.84059112836013,Sra two-step (SciPy),sra,9.840591122882671,5.566188469099452e-10,0.0159408877117329
16,10.0,10000,6,0.48645579607685935,9.962209353106644,Sra two-step (SciPy),sra,9.962209347138323,5.990961178412883e-10,0.003779065286167693
16,10.0,10000,7,0.48489207066081114,9.91174566990144,Sra two-step (SciPy),sra,9.911745664140307,5.812431012775735e-10,0.0088254335859693
16,10.0,10000,8,0.48558568172551425,9.934098104392413,Sra two-step (SciPy),sra,9.93409809854012,5.891116446640279e-10,0.00659019014598794
16,10.0,10000,9,0.48706107766609025,9.981811180375196,Sra two-step (SciPy),sra,9.981811174325047,6.061173385317354e-10,0.0018188825674952725
16,10.0,10000,10,0.4893108316722037,10.05500697582864,Sra two-step (SciPy),sra,10.055006969466204,6.327629534967323e-10,0.005500696946620387
16,10.0,10000,11,0.4886173877804137,10.032388661553092,Sra two-step (SciPy),sra,10.032388655288294,6.2445731212412e-10,0.003238865528829393
16,10.0,10000,12,0.48989298279751187,10.074034738163762,Sra two-step (SciPy),sra,10.074034731718395,6.397999485193995e-10,0.007403473171839536
16,10.0,10000,13,0.4889190593203781,10.042222115289254,Sra two-step (SciPy),sra,10.042222108982122,6.280614510977543e-10,0.004222210898212175
16,10.0,10000,14,0.488407924252206,10.025566547780285,Sra two-step (SciPy),sra,10.025566541544746,6.219636843665382e-10,0.0025566541544746356
16,10.0,10000,15,0.4879597288628611,10.010984662259943,Sra two-step (SciPy),sra,10.010984656086602,6.166567183762892e-10,0.0010984656086602484
16,10.0,10000,16,0.4875963125068075,9.9991766065833,Sra two-step (SciPy),sra,9.999176600460022,6.123782112927473e-10,8.233995399784533e-05
16,10.0,10000,17,0.4899842952160856,10.077022591111861,Sra two-step (SciPy),sra,10.077022584653404,6.409092390152869e-10,0.007702258465340428
16,10.0,10000,18,0.4876508043117011,10.000946256658814,Sra two-step (SciPy),sra,10.000946250528054,6.130179827399177e-10,9.462505280541934e-05
16,10.0,10000,19,0.49137900028156084,10.122770143860777,Sra two-step (SciPy),sra,10.122770137199696,6.580294209336577e-10,0.01227701371996961
16,10.0,10000,0,0.4861739708876615,9.953095627546107,Converged Newton (SciPy),converged,9.953095627546109,1.784727994056462e-16,0.004690437245389134
16,10.0,10000,1,0.4858472674085368,9.942540994493847,Converged Newton (SciPy),converged,9.942540994493843,3.5732451903069696e-16,0.0057459005506157014
16,10.0,10000,2,0.4864485097826523,9.961973622767546,Converged Newton (SciPy),converged,9.961973622767548,1.7831374651911183e-16,0.0038026377232451836
16,10.0,10000,3,0.48866494082354467,10.033938086057997,Converged Newton (SciPy),converged,10.033938086057997,0.0,0.0033938086057997197
16,10.0,10000,4,0.4861003021624749,9.950714679570957,Converged Newton (SciPy),converged,9.950714679570948,8.92577516591422e-16,0.004928532042905154
16,10.0,10000,5,0.48267375096503723,9.84059112836013,Converged Newton (SciPy),converged,9.840591128360124,5.415396746687926e-16,0.01594088716398758
16,10.0,10000,6,0.48645579607685935,9.962209353106644,Converged Newton (SciPy),converged,9.962209353106642,1.783095271779554e-16,0.003779064689335776
16,10.0,10000,7,0.48489207066081114,9.91174566990144,Converged Newton (SciPy),converged,9.911745669901443,1.7921735469811687e-16,0.008825433009855744
16,10.0,10000,8,0.48558568172551425,9.934098104392413,Converged Newton (SciPy),converged,9.934098104392417,3.5762820554687795e-16,0.006590189560758297
16,10.0,10000,9,0.48706107766609025,9.981811180375196,Converged Newton (SciPy),converged,9.981811180375185,1.0677562261802756e-15,0.0018188819624814557
16,10.0,10000,10,0.4893108316722037,10.05500697582864,Converged Newton (SciPy),converged,10.05500697582864,0.0,0.005500697582863978
16,10.0,10000,11,0.4886173877804137,10.032388661553092,Converged Newton (SciPy),converged,10.032388661553096,3.5412440632563304e-16,0.003238866155309594
16,10.0,10000,12,0.48989298279751187,10.074034738163762,Converged Newton (SciPy),converged,10.074034738163757,5.289906831482799e-16,0.007403473816375694
16,10.0,10000,13,0.4889190593203781,10.042222115289254,Converged Newton (SciPy),converged,10.042222115289254,0.0,0.004222211528925435
16,10.0,10000,14,0.488407924252206,10.025566547780285,Converged Newton (SciPy),converged,10.0255665477803,1.594644200745135e-15,0.002556654778030065
16,10.0,10000,15,0.4879597288628611,10.010984662259943,Converged Newton (SciPy),converged,10.010984662259931,1.2420853987198808e-15,0.0010984662259930999
16,10.0,10000,16,0.4875963125068075,9.9991766065833,Converged Newton (SciPy),converged,9.999176606583292,7.106012461989021e-16,8.23393416707674e-05
16,10.0,10000,17,0.4899842952160856,10.077022591111861,Converged Newton (SciPy),converged,10.077022591111854,7.051117821119239e-16,0.007702259111185406
16,10.0,10000,18,0.4876508043117011,10.000946256658814,Converged Newton (SciPy),converged,10.000946256658816,1.776188766355503e-16,9.462566588158694e-05
16,10.0,10000,19,0.49137900028156084,10.122770143860777,Converged Newton (SciPy),converged,10.122770143860775,1.7548129752581306e-16,0.012277014386077489
16,10.0,10000,0,0.4861739708876615,9.953095627546107,Banerjee (Torch),closed_form,10.036038506298137,0.008333375047907536,0.0036038506298137207
16,10.0,10000,1,0.4858472674085368,9.942540994493847,Banerjee (Torch),closed_form,10.025327343253922,0.008326477990477723,0.0025327343253922054
16,10.0,10000,2,0.4864485097826523,9.961973622767546,Banerjee (Torch),closed_form,10.045048170822847,0.008339165631340182,0.004504817082284696
16,10.0,10000,3,0.48866494082354467,10.033938086057997,Banerjee (Torch),closed_form,10.11808006572572,0.008385738375706903,0.011808006572572083
16,10.0,10000,4,0.4861003021624749,9.950714679570957,Banerjee (Torch),closed_form,10.033622247254197,0.008331820412201216,0.0033622247254196935
16,10.0,10000,5,0.48267375096503723,9.84059112836013,Banerjee (Torch),closed_form,9.921865892163739,0.008259134308444053,0.007813410783626119
16,10.0,10000,6,0.48645579607685935,9.962209353106644,Banerjee (Torch),closed_form,10.045287397327394,0.00833931924898194,0.004528739732739417
16,10.0,10000,7,0.48489207066081114,9.91174566990144,Banerjee (Torch),closed_form,9.994075347325104,0.00830627420895901,0.0005924652674895725
16,10.0,10000,8,0.48558568172551425,9.934098104392413,Banerjee (Torch),closed_form,10.016759245779067,0.0083209507816421,0.0016759245779066844
16,10.0,10000,9,0.48706107766609025,9.981811180375196,Banerjee (Torch),closed_form,10.06517995279173,0.008352068668704344,0.00651799527917305
16,10.0,10000,10,0.4893108316722037,10.05500697582864,Banerjee (Torch),closed_form,10.139461498624101,0.008399250542389726,0.013946149862410096
16,10.0,10000,11,0.4886173877804137,10.032388661553092,Banerjee (Torch),closed_form,10.116507657000344,0.008384742486066086,0.011650765700034427
16,10.0,10000,12,0.48989298279751187,10.074034738163762,Banerjee (Torch),closed_form,10.158771534041344,0.008411405963945219,0.015877153404134425
16,10.0,10000,13,0.4889190593203781,10.042222115289254,Banerjee (Torch),closed_form,10.126486981705119,0.008391057820516785,0.012648698170511886
16,10.0,10000,14,0.488407924252206,10.025566547780285,Banerjee (Torch),closed_form,10.109584344593927,0.008380354009244891,0.010958434459392662
16,10.0,10000,15,0.4879597288628611,10.010984662259943,Banerjee (Torch),closed_form,10.094786157697355,0.008370954333126852,0.009478615769735476
16,10.0,10000,16,0.4875963125068075,9.9991766065833,Banerjee (Torch),closed_form,10.082802951969468,0.008363323169140752,0.008280295196946775
16,10.0,10000,17,0.4899842952160856,10.077022591111861,Banerjee (Torch),closed_form,10.161803711809622,0.008413310571769417,0.01618037118096218
16,10.0,10000,18,0.4876508043117011,10.000946256658814,Banerjee (Torch),closed_form,10.084598851101287,0.00836446795089769,0.008459885110128695
16,10.0,10000,19,0.49137900028156084,10.122770143860777,Banerjee (Torch),closed_form,10.208229943268323,0.008442333293458799,0.020822994326832323
16,10.0,10000,0,0.4861739708876615,9.953095627546107,Sra two-step (CUSF),sra,9.95309562161558,5.958475033676963e-10,0.00469043783844203
16,10.0,10000,1,0.4858472674085368,9.942540994493847,Sra two-step (CUSF),sra,9.9425409886069,5.920967331203977e-10,0.00574590113930995
16,10.0,10000,2,0.4864485097826523,9.961973622767546,Sra two-step (CUSF),sra,9.961973616800242,5.990082987991733e-10,0.0038026383199758484
16,10.0,10000,3,0.48866494082354467,10.033938086057997,Sra two-step (CUSF),sra,10.033938079786553,6.250231718519585e-10,0.0033938079786553386
16,10.0,10000,4,0.4861003021624749,9.950714679570957,Sra two-step (CUSF),sra,9.950714673650271,5.950010983350078e-10,0.004928532634972882
16,10.0,10000,5,0.48267375096503723,9.84059112836013,Sra two-step (CUSF),sra,9.840591122882675,5.566184858834953e-10,0.015940887711732542
16,10.0,10000,6,0.48645579607685935,9.962209353106644,Sra two-step (CUSF),sra,9.962209347138295,5.990989707937231e-10,0.0037790652861705355
16,10.0,10000,7,0.48489207066081114,9.91174566990144,Sra two-step (CUSF),sra,9.911745664140296,5.812441765817017e-10,0.008825433585970367
16,10.0,10000,8,0.48558568172551425,9.934098104392413,Sra two-step (CUSF),sra,9.93409809854012,5.891116446640279e-10,0.00659019014598794
16,10.0,10000,9,0.48706107766609025,9.981811180375196,Sra two-step (CUSF),sra,9.981811174325047,6.061173385317354e-10,0.0018188825674952725
16,10.0,10000,10,0.4893108316722037,10.05500697582864,Sra two-step (CUSF),sra,10.055006969466188,6.327645434719152e-10,0.005500696946618788
16,10.0,10000,11,0.4886173877804137,10.032388661553092,Sra two-step (CUSF),sra,10.032388655288312,6.244555415020885e-10,0.0032388655288311695
16,10.0,10000,12,0.48989298279751187,10.074034738163762,Sra two-step (CUSF),sra,10.07403473171841,6.397985378775778e-10,0.007403473171840957
16,10.0,10000,13,0.4889190593203781,10.042222115289254,Sra two-step (CUSF),sra,10.042222108982115,6.28062158653042e-10,0.004222210898211465
16,10.0,10000,14,0.488407924252206,10.025566547780285,Sra two-step (CUSF),sra,10.025566541544746,6.219636843665382e-10,0.0025566541544746356
16,10.0,10000,15,0.4879597288628611,10.010984662259943,Sra two-step (CUSF),sra,10.01098465608661,6.166560086132043e-10,0.001098465608660959
16,10.0,10000,16,0.4875963125068075,9.9991766065833,Sra two-step (CUSF),sra,9.999176600460011,6.123792771946166e-10,8.233995399891114e-05
16,10.0,10000,17,0.4899842952160856,10.077022591111861,Sra two-step (CUSF),sra,10.077022584653394,6.4091029668296e-10,0.0077022584653393626
16,10.0,10000,18,0.4876508043117011,10.000946256658814,Sra two-step (CUSF),sra,10.000946250528054,6.130179827399177e-10,9.462505280541934e-05
16,10.0,10000,19,0.49137900028156084,10.122770143860777,Sra two-step (CUSF),sra,10.122770137199696,6.580294209336577e-10,0.01227701371996961
16,10.0,10000,0,0.4861739708876615,9.953095627546107,Converged Newton (CUSF),converged,9.953095627546112,5.354183982169385e-16,0.004690437245388779
16,10.0,10000,1,0.4858472674085368,9.942540994493847,Converged Newton (CUSF),converged,9.942540994493843,3.5732451903069696e-16,0.0057459005506157014
16,10.0,10000,2,0.4864485097826523,9.961973622767546,Converged Newton (CUSF),converged,9.961973622767552,5.349412395573355e-16,0.0038026377232448284
16,10.0,10000,3,0.48866494082354467,10.033938086057997,Converged Newton (CUSF),converged,10.033938086058011,1.4162788920282225e-15,0.003393808605801141
16,10.0,10000,4,0.4861003021624749,9.950714679570957,Converged Newton (CUSF),converged,9.95071467957099,3.213279059729119e-15,0.004928532042901068
16,10.0,10000,5,0.48267375096503723,9.84059112836013,Converged Newton (CUSF),converged,9.840591128360128,1.8051322488959755e-16,0.015940887163987227
16,10.0,10000,6,0.48645579607685935,9.962209353106644,Converged Newton (CUSF),converged,9.962209353106669,2.4963333804913754e-15,0.0037790646893331114
16,10.0,10000,7,0.48489207066081114,9.91174566990144,Converged Newton (CUSF),converged,9.911745669901459,1.7921735469811688e-15,0.008825433009854144
16,10.0,10000,8,0.48558568172551425,9.934098104392413,Converged Newton (CUSF),converged,9.934098104392417,3.5762820554687795e-16,0.006590189560758297
16,10.0,10000,9,0.48706107766609025,9.981811180375196,Converged Newton (CUSF),converged,9.981811180375185,1.0677562261802756e-15,0.0018188819624814557
16,10.0,10000,10,0.4893108316722037,10.05500697582864,Converged Newton (CUSF),converged,10.055006975828666,2.6499586380254993e-15,0.005500697582866643
16,10.0,10000,11,0.4886173877804137,10.032388661553092,Converged Newton (CUSF),converged,10.032388661553087,5.311866094884495e-16,0.003238866155308706
16,10.0,10000,12,0.48989298279751187,10.074034738163762,Converged Newton (CUSF),converged,10.074034738163771,8.816511385804664e-16,0.007403473816377115
16,10.0,10000,13,0.4889190593203781,10.042222115289254,Converged Newton (CUSF),converged,10.042222115289247,7.075552876671598e-16,0.004222211528924724
16,10.0,10000,14,0.488407924252206,10.025566547780285,Converged Newton (CUSF),converged,10.025566547780285,0.0,0.0025566547780284665
16,10.0,10000,15,0.4879597288628611,10.010984662259943,Converged Newton (CUSF),converged,10.010984662259968,2.4841707974397615e-15,0.0010984662259968304
16,10.0,10000,16,0.4875963125068075,9.9991766065833,Converged Newton (CUSF),converged,9.999176606583282,1.776503115497255e-15,8.233934167183321e-05
16,10.0,10000,17,0.4899842952160856,10.077022591111861,Converged Newton (CUSF),converged,10.077022591111858,3.5255589105596196e-16,0.007702259111185761
16,10.0,10000,18,0.4876508043117011,10.000946256658814,Converged Newton (CUSF),converged,10.000946256658816,1.776188766355503e-16,9.462566588158694e-05
16,10.0,10000,19,0.49137900028156084,10.122770143860777,Converged Newton (CUSF),converged,10.122770143860775,1.7548129752581306e-16,0.012277014386077489
16,10.0,10000,0,0.4861739708876615,9.953095627546107,SciPy Brent,reference,9.953095627546109,1.784727994056462e-16,0.004690437245389134
16,10.0,10000,1,0.4858472674085368,9.942540994493847,SciPy Brent,reference,9.942540994493845,1.7866225951534848e-16,0.005745900550615524
16,10.0,10000,2,0.4864485097826523,9.961973622767546,SciPy Brent,reference,9.961973622767546,0.0,0.0038026377232453614
16,10.0,10000,3,0.48866494082354467,10.033938086057997,SciPy Brent,reference,10.033938086058,3.5406972300705563e-16,0.003393808605800075
16,10.0,10000,4,0.4861003021624749,9.950714679570957,SciPy Brent,reference,9.95071467957096,1.785155033182844e-16,0.004928532042904088
16,10.0,10000,5,0.48267375096503723,9.84059112836013,SciPy Brent,reference,9.840591128360128,1.8051322488959755e-16,0.015940887163987227
16,10.0,10000,6,0.48645579607685935,9.962209353106644,SciPy Brent,reference,9.962209353106642,1.783095271779554e-16,0.003779064689335776
16,10.0,10000,7,0.48489207066081114,9.91174566990144,SciPy Brent,reference,9.91174566990144,0.0,0.00882543300985592
16,10.0,10000,8,0.48558568172551425,9.934098104392413,SciPy Brent,reference,9.934098104392413,0.0,0.006590189560758653
16,10.0,10000,9,0.48706107766609025,9.981811180375196,SciPy Brent,reference,9.981811180375196,0.0,0.0018188819624803897
16,10.0,10000,10,0.4893108316722037,10.05500697582864,SciPy Brent,reference,10.055006975828638,1.7666390920169996e-16,0.0055006975828638
16,10.0,10000,11,0.4886173877804137,10.032388661553092,SciPy Brent,reference,10.032388661553092,0.0,0.003238866155309239
16,10.0,10000,12,0.48989298279751187,10.074034738163762,SciPy Brent,reference,10.074034738163762,0.0,0.007403473816376227
16,10.0,10000,13,0.4889190593203781,10.042222115289254,SciPy Brent,reference,10.042222115289256,1.7688882191678995e-16,0.0042222115289256125
16,10.0,10000,14,0.488407924252206,10.025566547780285,SciPy Brent,reference,10.025566547780286,1.7718268897168166e-16,0.0025566547780286443
16,10.0,10000,15,0.4879597288628611,10.010984662259943,SciPy Brent,reference,10.010984662259942,1.7744077124569727e-16,0.0010984662259941659
16,10.0,10000,16,0.4875963125068075,9.9991766065833,SciPy Brent,reference,9.999176606583301,1.7765031154972554e-16,8.233934166987922e-05
16,10.0,10000,17,0.4899842952160856,10.077022591111861,SciPy Brent,reference,10.077022591111861,0.0,0.007702259111186116
16,10.0,10000,18,0.4876508043117011,10.000946256658814,SciPy Brent,reference,10.000946256658816,1.776188766355503e-16,9.462566588158694e-05
16,10.0,10000,19,0.49137900028156084,10.122770143860777,SciPy Brent,reference,10.122770143860775,1.7548129752581306e-16,0.012277014386077489
16,10.0,10000,0,0.4861739708876615,9.953095627546107,Direct likelihood,reference,9.953096066288952,4.40810438420196e-08,0.00469039337110484
16,10.0,10000,1,0.4858472674085368,9.942540994493847,Direct likelihood,reference,9.942540843676182,1.516892555119295e-08,0.00574591563238176
16,10.0,10000,2,0.4864485097826523,9.961973622767546,Direct likelihood,reference,9.961973618832836,3.9497297265842606e-10,0.003802638116716395
16,10.0,10000,3,0.48866494082354467,10.033938086057997,Direct likelihood,reference,10.033937932980523,1.5255971577567466e-08,0.0033937932980522946
16,10.0,10000,4,0.4861003021624749,9.950714679570957,Direct likelihood,reference,9.950714494113464,1.86376053268883e-08,0.004928550588653558
16,10.0,10000,5,0.48267375096503723,9.84059112836013,Direct likelihood,reference,9.84059127974906,1.5384129658661994e-08,0.015940872025094067
16,10.0,10000,6,0.48645579607685935,9.962209353106644,Direct likelihood,reference,9.96220935033763,2.779517439174317e-10,0.0037790649662369446
16,10.0,10000,7,0.48489207066081114,9.91174566990144,Direct likelihood,reference,9.911745665177415,4.76608840910625e-10,0.008825433482258482
16,10.0,10000,8,0.48558568172551425,9.934098104392413,Direct likelihood,reference,9.934098246829441,1.4338194168131778e-08,0.006590175317055902
16,10.0,10000,9,0.48706107766609025,9.981811180375196,Direct likelihood,reference,9.98181117624227,4.1404578937900687e-10,0.0018188823757730789
16,10.0,10000,10,0.4893108316722037,10.05500697582864,Direct likelihood,reference,10.055006802936571,1.719462443708741e-08,0.005500680293657112
16,10.0,10000,11,0.4886173877804137,10.032388661553092,Direct likelihood,reference,10.03238865862987,2.9137851926641943e-10,0.0032388658629869836
16,10.0,10000,12,0.48989298279751187,10.074034738163762,Direct likelihood,reference,10.07403488150977,1.422925479116087e-08,0.007403488150976934
16,10.0,10000,13,0.4889190593203781,10.042222115289254,Direct likelihood,reference,10.042222259396661,1.4350151315315638e-08,0.004222225939666124
16,10.0,10000,14,0.488407924252206,10.025566547780285,Direct likelihood,reference,10.02556684142034,2.928912327243614e-08,0.002556684142033916
16,10.0,10000,15,0.4879597288628611,10.010984662259943,Direct likelihood,reference,10.010984955261192,2.9267974933311613e-08,0.0010984955261191588
16,10.0,10000,16,0.4875963125068075,9.9991766065833,Direct likelihood,reference,9.999176455396253,1.5119949654877997e-08,8.235446037474503e-05
16,10.0,10000,17,0.4899842952160856,10.077022591111861,Direct likelihood,reference,10.077022586113591,4.960066524559402e-10,0.007702258611359092
16,10.0,10000,18,0.4876508043117011,10.000946256658814,Direct likelihood,reference,10.000946103898228,1.5274613269816084e-08,9.461038982276904e-05
16,10.0,10000,19,0.49137900028156084,10.122770143860777,Direct likelihood,reference,10.122770289691324,1.4406189764770882e-08,0.012277028969132431
16,50.0,10000,0,0.8600125924850444,50.0433007631979,Banerjee,closed_form,50.404029384618454,0.007208329904686014,0.008080587692369079
16,50.0,10000,1,0.8601430396060821,50.09356166688768,Banerjee,closed_form,50.45441413872157,0.007203569876573858,0.009088282774431349
16,50.0,10000,2,0.8598985884536426,49.99945149250437,Banerjee,closed_form,50.360071885668056,0.007212486985337183,0.0072014377133611165
16,50.0,10000,3,0.8596719084825943,49.9124741050285,Banerjee,closed_form,50.27287933185627,0.007220744579188392,0.005457586637125331
16,50.0,10000,4,0.8592234268429602,49.74121120559297,Banerjee,closed_form,50.101190845533736,0.007237050148475102,0.002023816910674725
16,50.0,10000,5,0.860223661843287,50.12467179607281,Banerjee,closed_form,50.485600819545525,0.007200626169506256,0.009712016390910492
16,50.0,10000,6,0.8603500754436391,50.173523542565086,Banerjee,closed_form,50.53457260698557,0.007196007753256272,0.010691452139711401
16,50.0,10000,7,0.8595702203853198,49.87354691177218,Banerjee,closed_form,50.23385562819785,0.007224445397137439,0.004677112563957024
16,50.0,10000,8,0.8589944367261328,49.654183582534905,Banerjee,closed_form,50.0139459812978,0.0072453592589011425,0.00027891962595603557
16,50.0,10000,9,0.8605306806370079,50.24346996395486,Banerjee,closed_form,50.60469055010939,0.0071894036461588665,0.012093811002187777
16,50.0,10000,10,0.8591057077817753,49.69643700696788,Banerjee,closed_form,50.05630496273845,0.007241323069501309,0.0011260992547690307
16,50.0,10000,11,0.8594757540816431,49.83743444855461,Banerjee,closed_form,50.19765351571097,0.007227881433748337,0.00395307031421936
16,50.0,10000,12,0.8590819245036537,49.68740011206534,Banerjee,closed_form,50.047245505095326,0.007242185991184634,0.0009449101019065153
16,50.0,10000,13,0.8598761415968753,49.99082613183074,Banerjee,closed_form,50.35142521652508,0.007213305172101126,0.00702850433050159
16,50.0,10000,14,0.8594854883573874,49.84115342597199,Banerjee,closed_form,50.20138173071897,0.007227527454436262,0.004027634614379423
16,50.0,10000,15,0.8593448372894782,49.78746741962119,Banerjee,closed_form,50.14756225694343,0.007232640180053237,0.0029512451388686144
16,50.0,10000,16,0.8595487158550734,49.86532194292523,Banerjee,closed_form,50.225610250784236,0.0072252277498857116,0.004512205015684714
16,50.0,10000,17,0.859201810056054,49.732983730023484,Banerjee,closed_form,50.092942860574304,0.007237835005131913,0.0018588572114860823
16,50.0,10000,18,0.8601442808807117,50.094040373947045,Banerjee,closed_form,50.45489402434646,0.007203524565111466,0.009097880486929171
16,50.0,10000,19,0.8594368408873758,49.82257278561135,Banerjee,closed_form,50.18275492581499,0.007229296282099276,0.003655098516299802
16,50.0,10000,0,0.8600125924850444,50.0433007631979,Sra two-step (SciPy),sra,50.04330065700881,2.1219441899001284e-09,0.0008660131401761362
16,50.0,10000,1,0.8601430396060821,50.09356166688768,Sra two-step (SciPy),sra,50.093561560840655,2.1169791457133036e-09,0.0018712312168131006
16,50.0,10000,2,0.8598985884536426,49.99945149250437,Sra two-step (SciPy),sra,49.99945138618814,2.1263479005472755e-09,1.09722762371689e-05
16,50.0,10000,3,0.8596719084825943,49.9124741050285,Sra two-step (SciPy),sra,49.91247399846558,2.1349957891847864e-09,0.0017505200306884205
16,50.0,10000,4,0.8592234268429602,49.74121120559297,Sra two-step (SciPy),sra,49.741211098538884,2.1522211082806807e-09,0.005175778029222328
16,50.0,10000,5,0.860223661843287,50.12467179607281,Sra two-step (SciPy),sra,50.12467169011305,2.113924337719607e-09,0.002493433802260938
16,50.0,10000,6,0.8603500754436391,50.173523542565086,Sra two-step (SciPy),sra,50.17352343674506,2.109081061563039e-09,0.0034704687349011464
16,50.0,10000,7,0.8595702203853198,49.87354691177218,Sra two-step (SciPy),sra,49.87354680509913,2.138870316349344e-09,0.0025290638980173695
16,50.0,10000,8,0.8589944367261328,49.654183582534905,Sra two-step (SciPy),sra,49.65418347523297,2.1609848049732985e-09,0.006916330495340617
16,50.0,10000,9,0.8605306806370079,50.24346996395486,Sra two-step (SciPy),sra,50.243469858330755,2.10224539263169e-09,0.004869397166615101
16,50.0,10000,10,0.8591057077817753,49.69643700696788,Sra two-step (SciPy),sra,49.69643689978567,2.156738314241906e-09,0.006071262004286666
16,50.0,10000,11,0.8594757540816431,49.83743444855461,Sra two-step (SciPy),sra,49.83743434177616,2.142535067295493e-09,0.0032513131644768124
16,50.0,10000,12,0.8590819245036537,49.68740011206534,Sra two-step (SciPy),sra,49.68740000485833,2.157629650050506e-09,0.006251999902833347
16,50.0,10000,13,0.8598761415968753,49.99082613183074,Sra two-step (SciPy),sra,49.990826025491614,2.1271727359760257e-09,0.0001834794901677128
16,50.0,10000,14,0.8594854883573874,49.84115342597199,Sra two-step (SciPy),sra,49.84115331920305,2.1421843088246038e-09,0.0031769336159389637
16,50.0,10000,15,0.8593448372894782,49.78746741962119,Sra two-step (SciPy),sra,49.787467312699306,2.1475661781617638e-09,0.004250653746013882
16,50.0,10000,16,0.8595487158550734,49.86532194292523,Sra two-step (SciPy),sra,49.86532183622576,2.139752896044419e-09,0.0026935632754847916
16,50.0,10000,17,0.859201810056054,49.732983730023484,Sra two-step (SciPy),sra,49.73298362294637,2.153040203247426e-09,0.005340327541072582
16,50.0,10000,18,0.8601442808807117,50.094040373947045,Sra two-step (SciPy),sra,50.094040267901164,2.116936078980214e-09,0.0018808053580232809
16,50.0,10000,19,0.8594368408873758,49.82257278561135,Sra two-step (SciPy),sra,49.822572678791694,2.1440011900422108e-09,0.003548546424166119
16,50.0,10000,0,0.8600125924850444,50.0433007631979,Converged Newton (SciPy),converged,50.043300763198886,1.973599638001627e-14,0.0008660152639777153
16,50.0,10000,1,0.8601430396060821,50.09356166688768,Converged Newton (SciPy),converged,50.09356166688801,6.5247837760695065e-15,0.0018712333377601453
16,50.0,10000,2,0.8598985884536426,49.99945149250437,Converged Newton (SciPy),converged,49.99945149250499,1.236357923254338e-14,1.0970149900231262e-05
16,50.0,10000,3,0.8596719084825943,49.9124741050285,Converged Newton (SciPy),converged,49.91247410503011,3.217285080757087e-14,0.001750517899397863
16,50.0,10000,4,0.8592234268429602,49.74121120559297,Converged Newton (SciPy),converged,49.74121120559373,1.528472485563078e-14,0.005175775888125429
16,50.0,10000,5,0.860223661843287,50.12467179607281,Converged Newton (SciPy),converged,50.124671796073414,1.2049182643095222e-14,0.00249343592146829
16,50.0,10000,6,0.8603500754436391,50.173523542565086,Converged Newton (SciPy),converged,50.17352354256406,2.0392857970728734e-14,0.003470470851281249
16,50.0,10000,7,0.8595702203853198,49.87354691177218,Converged Newton (SciPy),converged,49.87354691177224,1.139750877581772e-15,0.0025290617645552516
16,50.0,10000,8,0.8589944367261328,49.654183582534905,Converged Newton (SciPy),converged,49.65418358253406,1.7028693144235422e-14,0.006916328349318803
16,50.0,10000,9,0.8605306806370079,50.24346996395486,Converged Newton (SciPy),converged,50.24346996395639,3.054670209567286e-14,0.004869399279127861
16,50.0,10000,10,0.8591057077817753,49.69643700696788,Converged Newton (SciPy),converged,49.69643700696996,4.189214239816014e-14,0.006071259860600833
16,50.0,10000,11,0.8594757540816431,49.83743444855461,Converged Newton (SciPy),converged,49.83743444855509,9.694902349269728e-15,0.0032513110288981293
16,50.0,10000,12,0.8590819245036537,49.68740011206534,Converged Newton (SciPy),converged,49.68740011206484,1.0010181935667306e-14,0.006251997758703141
16,50.0,10000,13,0.8598761415968753,49.99082613183074,Converged Newton (SciPy),converged,49.990826131831,5.258981148619983e-15,0.00018347736338000686
16,50.0,10000,14,0.8594854883573874,49.84115342597199,Converged Newton (SciPy),converged,49.84115342597128,1.425614551267266e-14,0.0031769314805744388
16,50.0,10000,15,0.8593448372894782,49.78746741962119,Converged Newton (SciPy),converged,49.787467419621116,1.4271517965986678e-15,0.00425065160757768
16,50.0,10000,16,0.8595487158550734,49.86532194292523,Converged Newton (SciPy),converged,49.86532194292615,1.852400667432537e-14,0.0026935611414769765
16,50.0,10000,17,0.859201810056054,49.732983730023484,Converged Newton (SciPy),converged,49.73298373002306,8.572291655983834e-15,0.005340325399538841
16,50.0,10000,18,0.8601442808807117,50.094040373947045,Converged Newton (SciPy),converged,50.094040373946704,6.8084049643204096e-15,0.0018808074789340879
16,50.0,10000,19,0.8594368408873758,49.82257278561135,Converged Newton (SciPy),converged,49.82257278561087,9.55517963730595e-15,0.0035485442877825333
16,50.0,10000,0,0.8600125924850444,50.0433007631979,Banerjee (Torch),closed_form,50.404029384618454,0.007208329904686014,0.008080587692369079
16,50.0,10000,1,0.8601430396060821,50.09356166688768,Banerjee (Torch),closed_form,50.45441413872157,0.007203569876573858,0.009088282774431349
16,50.0,10000,2,0.8598985884536426,49.99945149250437,Banerjee (Torch),closed_form,50.360071885668056,0.007212486985337183,0.0072014377133611165
16,50.0,10000,3,0.8596719084825943,49.9124741050285,Banerjee (Torch),closed_form,50.27287933185627,0.007220744579188392,0.005457586637125331
16,50.0,10000,4,0.8592234268429602,49.74121120559297,Banerjee (Torch),closed_form,50.101190845533736,0.007237050148475102,0.002023816910674725
16,50.0,10000,5,0.860223661843287,50.12467179607281,Banerjee (Torch),closed_form,50.485600819545525,0.007200626169506256,0.009712016390910492
16,50.0,10000,6,0.8603500754436391,50.173523542565086,Banerjee (Torch),closed_form,50.53457260698557,0.007196007753256272,0.010691452139711401
16,50.0,10000,7,0.8595702203853198,49.87354691177218,Banerjee (Torch),closed_form,50.23385562819785,0.007224445397137439,0.004677112563957024
16,50.0,10000,8,0.8589944367261328,49.654183582534905,Banerjee (Torch),closed_form,50.0139459812978,0.0072453592589011425,0.00027891962595603557
16,50.0,10000,9,0.8605306806370079,50.24346996395486,Banerjee (Torch),closed_form,50.60469055010939,0.0071894036461588665,0.012093811002187777
16,50.0,10000,10,0.8591057077817753,49.69643700696788,Banerjee (Torch),closed_form,50.05630496273845,0.007241323069501309,0.0011260992547690307
16,50.0,10000,11,0.8594757540816431,49.83743444855461,Banerjee (Torch),closed_form,50.19765351571097,0.007227881433748337,0.00395307031421936
16,50.0,10000,12,0.8590819245036537,49.68740011206534,Banerjee (Torch),closed_form,50.047245505095326,0.007242185991184634,0.0009449101019065153
16,50.0,10000,13,0.8598761415968753,49.99082613183074,Banerjee (Torch),closed_form,50.35142521652508,0.007213305172101126,0.00702850433050159
16,50.0,10000,14,0.8594854883573874,49.84115342597199,Banerjee (Torch),closed_form,50.20138173071897,0.007227527454436262,0.004027634614379423
16,50.0,10000,15,0.8593448372894782,49.78746741962119,Banerjee (Torch),closed_form,50.14756225694343,0.007232640180053237,0.0029512451388686144
16,50.0,10000,16,0.8595487158550734,49.86532194292523,Banerjee (Torch),closed_form,50.225610250784236,0.0072252277498857116,0.004512205015684714
16,50.0,10000,17,0.859201810056054,49.732983730023484,Banerjee (Torch),closed_form,50.092942860574304,0.007237835005131913,0.0018588572114860823
16,50.0,10000,18,0.8601442808807117,50.094040373947045,Banerjee (Torch),closed_form,50.45489402434646,0.007203524565111466,0.009097880486929171
16,50.0,10000,19,0.8594368408873758,49.82257278561135,Banerjee (Torch),closed_form,50.18275492581499,0.007229296282099276,0.003655098516299802
16,50.0,10000,0,0.8600125924850444,50.0433007631979,Sra two-step (CUSF),sra,50.04330065700647,2.1219909031577474e-09,0.0008660131401293825
16,50.0,10000,1,0.8601430396060821,50.09356166688768,Sra two-step (CUSF),sra,50.09356156083831,2.1170259539447404e-09,0.001871231216766205
16,50.0,10000,2,0.8598985884536426,49.99945149250437,Sra two-step (CUSF),sra,49.99945138618814,2.1263479005472755e-09,1.09722762371689e-05
16,50.0,10000,3,0.8596719084825943,49.9124741050285,Sra two-step (CUSF),sra,49.912473998463255,2.135042340168035e-09,0.00175052003073489
16,50.0,10000,4,0.8592234268429602,49.74121120559297,Sra two-step (CUSF),sra,49.74121109854062,2.1521862533940943e-09,0.005175778029187655
16,50.0,10000,5,0.860223661843287,50.12467179607281,Sra two-step (CUSF),sra,50.12467169011539,2.1138775585399336e-09,0.002493433802307834
16,50.0,10000,6,0.8603500754436391,50.173523542565086,Sra two-step (CUSF),sra,50.17352343674506,2.109081061563039e-09,0.0034704687349011464
16,50.0,10000,7,0.8595702203853198,49.87354691177218,Sra two-step (CUSF),sra,49.87354680509738,2.138905506157689e-09,0.0025290638980524703
16,50.0,10000,8,0.8589944367261328,49.654183582534905,Sra two-step (CUSF),sra,49.65418347523067,2.161031168810095e-09,0.00691633049538666
16,50.0,10000,9,0.8605306806370079,50.24346996395486,Sra two-step (CUSF),sra,50.24346985833254,2.1022098962324954e-09,0.004869397166650771
16,50.0,10000,10,0.8591057077817753,49.69643700696788,Sra two-step (CUSF),sra,49.69643689978567,2.156738314241906e-09,0.006071262004286666
16,50.0,10000,11,0.8594757540816431,49.83743444855461,Sra two-step (CUSF),sra,49.837434341776735,2.14252351895593e-09,0.0032513131644653017
16,50.0,10000,12,0.8590819245036537,49.68740011206534,Sra two-step (CUSF),sra,49.687400004857764,2.1576410902584324e-09,0.006251999902844716
16,50.0,10000,13,0.8598761415968753,49.99082613183074,Sra two-step (CUSF),sra,49.990826025491046,2.1271841067460766e-09,0.0001834794901790815
16,50.0,10000,14,0.8594854883573874,49.84115342597199,Sra two-step (CUSF),sra,49.84115331920313,2.1421827406485972e-09,0.0031769336159374007
16,50.0,10000,15,0.8593448372894782,49.78746741962119,Sra two-step (CUSF),sra,49.78746731270106,2.1475309275123876e-09,0.0042506537459787806
16,50.0,10000,16,0.8595487158550734,49.86532194292523,Sra two-step (CUSF),sra,49.865321836228084,2.139706301043015e-09,0.0026935632754383223
16,50.0,10000,17,0.859201810056054,49.732983730023484,Sra two-step (CUSF),sra,49.73298362294637,2.153040203247426e-09,0.005340327541072582
16,50.0,10000,18,0.8601442808807117,50.094040373947045,Sra two-step (CUSF),sra,50.09404026790125,2.1169343768789732e-09,0.0018808053580249861
16,50.0,10000,19,0.8594368408873758,49.82257278561135,Sra two-step (CUSF),sra,49.822572678791694,2.1440011900422108e-09,0.003548546424166119
16,50.0,10000,0,0.8600125924850444,50.0433007631979,Converged Newton (CUSF),converged,50.0433007631989,2.0019967550951758e-14,0.0008660152639779994
16,50.0,10000,1,0.8601430396060821,50.09356166688768,Converged Newton (CUSF),converged,50.093561666888014,6.666626901636235e-15,0.0018712333377602875
16,50.0,10000,2,0.8598985884536426,49.99945149250437,Converged Newton (CUSF),converged,49.99945149250264,3.467486589356994e-14,1.0970149947269192e-05
16,50.0,10000,3,0.8596719084825943,49.9124741050285,Converged Newton (CUSF),converged,49.912474105027826,1.3523985958934658e-14,0.00175051789944348
16,50.0,10000,4,0.8592234268429602,49.74121120559297,Converged Newton (CUSF),converged,49.74121120559314,3.4283495003283995e-15,0.005175775888137224
16,50.0,10000,5,0.860223661843287,50.12467179607281,Converged Newton (CUSF),converged,50.1246717960734,1.1765672463257688e-14,0.0024934359214680056
16,50.0,10000,6,0.8603500754436391,50.173523542565086,Converged Newton (CUSF),converged,50.17352354256642,2.6624009017340294e-14,0.003470470851328429
16,50.0,10000,7,0.8595702203853198,49.87354691177218,Converged Newton (CUSF),converged,49.87354691177282,1.2822197372794934e-14,0.0025290617645435986
16,50.0,10000,8,0.8589944367261328,49.654183582534905,Converged Newton (CUSF),converged,49.6541835825364,3.0050634960415453e-14,0.00691632834927205
16,50.0,10000,9,0.8605306806370079,50.24346996395486,Converged Newton (CUSF),converged,50.24346996395581,1.8950268892685943e-14,0.004869399279116209
16,50.0,10000,10,0.8591057077817753,49.69643700696788,Converged Newton (CUSF),converged,49.696437006967635,4.8612042373291625e-15,0.006071259860647302
16,50.0,10000,11,0.8594757540816431,49.83743444855461,Converged Newton (CUSF),converged,49.83743444855567,2.124324191237043e-14,0.0032513110288866186
16,50.0,10000,12,0.8590819245036537,49.68740011206534,Converged Newton (CUSF),converged,49.687400112064275,2.1450389862144227e-14,0.006251997758714509
16,50.0,10000,13,0.8598761415968753,49.99082613183074,Converged Newton (CUSF),converged,49.99082613183043,6.11178890245025e-15,0.00018347736339137554
16,50.0,10000,14,0.8594854883573874,49.84115342597199,Converged Newton (CUSF),converged,49.84115342597369,3.407218777528766e-14,0.0031769314805262638
16,50.0,10000,15,0.8593448372894782,49.78746741962119,Converged Newton (CUSF),converged,49.78746741962054,1.2987081349047878e-14,0.004250651607589191
16,50.0,10000,16,0.8595487158550734,49.86532194292523,Converged Newton (CUSF),converged,49.8653219429238,2.864096416568769e-14,0.0026935611415240144
16,50.0,10000,17,0.859201810056054,49.732983730023484,Converged Newton (CUSF),converged,49.73298373002306,8.572291655983834e-15,0.005340325399538841
16,50.0,10000,18,0.8601442808807117,50.094040373947045,Converged Newton (CUSF),converged,50.09404037394679,5.106303723240307e-15,0.0018808074789357931
16,50.0,10000,19,0.8594368408873758,49.82257278561135,Converged Newton (CUSF),converged,49.822572785613204,3.7222416199057505e-14,0.0035485442877359217
16,50.0,10000,0,0.8600125924850444,50.0433007631979,SciPy Brent,reference,50.04330076319794,8.519135128064578e-16,0.0008660152639588148
16,50.0,10000,1,0.8601430396060821,50.09356166688768,SciPy Brent,reference,50.09356166688781,2.553176260201111e-15,0.0018712333377561663
16,50.0,10000,2,0.8598985884536426,49.99945149250437,SciPy Brent,reference,49.99945149250414,4.547523395878025e-15,1.097014991714218e-05
16,50.0,10000,3,0.8596719084825943,49.9124741050285,SciPy Brent,reference,49.91247410502848,4.270732408084629e-16,0.001750517899430406
16,50.0,10000,4,0.8592234268429602,49.74121120559297,SciPy Brent,reference,49.741211205592926,8.570873750820999e-16,0.005175775888141487
16,50.0,10000,5,0.860223661843287,50.12467179607281,SciPy Brent,reference,50.12467179607279,4.25265269756302e-16,0.0024934359214557845
16,50.0,10000,6,0.8603500754436391,50.173523542565086,SciPy Brent,reference,50.173523542565064,4.2485120772351533e-16,0.003470470851301286
16,50.0,10000,7,0.8595702203853198,49.87354691177218,SciPy Brent,reference,49.873546911772266,1.709626316372658e-15,0.002529061764554683
16,50.0,10000,8,0.8589944367261328,49.654183582534905,SciPy Brent,reference,49.65418358253495,8.585895702975844e-16,0.00691632834930104
16,50.0,10000,9,0.8605306806370079,50.24346996395486,SciPy Brent,reference,50.24346996395478,1.5556190882055625e-15,0.004869399279095603
16,50.0,10000,10,0.8591057077817753,49.69643700696788,SciPy Brent,reference,49.696437006967784,1.858695737802327e-15,0.006071259860644318
16,50.0,10000,11,0.8594757540816431,49.83743444855461,SciPy Brent,reference,49.83743444855457,8.554325602296818e-16,0.0032513110289086457
16,50.0,10000,12,0.8590819245036537,49.68740011206534,SciPy Brent,reference,49.68740011206537,5.720103963238461e-16,0.006251997758692625
16,50.0,10000,13,0.8598761415968753,49.99082613183074,SciPy Brent,reference,49.99082613183072,2.842692512767558e-16,0.0001834773633855491
16,50.0,10000,14,0.8594854883573874,49.84115342597199,SciPy Brent,reference,49.841153425971754,4.704528019181978e-15,0.0031769314805649173
16,50.0,10000,15,0.8593448372894782,49.78746741962119,SciPy Brent,reference,49.787467419621066,2.4261580542177355e-15,0.004250651607578675
16,50.0,10000,16,0.8595487158550734,49.86532194292523,SciPy Brent,reference,49.86532194292526,7.124617951663604e-16,0.00269356114149474
16,50.0,10000,17,0.859201810056054,49.732983730023484,SciPy Brent,reference,49.7329837300236,2.285944441595689e-15,0.005340325399528041
16,50.0,10000,18,0.8601442808807117,50.094040373947045,SciPy Brent,reference,50.094040373946974,1.4184177009000853e-15,0.0018808074789394879
16,50.0,10000,19,0.8594368408873758,49.82257278561135,SciPy Brent,reference,49.8225727856112,2.9949070504988797e-15,0.0035485442877759964
16,50.0,10000,0,0.8600125924850444,50.0433007631979,Direct likelihood,reference,50.04330070891946,1.0846294492295287e-09,0.0008660141783892073
16,50.0,10000,1,0.8601430396060821,50.09356166688768,Direct likelihood,reference,50.09355993210064,3.463093825641587e-08,0.0018711986420127857
16,50.0,10000,2,0.8598985884536426,49.99945149250437,Direct likelihood,reference,49.99944996215126,3.060739796800492e-08,1.1000756974794968e-05
16,50.0,10000,3,0.8596719084825943,49.9124741050285,Direct likelihood,reference,49.912473317770704,1.5772766444594802e-08,0.0017505336445859142
16,50.0,10000,4,0.8592234268429602,49.74121120559297,Direct likelihood,reference,49.7412118943727,1.3847264907100818e-08,0.0051757621125460675
16,50.0,10000,5,0.860223661843287,50.12467179607281,Direct likelihood,reference,50.12467249073178,1.3858623851913633e-08,0.0024934498146356532
16,50.0,10000,6,0.8603500754436391,50.173523542565086,Direct likelihood,reference,50.17352572906514,4.357876227161028e-08,0.003470514581302808
16,50.0,10000,7,0.8595702203853198,49.87354691177218,Direct likelihood,reference,49.87354612492142,1.577691604160986e-08,0.0025290775015716347
16,50.0,10000,8,0.8589944367261328,49.654183582534905,Direct likelihood,reference,49.65418353877881,8.812166967349452e-10,0.006916329224423805
16,50.0,10000,9,0.8605306806370079,50.24346996395486,Direct likelihood,reference,50.243468425296705,3.062404238562143e-08,0.00486936850593409
16,50.0,10000,10,0.8591057077817753,49.69643700696788,Direct likelihood,reference,49.69643622004809,1.583453124286031e-08,0.0060712755990381595
16,50.0,10000,11,0.8594757540816431,49.83743444855461,Direct likelihood,reference,49.83743513510769,1.3775851162348013e-08,0.0032512972978462075
16,50.0,10000,12,0.8590819245036537,49.68740011206534,Direct likelihood,reference,49.68740006127174,1.0222632316965944e-09,0.006251998774565237
16,50.0,10000,13,0.8598761415968753,49.99082613183074,Direct likelihood,reference,49.99082608260285,9.847383925594407e-10,0.00018347834794298025
16,50.0,10000,14,0.8594854883573874,49.84115342597199,Direct likelihood,reference,49.84115338107838,9.007337816420558e-10,0.00317693237843244
16,50.0,10000,15,0.8593448372894782,49.78746741962119,Direct likelihood,reference,49.787467368373434,1.029330378993196e-09,0.0042506526325313135
16,50.0,10000,16,0.8595487158550734,49.86532194292523,Direct likelihood,reference,49.865320806350226,2.279289407831141e-08,0.002693583872995475
16,50.0,10000,17,0.859201810056054,49.732983730023484,Direct likelihood,reference,49.732983676477694,1.0766655448388097e-09,0.0053403264704461155
16,50.0,10000,18,0.8601442808807117,50.094040373947045,Direct likelihood,reference,50.09404106835239,1.3862035058645712e-08,0.0018808213670477869
16,50.0,10000,19,0.8594368408873758,49.82257278561135,Direct likelihood,reference,49.8225719979302,1.5809724553823157e-08,0.003548560041396058
16,200.0,10000,0,0.9630735136953269,199.78660967145967,Banerjee,closed_form,200.24877965664388,0.0023133181244940396,0.00124389828321938
16,200.0,10000,1,0.9629725961147184,199.23285205054685,Banerjee,closed_form,199.69491958902478,0.002319233669157608,0.0015254020548761105
16,200.0,10000,2,0.9631145860331769,200.01285015004217,Banerjee,closed_form,200.4750618314376,0.0023109099292805985,0.00237530915718807
16,200.0,10000,3,0.9632795845616591,200.92681709086176,Banerjee,closed_form,201.389196286004,0.0023012318705727536,0.00694598143001997
16,200.0,10000,4,0.9629346350422233,199.02533124117917,Banerjee,closed_form,199.48736024477864,0.002321458282310713,0.0025631987761067874
16,200.0,10000,5,0.9630381615822087,199.59228064002764,Banerjee,closed_form,200.0544147368252,0.002315390631920512,0.00027207368412604185
16,200.0,10000,6,0.9631674406546548,200.3047336499155,Banerjee,closed_form,200.76699899008165,0.002307810363453864,0.0038349949504082304
16,200.0,10000,7,0.9631820295402014,200.38544660126303,Banerjee,closed_form,200.84772675253433,0.0023069547170816713,0.00423863376267164
16,200.0,10000,8,0.9631351522733256,200.12632537961574,Banerjee,closed_form,200.58855793997864,0.0023097039306853137,0.0029427896998932114
16,200.0,10000,9,0.9630312926745731,199.55456565992299,Banerjee,closed_form,200.0166927836914,0.002315793288117364,8.346391845705626e-05
16,200.0,10000,10,0.9629988647414665,199.37670325668162,Banerjee,closed_form,199.83879746129756,0.0023176940789367334,0.0008060126935122014
16,200.0,10000,11,0.9630358625702333,199.5796559387933,Banerjee,closed_form,200.0417877017267,0.0023155254014222137,0.00020893850863345164
16,200.0,10000,12,0.9631598789296835,200.26292358153026,Banerjee,closed_form,200.72518124483446,0.0023082538446813775,0.0036259062241722974
16,200.0,10000,13,0.9631094226308444,199.98438068971996,Banerjee,closed_form,200.44658712923416,0.0023112126953120796,0.0022329356461708015
16,200.0,10000,14,0.9632752881970001,200.90291438088965,Banerjee,closed_form,201.3652892139922,0.002301483950730285,0.0068264460699610655
16,200.0,10000,15,0.9633012351522392,201.04735470570165,Banerjee,closed_form,201.50975588253732,0.0022999615066437674,0.0075487794126865996
16,200.0,10000,16,0.9631100559956468,199.98787244563832,Banerjee,closed_form,200.4500795281432,0.0023111755570604142,0.00225039764071596
16,200.0,10000,17,0.9631450565606686,200.1810179309752,Banerjee,closed_form,200.6432605463082,0.0023091231132233705,0.003216302731540992
16,200.0,10000,18,0.963171862988272,200.32919344141763,Banerjee,closed_form,200.79146327126696,0.002307550995978602,0.003957316356334815
16,200.0,10000,19,0.9633609172279238,201.38036634778643,Banerjee,closed_form,201.8428281206937,0.0022964590902997154,0.00921414060346848
16,200.0,10000,0,0.9630735136953269,199.78660967145967,Sra two-step (SciPy),sra,199.78660966591502,2.775285687738682e-11,0.0010669516704248849
16,200.0,10000,1,0.9629725961147184,199.23285205054685,Sra two-step (SciPy),sra,199.23285204507314,2.7473925816729044e-11,0.0038357397746342768
16,200.0,10000,2,0.9631145860331769,200.01285015004217,Sra two-step (SciPy),sra,200.0128501446478,2.6970043078310947e-11,6.425072323906989e-05
16,200.0,10000,3,0.9632795845616591,200.92681709086176,Sra two-step (SciPy),sra,200.9268170855331,2.6520464970382872e-11,0.00463408542766544
16,200.0,10000,4,0.9629346350422233,199.02533124117917,Sra two-step (SciPy),sra,199.02533123561986,2.793269957963124e-11,0.004873343821900704
16,200.0,10000,5,0.9630381615822087,199.59228064002764,Sra two-step (SciPy),sra,199.59228063461396,2.712370403211559e-11,0.0020385968269302167
16,200.0,10000,6,0.9631674406546548,200.3047336499155,Sra two-step (SciPy),sra,200.30473364440658,2.750271047066027e-11,0.00152366822203291
16,200.0,10000,7,0.9631820295402014,200.38544660126303,Sra two-step (SciPy),sra,200.38544659591483,2.668955465258675e-11,0.0019272329795741428
16,200.0,10000,8,0.9631351522733256,200.12632537961574,Sra two-step (SciPy),sra,200.12632537413296,2.739657120271512e-11,0.0006316268706648032
16,200.0,10000,9,0.9630312926745731,199.55456565992299,Sra two-step (SciPy),sra,199.55456565443544,2.7498994833004523e-11,0.002227171727822821
16,200.0,10000,10,0.9629988647414665,199.37670325668162,Sra two-step (SciPy),sra,199.37670325111515,2.791939562721388e-11,0.003116483744424272
16,200.0,10000,11,0.9630358625702333,199.5796559387933,Sra two-step (SciPy),sra,199.5796559333694,2.7176686606942566e-11,0.0021017203331530256
16,200.0,10000,12,0.9631598789296835,200.26292358153026,Sra two-step (SciPy),sra,200.26292357625243,2.6354484802819955e-11,0.0013146178812621656
16,200.0,10000,13,0.9631094226308444,199.98438068971996,Sra two-step (SciPy),sra,199.9843806842446,2.7378923482700253e-11,7.809657877700715e-05
16,200.0,10000,14,0.9632752881970001,200.90291438088965,Sra two-step (SciPy),sra,200.90291437557522,2.6452743874927154e-11,0.004514571877876108
16,200.0,10000,15,0.9633012351522392,201.04735470570165,Sra two-step (SciPy),sra,201.04735470033273,2.6704742087660588e-11,0.005236773501663663
16,200.0,10000,16,0.9631100559956468,199.98787244563832,Sra two-step (SciPy),sra,199.98787244014605,2.7463005164190974e-11,6.063779926975599e-05
16,200.0,10000,17,0.9631450565606686,200.1810179309752,Sra two-step (SciPy),sra,200.1810179255213,2.7244834312410456e-11,0.0009050896276065146
16,200.0,10000,18,0.963171862988272,200.32919344141763,Sra two-step (SciPy),sra,200.32919343615063,2.629171222787846e-11,0.0016459671807531606
16,200.0,10000,19,0.9633609172279238,201.38036634778643,Sra two-step (SciPy),sra,201.38036634244293,2.653440771561161e-11,0.00690183171221463
16,200.0,10000,0,0.9630735136953269,199.78660967145967,Converged Newton (SciPy),converged,199.78660966591502,2.775285687738682e-11,0.0010669516704248849
16,200.0,10000,1,0.9629725961147184,199.23285205054685,Converged Newton (SciPy),converged,199.23285204507314,2.7473925816729044e-11,0.0038357397746342768
16,200.0,10000,2,0.9631145860331769,200.01285015004217,Converged Newton (SciPy),converged,200.0128501446478,2.6970043078310947e-11,6.425072323906989e-05
16,200.0,10000,3,0.9632795845616591,200.92681709086176,Converged Newton (SciPy),converged,200.9268170855331,2.6520464970382872e-11,0.00463408542766544
16,200.0,10000,4,0.9629346350422233,199.02533124117917,Converged Newton (SciPy),converged,199.02533123561986,2.793269957963124e-11,0.004873343821900704
16,200.0,10000,5,0.9630381615822087,199.59228064002764,Converged Newton (SciPy),converged,199.59228063461396,2.712370403211559e-11,0.0020385968269302167
16,200.0,10000,6,0.9631674406546548,200.3047336499155,Converged Newton (SciPy),converged,200.30473364440658,2.750271047066027e-11,0.00152366822203291
16,200.0,10000,7,0.9631820295402014,200.38544660126303,Converged Newton (SciPy),converged,200.38544659591483,2.668955465258675e-11,0.0019272329795741428
16,200.0,10000,8,0.9631351522733256,200.12632537961574,Converged Newton (SciPy),converged,200.12632537413296,2.739657120271512e-11,0.0006316268706648032
16,200.0,10000,9,0.9630312926745731,199.55456565992299,Converged Newton (SciPy),converged,199.55456565443544,2.7498994833004523e-11,0.002227171727822821
16,200.0,10000,10,0.9629988647414665,199.37670325668162,Converged Newton (SciPy),converged,199.37670325111515,2.791939562721388e-11,0.003116483744424272
16,200.0,10000,11,0.9630358625702333,199.5796559387933,Converged Newton (SciPy),converged,199.5796559333694,2.7176686606942566e-11,0.0021017203331530256
16,200.0,10000,12,0.9631598789296835,200.26292358153026,Converged Newton (SciPy),converged,200.26292357625243,2.6354484802819955e-11,0.0013146178812621656
16,200.0,10000,13,0.9631094226308444,199.98438068971996,Converged Newton (SciPy),converged,199.9843806842446,2.7378923482700253e-11,7.809657877700715e-05
16,200.0,10000,14,0.9632752881970001,200.90291438088965,Converged Newton (SciPy),converged,200.90291437557522,2.6452743874927154e-11,0.004514571877876108
16,200.0,10000,15,0.9633012351522392,201.04735470570165,Converged Newton (SciPy),converged,201.04735470033273,2.6704742087660588e-11,0.005236773501663663
16,200.0,10000,16,0.9631100559956468,199.98787244563832,Converged Newton (SciPy),converged,199.98787244014605,2.7463005164190974e-11,6.063779926975599e-05
16,200.0,10000,17,0.9631450565606686,200.1810179309752,Converged Newton (SciPy),converged,200.1810179255213,2.7244834312410456e-11,0.0009050896276065146
16,200.0,10000,18,0.963171862988272,200.32919344141763,Converged Newton (SciPy),converged,200.32919343615063,2.629171222787846e-11,0.0016459671807531606
16,200.0,10000,19,0.9633609172279238,201.38036634778643,Converged Newton (SciPy),converged,201.38036634244293,2.653440771561161e-11,0.00690183171221463
16,200.0,10000,0,0.9630735136953269,199.78660967145967,Banerjee (Torch),closed_form,200.24877965664388,0.0023133181244940396,0.00124389828321938
16,200.0,10000,1,0.9629725961147184,199.23285205054685,Banerjee (Torch),closed_form,199.69491958902478,0.002319233669157608,0.0015254020548761105
16,200.0,10000,2,0.9631145860331769,200.01285015004217,Banerjee (Torch),closed_form,200.4750618314376,0.0023109099292805985,0.00237530915718807
16,200.0,10000,3,0.9632795845616591,200.92681709086176,Banerjee (Torch),closed_form,201.389196286004,0.0023012318705727536,0.00694598143001997
16,200.0,10000,4,0.9629346350422233,199.02533124117917,Banerjee (Torch),closed_form,199.48736024477864,0.002321458282310713,0.0025631987761067874
16,200.0,10000,5,0.9630381615822087,199.59228064002764,Banerjee (Torch),closed_form,200.0544147368252,0.002315390631920512,0.00027207368412604185
16,200.0,10000,6,0.9631674406546548,200.3047336499155,Banerjee (Torch),closed_form,200.76699899008165,0.002307810363453864,0.0038349949504082304
16,200.0,10000,7,0.9631820295402014,200.38544660126303,Banerjee (Torch),closed_form,200.84772675253433,0.0023069547170816713,0.00423863376267164
16,200.0,10000,8,0.9631351522733256,200.12632537961574,Banerjee (Torch),closed_form,200.58855793997864,0.0023097039306853137,0.0029427896998932114
16,200.0,10000,9,0.9630312926745731,199.55456565992299,Banerjee (Torch),closed_form,200.0166927836914,0.002315793288117364,8.346391845705626e-05
16,200.0,10000,10,0.9629988647414665,199.37670325668162,Banerjee (Torch),closed_form,199.83879746129756,0.0023176940789367334,0.0008060126935122014
16,200.0,10000,11,0.9630358625702333,199.5796559387933,Banerjee (Torch),closed_form,200.0417877017267,0.0023155254014222137,0.00020893850863345164
16,200.0,10000,12,0.9631598789296835,200.26292358153026,Banerjee (Torch),closed_form,200.72518124483446,0.0023082538446813775,0.0036259062241722974
16,200.0,10000,13,0.9631094226308444,199.98438068971996,Banerjee (Torch),closed_form,200.44658712923416,0.0023112126953120796,0.0022329356461708015
16,200.0,10000,14,0.9632752881970001,200.90291438088965,Banerjee (Torch),closed_form,201.3652892139922,0.002301483950730285,0.0068264460699610655
16,200.0,10000,15,0.9633012351522392,201.04735470570165,Banerjee (Torch),closed_form,201.50975588253732,0.0022999615066437674,0.0075487794126865996
16,200.0,10000,16,0.9631100559956468,199.98787244563832,Banerjee (Torch),closed_form,200.4500795281432,0.0023111755570604142,0.00225039764071596
16,200.0,10000,17,0.9631450565606686,200.1810179309752,Banerjee (Torch),closed_form,200.6432605463082,0.0023091231132233705,0.003216302731540992
16,200.0,10000,18,0.963171862988272,200.32919344141763,Banerjee (Torch),closed_form,200.79146327126696,0.002307550995978602,0.003957316356334815
16,200.0,10000,19,0.9633609172279238,201.38036634778643,Banerjee (Torch),closed_form,201.8428281206937,0.0022964590902997154,0.00921414060346848
16,200.0,10000,0,0.9630735136953269,199.78660967145967,Sra two-step (CUSF),sra,199.78660966606498,2.7002291365506906e-11,0.0010669516696751203
16,200.0,10000,1,0.9629725961147184,199.23285205054685,Sra two-step (CUSF),sra,199.23285204506269,2.7526423128104858e-11,0.003835739774686573
16,200.0,10000,2,0.9631145860331769,200.01285015004217,Sra two-step (CUSF),sra,200.01285014449752,2.7721464796241726e-11,6.425072248759989e-05
16,200.0,10000,3,0.9632795845616591,200.92681709086176,Sra two-step (CUSF),sra,200.9268170855331,2.6520464970382872e-11,0.00463408542766544
16,200.0,10000,4,0.9629346350422233,199.02533124117917,Sra two-step (CUSF),sra,199.02533123561986,2.793269957963124e-11,0.004873343821900704
16,200.0,10000,5,0.9630381615822087,199.59228064002764,Sra two-step (CUSF),sra,199.59228063462413,2.7072725247047067e-11,0.002038596826879342
16,200.0,10000,6,0.9631674406546548,200.3047336499155,Sra two-step (CUSF),sra,200.30473364441568,2.74573049185697e-11,0.001523668222078385
16,200.0,10000,7,0.9631820295402014,200.38544660126303,Sra two-step (CUSF),sra,200.38544659576337,2.7445394421010672e-11,0.0019272329788168462
16,200.0,10000,8,0.9631351522733256,200.12632537961574,Sra two-step (CUSF),sra,200.12632537429306,2.6596579053167696e-11,0.0006316268714653006
16,200.0,10000,9,0.9630312926745731,199.55456565992299,Sra two-step (CUSF),sra,199.5545656545749,2.6800111659303218e-11,0.0022271717271254944
16,200.0,10000,10,0.9629988647414665,199.37670325668162,Sra two-step (CUSF),sra,199.37670325111515,2.791939562721388e-11,0.003116483744424272
16,200.0,10000,11,0.9630358625702333,199.5796559387933,Sra two-step (CUSF),sra,199.57965593337838,2.7131685726778898e-11,0.0021017203331081193
16,200.0,10000,12,0.9631598789296835,200.26292358153026,Sra two-step (CUSF),sra,200.2629235760909,2.7161027380968366e-11,0.0013146178804545627
16,200.0,10000,13,0.9631094226308444,199.98438068971996,Sra two-step (CUSF),sra,199.9843806842446,2.7378923482700253e-11,7.809657877700715e-05
16,200.0,10000,14,0.9632752881970001,200.90291438088965,Sra two-step (CUSF),sra,200.90291437541393,2.7255585394248018e-11,0.004514571877069642
16,200.0,10000,15,0.9633012351522392,201.04735470570165,Sra two-step (CUSF),sra,201.04735470048456,2.594955298308635e-11,0.005236773502422807
16,200.0,10000,16,0.9631100559956468,199.98787244563832,Sra two-step (CUSF),sra,199.98787244014605,2.7463005164190974e-11,6.063779926975599e-05
16,200.0,10000,17,0.9631450565606686,200.1810179309752,Sra two-step (CUSF),sra,200.18101792553125,2.7195141297540925e-11,0.0009050896276562526
16,200.0,10000,18,0.963171862988272,200.32919344141763,Sra two-step (CUSF),sra,200.32919343599926,2.7047338613758148e-11,0.0016459671799962906
16,200.0,10000,19,0.9633609172279238,201.38036634778643,Sra two-step (CUSF),sra,201.38036634245324,2.6483175906322817e-11,0.006901831712266215
16,200.0,10000,0,0.9630735136953269,199.78660967145967,Converged Newton (CUSF),converged,199.78660966606498,2.7002291365506906e-11,0.0010669516696751203
16,200.0,10000,1,0.9629725961147184,199.23285205054685,Converged Newton (CUSF),converged,199.23285204506269,2.7526423128104858e-11,0.003835739774686573
16,200.0,10000,2,0.9631145860331769,200.01285015004217,Converged Newton (CUSF),converged,200.01285014449752,2.7721464796241726e-11,6.425072248759989e-05
16,200.0,10000,3,0.9632795845616591,200.92681709086176,Converged Newton (CUSF),converged,200.9268170855331,2.6520464970382872e-11,0.00463408542766544
16,200.0,10000,4,0.9629346350422233,199.02533124117917,Converged Newton (CUSF),converged,199.02533123561986,2.793269957963124e-11,0.004873343821900704
16,200.0,10000,5,0.9630381615822087,199.59228064002764,Converged Newton (CUSF),converged,199.59228063462413,2.7072725247047067e-11,0.002038596826879342
16,200.0,10000,6,0.9631674406546548,200.3047336499155,Converged Newton (CUSF),converged,200.30473364441568,2.74573049185697e-11,0.001523668222078385
16,200.0,10000,7,0.9631820295402014,200.38544660126303,Converged Newton (CUSF),converged,200.38544659576337,2.7445394421010672e-11,0.0019272329788168462
16,200.0,10000,8,0.9631351522733256,200.12632537961574,Converged Newton (CUSF),converged,200.12632537429306,2.6596579053167696e-11,0.0006316268714653006
16,200.0,10000,9,0.9630312926745731,199.55456565992299,Converged Newton (CUSF),converged,199.5545656545749,2.6800111659303218e-11,0.0022271717271254944
16,200.0,10000,10,0.9629988647414665,199.37670325668162,Converged Newton (CUSF),converged,199.37670325111515,2.791939562721388e-11,0.003116483744424272
16,200.0,10000,11,0.9630358625702333,199.5796559387933,Converged Newton (CUSF),converged,199.57965593337838,2.7131685726778898e-11,0.0021017203331081193
16,200.0,10000,12,0.9631598789296835,200.26292358153026,Converged Newton (CUSF),converged,200.2629235760909,2.7161027380968366e-11,0.0013146178804545627
16,200.0,10000,13,0.9631094226308444,199.98438068971996,Converged Newton (CUSF),converged,199.9843806842446,2.7378923482700253e-11,7.809657877700715e-05
16,200.0,10000,14,0.9632752881970001,200.90291438088965,Converged Newton (CUSF),converged,200.90291437541393,2.7255585394248018e-11,0.004514571877069642
16,200.0,10000,15,0.9633012351522392,201.04735470570165,Converged Newton (CUSF),converged,201.04735470048456,2.594955298308635e-11,0.005236773502422807
16,200.0,10000,16,0.9631100559956468,199.98787244563832,Converged Newton (CUSF),converged,199.98787244014605,2.7463005164190974e-11,6.063779926975599e-05
16,200.0,10000,17,0.9631450565606686,200.1810179309752,Converged Newton (CUSF),converged,200.18101792553125,2.7195141297540925e-11,0.0009050896276562526
16,200.0,10000,18,0.963171862988272,200.32919344141763,Converged Newton (CUSF),converged,200.32919343599926,2.7047338613758148e-11,0.0016459671799962906
16,200.0,10000,19,0.9633609172279238,201.38036634778643,Converged Newton (CUSF),converged,201.38036634245324,2.6483175906322817e-11,0.006901831712266215
16,200.0,10000,0,0.9630735136953269,199.78660967145967,SciPy Brent,reference,199.78660967146018,2.5606859768457994e-15,0.001066951642699081
16,200.0,10000,1,0.9629725961147184,199.23285205054685,SciPy Brent,reference,199.23285205054708,1.1412458994741774e-15,0.003835739747264597
16,200.0,10000,2,0.9631145860331769,200.01285015004217,SciPy Brent,reference,200.01285015004316,4.973479600525209e-15,6.42507502158196e-05
16,200.0,10000,3,0.9632795845616591,200.92681709086176,SciPy Brent,reference,200.9268170908616,8.487182500149197e-16,0.00463408545430795
16,200.0,10000,4,0.9629346350422233,199.02533124117917,SciPy Brent,reference,199.02533124118,4.141329992225531e-15,0.004873343794100009
16,200.0,10000,5,0.9630381615822087,199.59228064002764,SciPy Brent,reference,199.5922806400281,2.2783814555765235e-15,0.0020385967998595334
16,200.0,10000,6,0.9631674406546548,200.3047336499155,SciPy Brent,reference,200.30473364991585,1.7027082033964301e-15,0.001523668249579231
16,200.0,10000,7,0.9631820295402014,200.38544660126303,SciPy Brent,reference,200.38544660126314,5.673407907103941e-16,0.0019272330063157027
16,200.0,10000,8,0.9631351522733256,200.12632537961574,SciPy Brent,reference,200.12632537961625,2.556339196139466e-15,0.0006316268980812367
16,200.0,10000,9,0.9630312926745731,199.55456565992299,SciPy Brent,reference,199.55456565992313,7.121287688010038e-16,0.0022271717003843603
16,200.0,10000,10,0.9629988647414665,199.37670325668162,SciPy Brent,reference,199.37670325668196,1.710633727982551e-15,0.0031164837165901815
16,200.0,10000,11,0.9630358625702333,199.5796559387933,SciPy Brent,reference,199.57965593879348,8.544470917152093e-16,0.002101720306032604
16,200.0,10000,12,0.9631598789296835,200.26292358153026,SciPy Brent,reference,200.26292358153052,1.2772977658517886e-15,0.0013146179076525754
16,200.0,10000,13,0.9631094226308444,199.98438068971996,SciPy Brent,reference,199.98438068972033,1.8475554006815747e-15,7.809655139837446e-05
16,200.0,10000,14,0.9632752881970001,200.90291438088965,SciPy Brent,reference,200.9029143808913,8.20525253226609e-15,0.004514571904456517
16,200.0,10000,15,0.9633012351522392,201.04735470570165,SciPy Brent,reference,201.0473547057008,4.24104701183586e-15,0.005236773528503988
16,200.0,10000,16,0.9631100559956468,199.98787244563832,SciPy Brent,reference,199.98787244563874,2.131757472303457e-15,6.063777180628449e-05
16,200.0,10000,17,0.9631450565606686,200.1810179309752,SciPy Brent,reference,200.1810179309755,1.4198004248436859e-15,0.000905089654877429
16,200.0,10000,18,0.963171862988272,200.32919344141763,SciPy Brent,reference,200.32919344141746,8.512501530751298e-16,0.0016459672070872956
16,200.0,10000,19,0.9633609172279238,201.38036634778643,SciPy Brent,reference,201.38036634778678,1.693613530207966e-15,0.006901831738933879
16,200.0,10000,0,0.9630735136953269,199.78660967145967,Direct likelihood,reference,199.7866093456532,1.630772295312919e-09,0.0010669532717339791
16,200.0,10000,1,0.9629725961147184,199.23285205054685,Direct likelihood,reference,199.23284034581775,5.874899136211544e-08,0.003835798270911255
16,200.0,10000,2,0.9631145860331769,200.01285015004217,Direct likelihood,reference,200.0128438559041,3.1468668488122054e-08,6.421927952047213e-05
16,200.0,10000,3,0.9632795845616591,200.92681709086176,Direct likelihood,reference,200.92681669382506,1.976026426707695e-09,0.004634083469125301
16,200.0,10000,4,0.9629346350422233,199.02533124117917,Direct likelihood,reference,199.02532164404047,4.822068949663691e-08,0.004873391779797629
16,200.0,10000,5,0.9630381615822087,199.59228064002764,Direct likelihood,reference,199.59227438627374,3.133264410390205e-08,0.002038628068631283
16,200.0,10000,6,0.9631674406546548,200.3047336499155,Direct likelihood,reference,200.3047273874272,3.1264804374314255e-08,0.0015236369371359616
16,200.0,10000,7,0.9631820295402014,200.38544660126303,Direct likelihood,reference,200.38545508905398,4.235732232078761e-08,0.0019272754452698848
16,200.0,10000,8,0.9631351522733256,200.12632537961574,Direct likelihood,reference,200.12632211113282,1.6332098775382515e-08,0.0006316105556641105
16,200.0,10000,9,0.9630312926745731,199.55456565992299,Direct likelihood,reference,199.55456241906805,1.624044494590059e-08,0.0022271879046597575
16,200.0,10000,10,0.9629988647414665,199.37670325668162,Direct likelihood,reference,199.37670289165686,1.8308295536927061e-09,0.00311648554171569
16,200.0,10000,11,0.9630358625702333,199.5796559387933,Direct likelihood,reference,199.579646319329,4.819862163173632e-08,0.0021017684033550667
16,200.0,10000,12,0.9631598789296835,200.26292358153026,Direct likelihood,reference,200.2629202925445,1.642333841722894e-08,0.0013146014627224644
16,200.0,10000,13,0.9631094226308444,199.98438068971996,Direct likelihood,reference,199.98437740165826,1.6441592488494973e-08,7.811299170867869e-05
16,200.0,10000,14,0.9632752881970001,200.90291438088965,Direct likelihood,reference,200.90291109071617,1.637693256644706e-08,0.004514555453580868
16,200.0,10000,15,0.9633012351522392,201.04735470570165,Direct likelihood,reference,201.04736426329518,4.7539016581656914e-08,0.005236821316475897
16,200.0,10000,16,0.9631100559956468,199.98787244563832,Direct likelihood,reference,199.98786915226196,1.6467880335949672e-08,6.0654238690176496e-05
16,200.0,10000,17,0.9631450565606686,200.1810179309752,Direct likelihood,reference,200.18100823051236,4.845845495423442e-08,0.0009050411525618074
16,200.0,10000,18,0.963171862988272,200.32919344141763,Direct likelihood,reference,200.32919314247295,1.4922671977203202e-09,0.0016459657123647276
16,200.0,10000,19,0.9633609172279238,201.38036634778643,Direct likelihood,reference,201.38036898228825,1.3082217790893153e-08,0.0069018449114412305
16,1000.0,10000,0,0.9925241082608711,999.9609670851147,Banerjee,closed_form,1000.4532549130975,0.0004923070441617023,0.000453254913097453
16,1000.0,10000,1,0.9924772086347246,993.7064371112609,Banerjee,closed_form,994.198676639658,0.0004953570893914899,0.005801323360342053
16,1000.0,10000,2,0.9925101349599615,998.0892969641023,Banerjee,closed_form,998.5815704015705,0.0004932158264450982,0.0014184295984294977
16,1000.0,10000,3,0.9925415366626505,1002.305263193889,Banerjee,closed_form,1002.7975689707816,0.0004911734927180586,0.00279756897078164
16,1000.0,10000,4,0.9925816225544593,1007.7390235917932,Banerjee,closed_form,1008.2313706522979,0.0004885660364226747,0.008231370652297869
16,1000.0,10000,5,0.9925429795794216,1002.4998412411918,Banerjee,closed_form,1002.9921485041,0.0004910796417669855,0.002992148504099987
16,1000.0,10000,6,0.9925450580153955,1002.7802517583814,Banerjee,closed_form,1003.2725611618134,0.00049094445424985,0.003272561161813428
16,1000.0,10000,7,0.9925296825844261,1000.709580129014,Banerjee,closed_form,1001.201873697789,0.0004919444947369964,0.001201873697788983
16,1000.0,10000,8,0.9925474453336713,1003.1025278802912,Banerjee,closed_form,1003.5948397423522,0.0004907891749623355,0.0035948397423521783
16,1000.0,10000,9,0.9925112863262384,998.2432540169409,Banerjee,closed_form,998.7355286401478,0.0004931409465838607,0.001264471359852223
16,1000.0,10000,10,0.9925172861959556,999.0463043298275,Banerjee,closed_form,999.5385851320461,0.0004927507364624403,0.000461414867953863
16,1000.0,10000,11,0.9925164247810413,998.9309294090407,Banerjee,closed_form,999.4232093241221,0.0004928067602958981,0.0005767906758778736
16,1000.0,10000,12,0.9924531351105893,990.5261856908746,Banerjee,closed_form,991.0184004275445,0.000496922488047686,0.00898159957245548
16,1000.0,10000,13,0.9925147709111555,998.7094902574715,Banerjee,closed_form,999.2017684693025,0.0004929143225664253,0.0007982315306975351
16,1000.0,10000,14,0.9925408468254437,1002.212264899703,Banerjee,closed_form,1002.7045699661554,0.0004912183613136216,0.0027045699661554182
16,1000.0,10000,15,0.9925316648694231,1000.9760637434617,Banerjee,closed_form,1001.4683593537178,0.0004918155669127311,0.0014683593537178012
16,1000.0,10000,16,0.992510846988043,998.1845015193225,Banerjee,closed_form,998.6767756900755,0.0004931695192659787,0.0013232243099245125
16,1000.0,10000,17,0.9925241281982138,999.9636426143734,Banerjee,closed_form,1000.4559304628885,0.0004923057474650682,0.00045593046288854564
16,1000.0,10000,18,0.992557588344033,1004.4740892517461,Banerjee,closed_form,1004.9664115598339,0.0004901294252940778,0.004966411559833886
16,1000.0,10000,19,0.992542969066641,1002.4984233151606,Banerjee,closed_form,1002.9907305672411,0.0004910803255455766,0.002990730567241144
16,1000.0,10000,0,0.9925241082608711,999.9609670851147,Sra two-step (SciPy),sra,999.9609670865524,1.4377398690054904e-12,3.903291344761328e-05
16,1000.0,10000,1,0.9924772086347246,993.7064371112609,Sra two-step (SciPy),sra,993.70643711644,5.211919119998673e-12,0.006293562883559957
16,1000.0,10000,2,0.9925101349599615,998.0892969641023,Sra two-step (SciPy),sra,998.0892969702213,6.130680576680522e-12,0.0019107030297786877
16,1000.0,10000,3,0.9925415366626505,1002.305263193889,Sra two-step (SciPy),sra,1002.3052632009823,7.076948636747452e-12,0.0023052632009822674
16,1000.0,10000,4,0.9925816225544593,1007.7390235917932,Sra two-step (SciPy),sra,1007.7390235946963,2.880812412832744e-12,0.007739023594696278
16,1000.0,10000,5,0.9925429795794216,1002.4998412411918,Sra two-step (SciPy),sra,1002.4998412282631,1.2896455468133185e-11,0.002499841228263108
16,1000.0,10000,6,0.9925450580153955,1002.7802517583814,Sra two-step (SciPy),sra,1002.7802517563008,2.0748143110068035e-12,0.0027802517563007994
16,1000.0,10000,7,0.9925296825844261,1000.709580129014,Sra two-step (SciPy),sra,1000.7095801372578,8.238041799782154e-12,0.0007095801372578308
16,1000.0,10000,8,0.9925474453336713,1003.1025278802912,Sra two-step (SciPy),sra,1003.1025278717821,8.482800617530955e-12,0.0031025278717820583
16,1000.0,10000,9,0.9925112863262384,998.2432540169409,Sra two-step (SciPy),sra,998.2432540195596,2.623271040943356e-12,0.001756745980440428
16,1000.0,10000,10,0.9925172861959556,999.0463043298275,Sra two-step (SciPy),sra,999.0463043366117,6.790624543424546e-12,0.0009536956633883165
16,1000.0,10000,11,0.9925164247810413,998.9309294090407,Sra two-step (SciPy),sra,998.9309294041032,4.942817269666993e-12,0.0010690705958968465
16,1000.0,10000,12,0.9924531351105893,990.5261856908746,Sra two-step (SciPy),sra,990.5261857031539,1.2396759944056542e-11,0.009473814296846059
16,1000.0,10000,13,0.9925147709111555,998.7094902574715,Sra two-step (SciPy),sra,998.7094902702115,1.27564367146199e-11,0.0012905097297884823
16,1000.0,10000,14,0.9925408468254437,1002.212264899703,Sra two-step (SciPy),sra,1002.2122648981065,1.5929801680130356e-12,0.0022122648981064683
16,1000.0,10000,15,0.9925316648694231,1000.9760637434617,Sra two-step (SciPy),sra,1000.9760637480441,4.577907038963506e-12,0.0009760637480441119
16,1000.0,10000,16,0.992510846988043,998.1845015193225,Sra two-step (SciPy),sra,998.184501519116,2.0683079830253029e-13,0.0018154984808840028
16,1000.0,10000,17,0.9925241281982138,999.9636426143734,Sra two-step (SciPy),sra,999.9636426145948,2.2147001195233731e-13,3.6357385405153766e-05
16,1000.0,10000,18,0.992557588344033,1004.4740892517461,Sra two-step (SciPy),sra,1004.4740892458599,5.860031406344371e-12,0.004474089245859887
16,1000.0,10000,19,0.992542969066641,1002.4984233151606,Sra two-step (SciPy),sra,1002.4984233183762,3.20761821681688e-12,0.00249842331837624
16,1000.0,10000,0,0.9925241082608711,999.9609670851147,Converged Newton (SciPy),converged,999.9609670865524,1.4377398690054904e-12,3.903291344761328e-05
16,1000.0,10000,1,0.9924772086347246,993.7064371112609,Converged Newton (SciPy),converged,993.70643711644,5.211919119998673e-12,0.006293562883559957
16,1000.0,10000,2,0.9925101349599615,998.0892969641023,Converged Newton (SciPy),converged,998.0892969702213,6.130680576680522e-12,0.0019107030297786877
16,1000.0,10000,3,0.9925415366626505,1002.305263193889,Converged Newton (SciPy),converged,1002.3052632009823,7.076948636747452e-12,0.0023052632009822674
16,1000.0,10000,4,0.9925816225544593,1007.7390235917932,Converged Newton (SciPy),converged,1007.7390235946963,2.880812412832744e-12,0.007739023594696278
16,1000.0,10000,5,0.9925429795794216,1002.4998412411918,Converged Newton (SciPy),converged,1002.4998412282631,1.2896455468133185e-11,0.002499841228263108
16,1000.0,10000,6,0.9925450580153955,1002.7802517583814,Converged Newton (SciPy),converged,1002.7802517563008,2.0748143110068035e-12,0.0027802517563007994
16,1000.0,10000,7,0.9925296825844261,1000.709580129014,Converged Newton (SciPy),converged,1000.7095801372578,8.238041799782154e-12,0.0007095801372578308
16,1000.0,10000,8,0.9925474453336713,1003.1025278802912,Converged Newton (SciPy),converged,1003.1025278717821,8.482800617530955e-12,0.0031025278717820583
16,1000.0,10000,9,0.9925112863262384,998.2432540169409,Converged Newton (SciPy),converged,998.2432540195596,2.623271040943356e-12,0.001756745980440428
16,1000.0,10000,10,0.9925172861959556,999.0463043298275,Converged Newton (SciPy),converged,999.0463043366117,6.790624543424546e-12,0.0009536956633883165
16,1000.0,10000,11,0.9925164247810413,998.9309294090407,Converged Newton (SciPy),converged,998.9309294041032,4.942817269666993e-12,0.0010690705958968465
16,1000.0,10000,12,0.9924531351105893,990.5261856908746,Converged Newton (SciPy),converged,990.5261857031539,1.2396759944056542e-11,0.009473814296846059
16,1000.0,10000,13,0.9925147709111555,998.7094902574715,Converged Newton (SciPy),converged,998.7094902702115,1.27564367146199e-11,0.0012905097297884823
16,1000.0,10000,14,0.9925408468254437,1002.212264899703,Converged Newton (SciPy),converged,1002.2122648981065,1.5929801680130356e-12,0.0022122648981064683
16,1000.0,10000,15,0.9925316648694231,1000.9760637434617,Converged Newton (SciPy),converged,1000.9760637480441,4.577907038963506e-12,0.0009760637480441119
16,1000.0,10000,16,0.992510846988043,998.1845015193225,Converged Newton (SciPy),converged,998.184501519116,2.0683079830253029e-13,0.0018154984808840028
16,1000.0,10000,17,0.9925241281982138,999.9636426143734,Converged Newton (SciPy),converged,999.9636426145948,2.2147001195233731e-13,3.6357385405153766e-05
16,1000.0,10000,18,0.992557588344033,1004.4740892517461,Converged Newton (SciPy),converged,1004.4740892458599,5.860031406344371e-12,0.004474089245859887
16,1000.0,10000,19,0.992542969066641,1002.4984233151606,Converged Newton (SciPy),converged,1002.4984233183762,3.20761821681688e-12,0.00249842331837624
16,1000.0,10000,0,0.9925241082608711,999.9609670851147,Banerjee (Torch),closed_form,1000.4532549130975,0.0004923070441617023,0.000453254913097453
16,1000.0,10000,1,0.9924772086347246,993.7064371112609,Banerjee (Torch),closed_form,994.198676639658,0.0004953570893914899,0.005801323360342053
16,1000.0,10000,2,0.9925101349599615,998.0892969641023,Banerjee (Torch),closed_form,998.5815704015705,0.0004932158264450982,0.0014184295984294977
16,1000.0,10000,3,0.9925415366626505,1002.305263193889,Banerjee (Torch),closed_form,1002.7975689707816,0.0004911734927180586,0.00279756897078164
16,1000.0,10000,4,0.9925816225544593,1007.7390235917932,Banerjee (Torch),closed_form,1008.2313706522979,0.0004885660364226747,0.008231370652297869
16,1000.0,10000,5,0.9925429795794216,1002.4998412411918,Banerjee (Torch),closed_form,1002.9921485041,0.0004910796417669855,0.002992148504099987
16,1000.0,10000,6,0.9925450580153955,1002.7802517583814,Banerjee (Torch),closed_form,1003.2725611618134,0.00049094445424985,0.003272561161813428
16,1000.0,10000,7,0.9925296825844261,1000.709580129014,Banerjee (Torch),closed_form,1001.201873697789,0.0004919444947369964,0.001201873697788983
16,1000.0,10000,8,0.9925474453336713,1003.1025278802912,Banerjee (Torch),closed_form,1003.5948397423522,0.0004907891749623355,0.0035948397423521783
16,1000.0,10000,9,0.9925112863262384,998.2432540169409,Banerjee (Torch),closed_form,998.7355286401478,0.0004931409465838607,0.001264471359852223
16,1000.0,10000,10,0.9925172861959556,999.0463043298275,Banerjee (Torch),closed_form,999.5385851320461,0.0004927507364624403,0.000461414867953863
16,1000.0,10000,11,0.9925164247810413,998.9309294090407,Banerjee (Torch),closed_form,999.4232093241221,0.0004928067602958981,0.0005767906758778736
16,1000.0,10000,12,0.9924531351105893,990.5261856908746,Banerjee (Torch),closed_form,991.0184004275445,0.000496922488047686,0.00898159957245548
16,1000.0,10000,13,0.9925147709111555,998.7094902574715,Banerjee (Torch),closed_form,999.2017684693025,0.0004929143225664253,0.0007982315306975351
16,1000.0,10000,14,0.9925408468254437,1002.212264899703,Banerjee (Torch),closed_form,1002.7045699661554,0.0004912183613136216,0.0027045699661554182
16,1000.0,10000,15,0.9925316648694231,1000.9760637434617,Banerjee (Torch),closed_form,1001.4683593537178,0.0004918155669127311,0.0014683593537178012
16,1000.0,10000,16,0.992510846988043,998.1845015193225,Banerjee (Torch),closed_form,998.6767756900755,0.0004931695192659787,0.0013232243099245125
16,1000.0,10000,17,0.9925241281982138,999.9636426143734,Banerjee (Torch),closed_form,1000.4559304628885,0.0004923057474650682,0.00045593046288854564
16,1000.0,10000,18,0.992557588344033,1004.4740892517461,Banerjee (Torch),closed_form,1004.9664115598339,0.0004901294252940778,0.004966411559833886
16,1000.0,10000,19,0.992542969066641,1002.4984233151606,Banerjee (Torch),closed_form,1002.9907305672411,0.0004910803255455766,0.002990730567241144
16,1000.0,10000,0,0.9925241082608711,999.9609670851147,Sra two-step (CUSF),sra,999.9609670865524,1.4377398690054904e-12,3.903291344761328e-05
16,1000.0,10000,1,0.9924772086347246,993.7064371112609,Sra two-step (CUSF),sra,993.70643711644,5.211919119998673e-12,0.006293562883559957
16,1000.0,10000,2,0.9925101349599615,998.0892969641023,Sra two-step (CUSF),sra,998.0892969549315,9.188446217410109e-12,0.0019107030450685443
16,1000.0,10000,3,0.9925415366626505,1002.305263193889,Sra two-step (CUSF),sra,1002.3052631857665,8.10378844263072e-12,0.0023052631857665346
16,1000.0,10000,4,0.9925816225544593,1007.7390235917932,Sra two-step (CUSF),sra,1007.7390235793308,1.2366645390614246e-11,0.00773902357933082
16,1000.0,10000,5,0.9925429795794216,1002.4998412411918,Sra two-step (CUSF),sra,1002.4998412434696,2.272149467644928e-12,0.002499841243469632
16,1000.0,10000,6,0.9925450580153955,1002.7802517583814,Sra two-step (CUSF),sra,1002.7802517717265,1.3308129495521208e-11,0.0027802517717265118
16,1000.0,10000,7,0.9925296825844261,1000.709580129014,Sra two-step (CUSF),sra,1000.7095801370627,8.043093517679025e-12,0.0007095801370627441
16,1000.0,10000,8,0.9925474453336713,1003.1025278802912,Sra two-step (CUSF),sra,1003.1025278870219,6.709897895176862e-12,0.0031025278870218925
16,1000.0,10000,9,0.9925112863262384,998.2432540169409,Sra two-step (CUSF),sra,998.2432540044815,1.2481321805207353e-11,0.0017567459955184859
16,1000.0,10000,10,0.9925172861959556,999.0463043298275,Sra two-step (CUSF),sra,999.0463043215094,8.326065388087672e-12,0.0009536956784905896
16,1000.0,10000,11,0.9925164247810413,998.9309294090407,Sra two-step (CUSF),sra,998.9309294038936,5.152566348159228e-12,0.0010690705961063714
16,1000.0,10000,12,0.9924531351105893,990.5261856908746,Sra two-step (CUSF),sra,990.5261857031539,1.2396759944056542e-11,0.009473814296846059
16,1000.0,10000,13,0.9925147709111555,998.7094902574715,Sra two-step (CUSF),sra,998.7094902551046,2.3700184933196473e-12,0.0012905097448954166
16,1000.0,10000,14,0.9925408468254437,1002.212264899703,Sra two-step (CUSF),sra,1002.2122648981065,1.5929801680130356e-12,0.0022122648981064683
16,1000.0,10000,15,0.9925316648694231,1000.9760637434617,Sra two-step (CUSF),sra,1000.9760637480441,4.577907038963506e-12,0.0009760637480441119
16,1000.0,10000,16,0.992510846988043,998.1845015193225,Sra two-step (CUSF),sra,998.184501519116,2.0683079830253029e-13,0.0018154984808840028
16,1000.0,10000,17,0.9925241281982138,999.9636426143734,Sra two-step (CUSF),sra,999.9636426147972,4.2383994073835394e-13,3.635738520279119e-05
16,1000.0,10000,18,0.992557588344033,1004.4740892517461,Sra two-step (CUSF),sra,1004.4740892613077,9.518929260645608e-12,0.004474089261307654
16,1000.0,10000,19,0.992542969066641,1002.4984233151606,Sra two-step (CUSF),sra,1002.4984233031547,1.1975977436342466e-11,0.0024984233031547093
16,1000.0,10000,0,0.9925241082608711,999.9609670851147,Converged Newton (CUSF),converged,999.9609670865524,1.4377398690054904e-12,3.903291344761328e-05
16,1000.0,10000,1,0.9924772086347246,993.7064371112609,Converged Newton (CUSF),converged,993.70643711644,5.211919119998673e-12,0.006293562883559957
16,1000.0,10000,2,0.9925101349599615,998.0892969641023,Converged Newton (CUSF),converged,998.0892969549315,9.188446217410109e-12,0.0019107030450685443
16,1000.0,10000,3,0.9925415366626505,1002.305263193889,Converged Newton (CUSF),converged,1002.3052631857665,8.10378844263072e-12,0.0023052631857665346
16,1000.0,10000,4,0.9925816225544593,1007.7390235917932,Converged Newton (CUSF),converged,1007.7390235793308,1.2366645390614246e-11,0.00773902357933082
16,1000.0,10000,5,0.9925429795794216,1002.4998412411918,Converged Newton (CUSF),converged,1002.4998412434696,2.272149467644928e-12,0.002499841243469632
16,1000.0,10000,6,0.9925450580153955,1002.7802517583814,Converged Newton (CUSF),converged,1002.7802517717265,1.3308129495521208e-11,0.0027802517717265118
16,1000.0,10000,7,0.9925296825844261,1000.709580129014,Converged Newton (CUSF),converged,1000.7095801370627,8.043093517679025e-12,0.0007095801370627441
16,1000.0,10000,8,0.9925474453336713,1003.1025278802912,Converged Newton (CUSF),converged,1003.1025278870219,6.709897895176862e-12,0.0031025278870218925
16,1000.0,10000,9,0.9925112863262384,998.2432540169409,Converged Newton (CUSF),converged,998.2432540044815,1.2481321805207353e-11,0.0017567459955184859
16,1000.0,10000,10,0.9925172861959556,999.0463043298275,Converged Newton (CUSF),converged,999.0463043215094,8.326065388087672e-12,0.0009536956784905896
16,1000.0,10000,11,0.9925164247810413,998.9309294090407,Converged Newton (CUSF),converged,998.9309294038936,5.152566348159228e-12,0.0010690705961063714
16,1000.0,10000,12,0.9924531351105893,990.5261856908746,Converged Newton (CUSF),converged,990.5261857031539,1.2396759944056542e-11,0.009473814296846059
16,1000.0,10000,13,0.9925147709111555,998.7094902574715,Converged Newton (CUSF),converged,998.7094902551046,2.3700184933196473e-12,0.0012905097448954166
16,1000.0,10000,14,0.9925408468254437,1002.212264899703,Converged Newton (CUSF),converged,1002.2122648981065,1.5929801680130356e-12,0.0022122648981064683
16,1000.0,10000,15,0.9925316648694231,1000.9760637434617,Converged Newton (CUSF),converged,1000.9760637480441,4.577907038963506e-12,0.0009760637480441119
16,1000.0,10000,16,0.992510846988043,998.1845015193225,Converged Newton (CUSF),converged,998.184501519116,2.0683079830253029e-13,0.0018154984808840028
16,1000.0,10000,17,0.9925241281982138,999.9636426143734,Converged Newton (CUSF),converged,999.9636426147972,4.2383994073835394e-13,3.635738520279119e-05
16,1000.0,10000,18,0.992557588344033,1004.4740892517461,Converged Newton (CUSF),converged,1004.4740892613077,9.518929260645608e-12,0.004474089261307654
16,1000.0,10000,19,0.992542969066641,1002.4984233151606,Converged Newton (CUSF),converged,1002.4984233031547,1.1975977436342466e-11,0.0024984233031547093
16,1000.0,10000,0,0.9925241082608711,999.9609670851147,SciPy Brent,reference,999.9609670850992,1.5462013457595027e-14,3.903291490075844e-05
16,1000.0,10000,1,0.9924772086347246,993.7064371112609,SciPy Brent,reference,993.706437111275,1.4186451200277361e-14,0.006293562888724978
16,1000.0,10000,2,0.9925101349599615,998.0892969641023,SciPy Brent,reference,998.0892969641012,1.1390447534846668e-15,0.0019107030358987912
16,1000.0,10000,3,0.9925415366626505,1002.305263193889,SciPy Brent,reference,1002.3052631938924,3.4027608722520724e-15,0.0023052631938924152
16,1000.0,10000,4,0.9925816225544593,1007.7390235917932,SciPy Brent,reference,1007.7390235917895,3.610040617584892e-15,0.0077390235917895326
16,1000.0,10000,5,0.9925429795794216,1002.4998412411918,SciPy Brent,reference,1002.4998412412048,1.2927981598698432e-14,0.002499841241204763
16,1000.0,10000,6,0.9925450580153955,1002.7802517583814,SciPy Brent,reference,1002.7802517584008,1.9386549761333446e-14,0.0027802517584008227
16,1000.0,10000,7,0.9925296825844261,1000.709580129014,SciPy Brent,reference,1000.7095801290305,1.6586508850266077e-14,0.0007095801290305417
16,1000.0,10000,8,0.9925474453336713,1003.1025278802912,SciPy Brent,reference,1003.102527880291,2.266704241327229e-16,0.00310252788029095
16,1000.0,10000,9,0.9925112863262384,998.2432540169409,SciPy Brent,reference,998.2432540169142,2.6763423401132615e-14,0.001756745983085807
16,1000.0,10000,10,0.9925172861959556,999.0463043298275,SciPy Brent,reference,999.0463043298063,2.127973304320793e-14,0.0009536956701937243
16,1000.0,10000,11,0.9925164247810413,998.9309294090407,SciPy Brent,reference,998.9309294090397,1.0242765634455328e-15,0.0010690705909603365
16,1000.0,10000,12,0.9924531351105893,990.5261856908746,SciPy Brent,reference,990.5261856908569,1.790477318093529e-14,0.00947381430914311
16,1000.0,10000,13,0.9925147709111555,998.7094902574715,SciPy Brent,reference,998.709490257447,2.4588088115131787e-14,0.001290509742553013
16,1000.0,10000,14,0.9925408468254437,1002.212264899703,SciPy Brent,reference,1002.2122648996824,2.0531895635573558e-14,0.0022122648996823957
16,1000.0,10000,15,0.9925316648694231,1000.9760637434617,SciPy Brent,reference,1000.9760637434415,2.021652449786648e-14,0.0009760637434415003
16,1000.0,10000,16,0.992510846988043,998.1845015193225,SciPy Brent,reference,998.1845015193352,1.2756084476808034e-14,0.0018154984806648144
16,1000.0,10000,17,0.9925241281982138,999.9636426143734,SciPy Brent,reference,999.9636426143795,6.1393124463173586e-15,3.6357385620476636e-05
16,1000.0,10000,18,0.992557588344033,1004.4740892517461,SciPy Brent,reference,1004.4740892517573,1.109168490848556e-14,0.004474089251757277
16,1000.0,10000,19,0.992542969066641,1002.4984233151606,SciPy Brent,reference,1002.4984233151739,1.3268210407197277e-14,0.002498423315173909
16,1000.0,10000,0,0.9925241082608711,999.9609670851147,Direct likelihood,reference,999.9608968991525,7.018870182819979e-08,3.9103100847455605e-05
16,1000.0,10000,1,0.9924772086347246,993.7064371112609,Direct likelihood,reference,993.7063590764034,7.852908528861548e-08,0.006293640923596627
16,1000.0,10000,2,0.9925101349599615,998.0892969641023,Direct likelihood,reference,998.0892944187623,2.550212765991637e-09,0.001910705581237721
16,1000.0,10000,3,0.9925415366626505,1002.305263193889,Direct likelihood,reference,1002.3052458277684,1.732617917043745e-08,0.002305245827768431
16,1000.0,10000,4,0.9925816225544593,1007.7390235917932,Direct likelihood,reference,1007.7390069258047,1.653800050651933e-08,0.007739006925804688
16,1000.0,10000,5,0.9925429795794216,1002.4998412411918,Direct likelihood,reference,1002.4998248403373,1.635995722404297e-08,0.0024998248403372827
16,1000.0,10000,6,0.9925450580153955,1002.7802517583814,Direct likelihood,reference,1002.7802352743826,1.643829621818388e-08,0.002780235274382562
16,1000.0,10000,7,0.9925296825844261,1000.709580129014,Direct likelihood,reference,1000.709517243604,6.284081939193519e-08,0.0007095172436039547
16,1000.0,10000,8,0.9925474453336713,1003.1025278802912,Direct likelihood,reference,1003.1025407969111,1.2876669653737187e-08,0.0031025407969110575
16,1000.0,10000,9,0.9925112863262384,998.2432540169409,Direct likelihood,reference,998.2432376410002,1.6404759727203914e-08,0.001756762358999822
16,1000.0,10000,10,0.9925172861959556,999.0463043298275,Direct likelihood,reference,999.0463778334224,7.35737618545752e-08,0.0009536221665775883
16,1000.0,10000,11,0.9925164247810413,998.9309294090407,Direct likelihood,reference,998.9307960499069,1.3350185667858613e-07,0.0010692039500930833
16,1000.0,10000,12,0.9924531351105893,990.5261856908746,Direct likelihood,reference,990.5261493009999,3.673792296852708e-08,0.00947385069900008
16,1000.0,10000,13,0.9925147709111555,998.7094902574715,Direct likelihood,reference,998.7094717533647,1.8528017420452095e-08,0.00129052824663529
16,1000.0,10000,14,0.9925408468254437,1002.212264899703,Direct likelihood,reference,1002.2122174141456,4.7380738643404164e-08,0.0022122174141455844
16,1000.0,10000,15,0.9925316648694231,1000.9760637434617,Direct likelihood,reference,1000.975981389303,8.227385420901456e-08,0.0009759813893030014
16,1000.0,10000,16,0.992510846988043,998.1845015193225,Direct likelihood,reference,998.1844999684934,1.5536497458942804e-09,0.0018155000315066446
16,1000.0,10000,17,0.9925241281982138,999.9636426143734,Direct likelihood,reference,999.963627844734,1.4770176397397002e-08,3.637215526600812e-05
16,1000.0,10000,18,0.992557588344033,1004.4740892517461,Direct likelihood,reference,1004.4741160803742,2.6709129024497473e-08,0.0044741160803741875
16,1000.0,10000,19,0.992542969066641,1002.4984233151606,Direct likelihood,reference,1002.4984969967585,7.349796884359311e-08,0.00249849699675849
64,1.0,10000,0,0.01651846951515142,1.0574618485872884,Banerjee,closed_form,1.0574660817635406,4.003147969692664e-06,0.05746608176354062
64,1.0,10000,1,0.01734077307441002,1.1101331862895183,Banerjee,closed_form,1.1101380835480363,4.411415295503856e-06,0.11013808354803634
64,1.0,10000,2,0.017884208732061233,1.1449444728933191,Banerjee,closed_form,1.1449498450724314,4.692087030782228e-06,0.14494984507243136
64,1.0,10000,3,0.018260940018745665,1.1690781980347216,Banerjee,closed_form,1.1690839168510891,4.891731260737012e-06,0.16908391685108914
64,1.0,10000,4,0.019229771113971356,1.2311468234072624,Banerjee,closed_form,1.2311535014165258,5.424218408709623e-06,0.2311535014165258
64,1.0,10000,5,0.018019532169032734,1.1536132968854786,Banerjee,closed_form,1.1536187919172918,4.763322187742793e-06,0.15361879191729177
64,1.0,10000,6,0.016804158473831734,1.0757607148586368,Banerjee,closed_form,1.0757651714628815,4.142746786711758e-06,0.07576517146288153
64,1.0,10000,7,0.018777439573786046,1.2021671711077042,Banerjee,closed_form,1.2021733889472908,5.172192134320825e-06,0.20217338894729076
64,1.0,10000,8,0.021098721855838352,1.350901352416128,Banerjee,closed_form,1.3509101724047767,6.528965740534933e-06,0.35091017240477673
64,1.0,10000,9,0.016034567882728758,1.0264682634497442,Banerjee,closed_form,1.02647213543734,3.7721454561777194e-06,0.02647213543734006
64,1.0,10000,10,0.016323112112355924,1.0449491627339946,Banerjee,closed_form,1.0449532475072927,3.909064137976486e-06,0.04495324750729268
64,1.0,10000,11,0.019988543475623653,1.279762617978954,Banerjee,closed_form,1.2797701179263101,5.860420714501759e-06,0.2797701179263101
64,1.0,10000,12,0.016717096491752494,1.0701841922947688,Banerjee,closed_form,1.070188579998376,4.099951801477428e-06,0.07018857999837591
64,1.0,10000,13,0.02035695540421226,1.3033689142905056,Banerjee,closed_form,1.3033768365359988,6.078283290565812e-06,0.3033768365359988
64,1.0,10000,14,0.017270279332810425,1.1056176542191964,Banerjee,closed_form,1.105622492004194,4.37564014922295e-06,0.10562249200419394
64,1.0,10000,15,0.01852338382172393,1.1858911399963858,Banerjee,closed_form,1.1858971088994485,5.033263898675578e-06,0.18589710889944855
64,1.0,10000,16,0.022076277020740075,1.4135497822764505,Banerjee,closed_form,1.4135598855716698,7.147463319658727e-06,0.4135598855716698
64,1.0,10000,17,0.02090492666246131,1.3384825333592234,Banerjee,closed_form,1.3384911125878187,6.409667949708984e-06,0.3384911125878187
64,1.0,10000,18,0.019770313943133506,1.2657798600882797,Banerjee,closed_form,1.2657871171088277,5.7332406501868905e-06,0.26578711710882774
64,1.0,10000,19,0.018239439117704304,1.167700806305163,Banerjee,closed_form,1.1677065049482882,4.880225391977161e-06,0.1677065049482882
64,1.0,10000,0,0.01651846951515142,1.0574618485872884,Sra two-step (SciPy),sra,1.057461848587278,9.869005151740018e-15,0.057461848587277986
64,1.0,10000,1,0.01734077307441002,1.1101331862895183,Sra two-step (SciPy),sra,1.1101331862895283,9.000728331546818e-15,0.11013318628952828
64,1.0,10000,2,0.017884208732061233,1.1449444728933191,Sra two-step (SciPy),sra,1.1449444728933245,4.654435777775304e-15,0.14494447289332446
64,1.0,10000,3,0.018260940018745665,1.1690781980347216,Sra two-step (SciPy),sra,1.1690781980347271,4.7482838465874075e-15,0.16907819803472712
64,1.0,10000,4,0.019229771113971356,1.2311468234072624,Sra two-step (SciPy),sra,1.2311468234072604,1.623203184486642e-15,0.23114682340726045
64,1.0,10000,5,0.018019532169032734,1.1536132968854786,Sra two-step (SciPy),sra,1.153613296885504,2.1942435155518537e-14,0.15361329688550396
64,1.0,10000,6,0.016804158473831734,1.0757607148586368,Sra two-step (SciPy),sra,1.075760714858653,1.50677152787247e-14,0.07576071485865299
64,1.0,10000,7,0.018777439573786046,1.2021671711077042,Sra two-step (SciPy),sra,1.2021671711077302,2.161032126030427e-14,0.2021671711077302
64,1.0,10000,8,0.021098721855838352,1.350901352416128,Sra two-step (SciPy),sra,1.3509013524161386,7.88965161470828e-15,0.3509013524161386
64,1.0,10000,9,0.016034567882728758,1.0264682634497442,Sra two-step (SciPy),sra,1.0264682634497624,1.7738159329603096e-14,0.026468263449762386
64,1.0,10000,10,0.016323112112355924,1.0449491627339946,Sra two-step (SciPy),sra,1.0449491627339944,2.124932129177232e-16,0.04494916273399441
64,1.0,10000,11,0.019988543475623653,1.279762617978954,Sra two-step (SciPy),sra,1.2797626179789583,3.2965859717313408e-15,0.2797626179789583
64,1.0,10000,12,0.016717096491752494,1.0701841922947688,Sra two-step (SciPy),sra,1.070184192294762,6.4319607804298696e-15,0.07018419229476192
64,1.0,10000,13,0.02035695540421226,1.3033689142905056,Sra two-step (SciPy),sra,1.3033689142905054,1.7036205366759283e-16,0.3033689142905054
64,1.0,10000,14,0.017270279332810425,1.1056176542191964,Sra two-step (SciPy),sra,1.1056176542192044,7.229991079462574e-15,0.10561765421920444
64,1.0,10000,15,0.01852338382172393,1.1858911399963858,Sra two-step (SciPy),sra,1.1858911399963934,6.366112632795344e-15,0.1858911399963934
64,1.0,10000,16,0.022076277020740075,1.4135497822764505,Sra two-step (SciPy),sra,1.41354978227647,1.3823301788448295e-14,0.41354978227647
64,1.0,10000,17,0.02090492666246131,1.3384825333592234,Sra two-step (SciPy),sra,1.3384825333592516,2.1068384624120245e-14,0.3384825333592516
64,1.0,10000,18,0.019770313943133506,1.2657798600882797,Sra two-step (SciPy),sra,1.2657798600883003,1.631417034600922e-14,0.26577986008830035
64,1.0,10000,19,0.018239439117704304,1.167700806305163,Sra two-step (SciPy),sra,1.167700806305165,1.711398530800557e-15,0.16770080630516504
64,1.0,10000,0,0.01651846951515142,1.0574618485872884,Converged Newton (SciPy),converged,1.0574618485873,1.0918899316818742e-14,0.05746184858729997
64,1.0,10000,1,0.01734077307441002,1.1101331862895183,Converged Newton (SciPy),converged,1.110133186289511,6.600534109801e-15,0.11013318628951096
64,1.0,10000,2,0.017884208732061233,1.1449444728933191,Converged Newton (SciPy),converged,1.1449444728933165,2.327217888887652e-15,0.14494447289331647
64,1.0,10000,3,0.018260940018745665,1.1690781980347216,Converged Newton (SciPy),converged,1.169078198034699,1.9372998094076624e-14,0.16907819803469892
64,1.0,10000,4,0.019229771113971356,1.2311468234072624,Converged Newton (SciPy),converged,1.231146823407239,1.9117726395064893e-14,0.2311468234072389
64,1.0,10000,5,0.018019532169032734,1.1536132968854786,Converged Newton (SciPy),converged,1.1536132968854655,1.1356172580487664e-14,0.15361329688546554
64,1.0,10000,6,0.016804158473831734,1.0757607148586368,Converged Newton (SciPy),converged,1.0757607148586346,2.064070586126671e-15,0.07576071485863456
64,1.0,10000,7,0.018777439573786046,1.2021671711077042,Converged Newton (SciPy),converged,1.2021671711076707,2.789024367782859e-14,0.20216717110767068
64,1.0,10000,8,0.021098721855838352,1.350901352416128,Converged Newton (SciPy),converged,1.3509013524160614,4.9310322591926746e-14,0.35090135241606135
64,1.0,10000,9,0.016034567882728758,1.0264682634497442,Converged Newton (SciPy),converged,1.0264682634497497,5.4079754053667975e-15,0.02646826344974973
64,1.0,10000,10,0.016323112112355924,1.0449491627339946,Converged Newton (SciPy),converged,1.0449491627339815,1.2537099562145668e-14,0.04494916273398153
64,1.0,10000,11,0.019988543475623653,1.279762617978954,Converged Newton (SciPy),converged,1.2797626179789245,2.3076101802119385e-14,0.27976261797892454
64,1.0,10000,12,0.016717096491752494,1.0701841922947688,Converged Newton (SciPy),converged,1.070184192294763,5.394547751328277e-15,0.07018419229476303
64,1.0,10000,13,0.02035695540421226,1.3033689142905056,Converged Newton (SciPy),converged,1.3033689142904499,4.27608754705658e-14,0.3033689142904499
64,1.0,10000,14,0.017270279332810425,1.1056176542191964,Converged Newton (SciPy),converged,1.10561765421918,1.4861648330006403e-14,0.10561765421918001
64,1.0,10000,15,0.01852338382172393,1.1858911399963858,Converged Newton (SciPy),converged,1.1858911399963543,2.658788217226291e-14,0.18589113999635432
64,1.0,10000,16,0.022076277020740075,1.4135497822764505,Converged Newton (SciPy),converged,1.4135497822763645,6.079111127419876e-14,0.4135497822763645
64,1.0,10000,17,0.02090492666246131,1.3384825333592234,Converged Newton (SciPy),converged,1.3384825333591737,3.715998547876327e-14,0.33848253335917367
64,1.0,10000,18,0.019770313943133506,1.2657798600882797,Converged Newton (SciPy),converged,1.2657798600882608,1.4910800853879393e-14,0.2657798600882608
64,1.0,10000,19,0.018239439117704304,1.167700806305163,Converged Newton (SciPy),converged,1.167700806305141,1.8825383838806127e-14,0.16770080630514106
64,1.0,10000,0,0.01651846951515142,1.0574618485872884,Banerjee (Torch),closed_form,1.0574660817635406,4.003147969692664e-06,0.05746608176354062
64,1.0,10000,1,0.01734077307441002,1.1101331862895183,Banerjee (Torch),closed_form,1.1101380835480363,4.411415295503856e-06,0.11013808354803634
64,1.0,10000,2,0.017884208732061233,1.1449444728933191,Banerjee (Torch),closed_form,1.1449498450724314,4.692087030782228e-06,0.14494984507243136
64,1.0,10000,3,0.018260940018745665,1.1690781980347216,Banerjee (Torch),closed_form,1.1690839168510891,4.891731260737012e-06,0.16908391685108914
64,1.0,10000,4,0.019229771113971356,1.2311468234072624,Banerjee (Torch),closed_form,1.2311535014165258,5.424218408709623e-06,0.2311535014165258
64,1.0,10000,5,0.018019532169032734,1.1536132968854786,Banerjee (Torch),closed_form,1.1536187919172918,4.763322187742793e-06,0.15361879191729177
64,1.0,10000,6,0.016804158473831734,1.0757607148586368,Banerjee (Torch),closed_form,1.0757651714628815,4.142746786711758e-06,0.07576517146288153
64,1.0,10000,7,0.018777439573786046,1.2021671711077042,Banerjee (Torch),closed_form,1.2021733889472908,5.172192134320825e-06,0.20217338894729076
64,1.0,10000,8,0.021098721855838352,1.350901352416128,Banerjee (Torch),closed_form,1.3509101724047767,6.528965740534933e-06,0.35091017240477673
64,1.0,10000,9,0.016034567882728758,1.0264682634497442,Banerjee (Torch),closed_form,1.02647213543734,3.7721454561777194e-06,0.02647213543734006
64,1.0,10000,10,0.016323112112355924,1.0449491627339946,Banerjee (Torch),closed_form,1.0449532475072927,3.909064137976486e-06,0.04495324750729268
64,1.0,10000,11,0.019988543475623653,1.279762617978954,Banerjee (Torch),closed_form,1.2797701179263101,5.860420714501759e-06,0.2797701179263101
64,1.0,10000,12,0.016717096491752494,1.0701841922947688,Banerjee (Torch),closed_form,1.070188579998376,4.099951801477428e-06,0.07018857999837591
64,1.0,10000,13,0.02035695540421226,1.3033689142905056,Banerjee (Torch),closed_form,1.3033768365359988,6.078283290565812e-06,0.3033768365359988
64,1.0,10000,14,0.017270279332810425,1.1056176542191964,Banerjee (Torch),closed_form,1.105622492004194,4.37564014922295e-06,0.10562249200419394
64,1.0,10000,15,0.01852338382172393,1.1858911399963858,Banerjee (Torch),closed_form,1.1858971088994485,5.033263898675578e-06,0.18589710889944855
64,1.0,10000,16,0.022076277020740075,1.4135497822764505,Banerjee (Torch),closed_form,1.4135598855716698,7.147463319658727e-06,0.4135598855716698
64,1.0,10000,17,0.02090492666246131,1.3384825333592234,Banerjee (Torch),closed_form,1.3384911125878187,6.409667949708984e-06,0.3384911125878187
64,1.0,10000,18,0.019770313943133506,1.2657798600882797,Banerjee (Torch),closed_form,1.2657871171088277,5.7332406501868905e-06,0.26578711710882774
64,1.0,10000,19,0.018239439117704304,1.167700806305163,Banerjee (Torch),closed_form,1.1677065049482882,4.880225391977161e-06,0.1677065049482882
64,1.0,10000,0,0.01651846951515142,1.0574618485872884,Sra two-step (CUSF),sra,1.057461848587293,4.409555493330646e-15,0.057461848587293085
64,1.0,10000,1,0.01734077307441002,1.1101331862895183,Sra two-step (CUSF),sra,1.1101331862895125,5.200420813782606e-15,0.11013318628951252
64,1.0,10000,2,0.017884208732061233,1.1449444728933191,Sra two-step (CUSF),sra,1.144944472893308,9.69674120369855e-15,0.14494447289330803
64,1.0,10000,3,0.018260940018745665,1.1690781980347216,Sra two-step (CUSF),sra,1.1690781980347438,1.899313538634963e-14,0.16907819803474378
64,1.0,10000,4,0.019229771113971356,1.2311468234072624,Sra two-step (CUSF),sra,1.2311468234072604,1.623203184486642e-15,0.23114682340726045
64,1.0,10000,5,0.018019532169032734,1.1536132968854786,Sra two-step (CUSF),sra,1.1536132968854875,7.699100054567908e-15,0.15361329688548753
64,1.0,10000,6,0.016804158473831734,1.0757607148586368,Sra two-step (CUSF),sra,1.0757607148586226,1.3210051751210695e-14,0.07576071485862257
64,1.0,10000,7,0.018777439573786046,1.2021671711077042,Sra two-step (CUSF),sra,1.202167171107679,2.105621045875801e-14,0.2021671711076789
64,1.0,10000,8,0.021098721855838352,1.350901352416128,Sra two-step (CUSF),sra,1.350901352416158,2.2189645166367037e-14,0.35090135241615794
64,1.0,10000,9,0.016034567882728758,1.0264682634497442,Sra two-step (CUSF),sra,1.026468263449748,3.677423275649422e-15,0.026468263449747953
64,1.0,10000,10,0.016323112112355924,1.0449491627339946,Sra two-step (CUSF),sra,1.0449491627340093,1.4024552052569731e-14,0.044949162734009285
64,1.0,10000,11,0.019988543475623653,1.279762617978954,Sra two-step (CUSF),sra,1.279762617978958,3.1230814469033754e-15,0.2797626179789581
64,1.0,10000,12,0.016717096491752494,1.0701841922947688,Sra two-step (CUSF),sra,1.070184192294762,6.4319607804298696e-15,0.07018419229476192
64,1.0,10000,13,0.02035695540421226,1.3033689142905056,Sra two-step (CUSF),sra,1.3033689142904683,2.862082501615559e-14,0.3033689142904683
64,1.0,10000,14,0.017270279332810425,1.1056176542191964,Sra two-step (CUSF),sra,1.1056176542191885,7.229991079462574e-15,0.10561765421918845
64,1.0,10000,15,0.01852338382172393,1.1858911399963858,Sra two-step (CUSF),sra,1.1858911399963765,7.86402148757072e-15,0.18589113999637652
64,1.0,10000,16,0.022076277020740075,1.4135497822764505,Sra two-step (CUSF),sra,1.4135497822764298,1.4608716662791947e-14,0.4135497822764298
64,1.0,10000,17,0.02090492666246131,1.3384825333592234,Sra two-step (CUSF),sra,1.3384825333592325,6.801604484952205e-15,0.3384825333592325
64,1.0,10000,18,0.019770313943133506,1.2657798600882797,Sra two-step (CUSF),sra,1.2657798600882644,1.2104061869619743e-14,0.2657798600882644
64,1.0,10000,19,0.018239439117704304,1.167700806305163,Sra two-step (CUSF),sra,1.167700806305165,1.711398530800557e-15,0.16770080630516504
64,1.0,10000,0,0.01651846951515142,1.0574618485872884,Converged Newton (CUSF),converged,1.057461848587315,2.5197459961889406e-14,0.05746184858731507
64,1.0,10000,1,0.01734077307441002,1.1101331862895183,Converged Newton (CUSF),converged,1.1101331862894952,2.0801683255130425e-14,0.1101331862894952
64,1.0,10000,2,0.017884208732061233,1.1449444728933191,Converged Newton (CUSF),converged,1.1449444728933,1.6678394870361505e-14,0.14494447289330004
64,1.0,10000,3,0.018260940018745665,1.1690781980347216,Converged Newton (CUSF),converged,1.169078198034699,1.9372998094076624e-14,0.16907819803469892
64,1.0,10000,4,0.019229771113971356,1.2311468234072624,Converged Newton (CUSF),converged,1.2311468234072214,3.336584323666986e-14,0.23114682340722137
64,1.0,10000,5,0.018019532169032734,1.1536132968854786,Converged Newton (CUSF),converged,1.1536132968854163,5.408617788333955e-14,0.15361329688541625
64,1.0,10000,6,0.016804158473831734,1.0757607148586368,Converged Newton (CUSF),converged,1.0757607148586346,2.064070586126671e-15,0.07576071485863456
64,1.0,10000,7,0.018777439573786046,1.2021671711077042,Converged Newton (CUSF),converged,1.2021671711076534,4.229712451803144e-14,0.20216717110765337
64,1.0,10000,8,0.021098721855838352,1.350901352416128,Converged Newton (CUSF),converged,1.3509013524160998,2.0874703230582322e-14,0.35090135241609977
64,1.0,10000,9,0.016034567882728758,1.0264682634497442,Converged Newton (CUSF),converged,1.0264682634497206,2.292981571875522e-14,0.02646826344972064
64,1.0,10000,10,0.016323112112355924,1.0449491627339946,Converged Newton (CUSF),converged,1.0449491627339667,2.6774144827633123e-14,0.04494916273396665
64,1.0,10000,11,0.019988543475623653,1.279762617978954,Converged Newton (CUSF),converged,1.2797626179789061,3.74769773628405e-14,0.2797626179789061
64,1.0,10000,12,0.016717096491752494,1.0701841922947688,Converged Newton (CUSF),converged,1.070184192294748,1.9503364947109927e-14,0.07018419229474793
64,1.0,10000,13,0.02035695540421226,1.3033689142905056,Converged Newton (CUSF),converged,1.3033689142904499,4.27608754705658e-14,0.3033689142904499
64,1.0,10000,14,0.017270279332810425,1.1056176542191964,Converged Newton (CUSF),converged,1.1056176542191956,8.033323421625082e-16,0.10561765421919556
64,1.0,10000,15,0.01852338382172393,1.1858911399963858,Converged Newton (CUSF),converged,1.1858911399963543,2.658788217226291e-14,0.18589113999635432
64,1.0,10000,16,0.022076277020740075,1.4135497822764505,Converged Newton (CUSF),converged,1.4135497822763243,8.9223129725439e-14,0.41354978227632433
64,1.0,10000,17,0.02090492666246131,1.3384825333592234,Converged Newton (CUSF),converged,1.3384825333591546,5.142676561793131e-14,0.33848253335915457
64,1.0,10000,18,0.019770313943133506,1.2657798600882797,Converged Newton (CUSF),converged,1.2657798600882069,5.753814917732284e-14,0.26577986008820687
64,1.0,10000,19,0.018239439117704304,1.167700806305163,Converged Newton (CUSF),converged,1.167700806305141,1.8825383838806127e-14,0.16770080630514106
64,1.0,10000,0,0.01651846951515142,1.0574618485872884,SciPy Brent,reference,1.0574618485873075,1.8058179639354075e-14,0.05746184858730752
64,1.0,10000,1,0.01734077307441002,1.1101331862895183,SciPy Brent,reference,1.1101331862895307,1.1200906368147152e-14,0.11013318628953073
64,1.0,10000,2,0.017884208732061233,1.1449444728933191,SciPy Brent,reference,1.1449444728933396,1.7842003814805334e-14,0.14494447289333956
64,1.0,10000,3,0.018260940018745665,1.1690781980347216,SciPy Brent,reference,1.1690781980347273,4.9382152004509035e-15,0.16907819803472734
64,1.0,10000,4,0.019229771113971356,1.2311468234072624,SciPy Brent,reference,1.231146823407274,9.378507288145042e-15,0.231146823407274
64,1.0,10000,5,0.018019532169032734,1.1536132968854786,SciPy Brent,reference,1.1536132968854877,7.891577555932105e-15,0.15361329688548775
64,1.0,10000,6,0.016804158473831734,1.0757607148586368,SciPy Brent,reference,1.0757607148586477,1.0113945872020688e-14,0.07576071485864766
64,1.0,10000,7,0.018777439573786046,1.2021671711077042,SciPy Brent,reference,1.2021671711077278,1.9578581654634638e-14,0.20216717110772775
64,1.0,10000,8,0.021098721855838352,1.350901352416128,SciPy Brent,reference,1.3509013524161373,6.903445162869745e-15,0.3509013524161373
64,1.0,10000,9,0.016034567882728758,1.0264682634497442,SciPy Brent,reference,1.0264682634497537,9.301717697230892e-15,0.026468263449753726
64,1.0,10000,10,0.016323112112355924,1.0449491627339946,SciPy Brent,reference,1.0449491627340093,1.4024552052569731e-14,0.044949162734009285
64,1.0,10000,11,0.019988543475623653,1.279762617978954,SciPy Brent,reference,1.279762617978963,6.940180993118612e-15,0.27976261797896296
64,1.0,10000,12,0.016717096491752494,1.0701841922947688,SciPy Brent,reference,1.070184192294783,1.3278886772500375e-14,0.07018419229478301
64,1.0,10000,13,0.02035695540421226,1.3033689142905056,SciPy Brent,reference,1.3033689142905114,4.429413395357414e-15,0.3033689142905114
64,1.0,10000,14,0.017270279332810425,1.1056176542191964,SciPy Brent,reference,1.1056176542191984,1.8074977698656435e-15,0.10561765421919844
64,1.0,10000,15,0.01852338382172393,1.1858911399963858,SciPy Brent,reference,1.1858911399963916,4.868203778019969e-15,0.18589113999639162
64,1.0,10000,16,0.022076277020740075,1.4135497822764505,SciPy Brent,reference,1.4135497822764587,5.812070070143033e-15,0.41354978227645867
64,1.0,10000,17,0.02090492666246131,1.3384825333592234,SciPy Brent,reference,1.338482533359252,2.140017020875206e-14,0.33848253335925205
64,1.0,10000,18,0.019770313943133506,1.2657798600882797,SciPy Brent,reference,1.2657798600882908,8.77105932581141e-15,0.2657798600882908
64,1.0,10000,19,0.018239439117704304,1.167700806305163,SciPy Brent,reference,1.1677008063051666,3.0424862769787678e-15,0.1677008063051666
64,1.0,10000,0,0.01651846951515142,1.0574618485872884,Direct likelihood,reference,1.057461566984597,2.663005684449677e-07,0.057461566984597034
64,1.0,10000,1,0.01734077307441002,1.1101331862895183,Direct likelihood,reference,1.1101324490595545,6.640914557353663e-07,0.11013244905955455
64,1.0,10000,2,0.017884208732061233,1.1449444728933191,Direct likelihood,reference,1.1449445022587845,2.5647938470295062e-08,0.14494450225878452
64,1.0,10000,3,0.018260940018745665,1.1690781980347216,Direct likelihood,reference,1.1690781530353092,3.849136224948855e-08,0.16907815303530915
64,1.0,10000,4,0.019229771113971356,1.2311468234072624,Direct likelihood,reference,1.231146868521192,3.664382559683505e-08,0.23114686852119193
64,1.0,10000,5,0.018019532169032734,1.1536132968854786,Direct likelihood,reference,1.1536136084576678,2.700837360328498e-07,0.1536136084576678
64,1.0,10000,6,0.016804158473831734,1.0757607148586368,Direct likelihood,reference,1.075760699590788,1.4192606731369285e-08,0.07576069959078802
64,1.0,10000,7,0.018777439573786046,1.2021671711077042,Direct likelihood,reference,1.2021666188562206,4.5937994059958754e-07,0.20216661885622056
64,1.0,10000,8,0.021098721855838352,1.350901352416128,Direct likelihood,reference,1.3509013308089912,1.5994607384052917e-08,0.3509013308089912
64,1.0,10000,9,0.016034567882728758,1.0264682634497442,Direct likelihood,reference,1.0264676811719646,5.672633049476088e-07,0.02646768117196463
64,1.0,10000,10,0.016323112112355924,1.0449491627339946,Direct likelihood,reference,1.044949132966579,2.8486951045207114e-08,0.044949132966578986
64,1.0,10000,11,0.019988543475623653,1.279762617978954,Direct likelihood,reference,1.2797626598278662,3.270052705519762e-08,0.2797626598278662
64,1.0,10000,12,0.016717096491752494,1.0701841922947688,Direct likelihood,reference,1.0701835349359576,6.142482909908335e-07,0.07018353493595764
64,1.0,10000,13,0.02035695540421226,1.3033689142905056,Direct likelihood,reference,1.303368906088643,6.292817353978445e-09,0.3033689060886431
64,1.0,10000,14,0.017270279332810425,1.1056176542191964,Direct likelihood,reference,1.105617701917586,4.314184861137967e-08,0.1056177019175859
64,1.0,10000,15,0.01852338382172393,1.1858911399963858,Direct likelihood,reference,1.1858909905932293,1.2598387109416508e-07,0.18589099059322933
64,1.0,10000,16,0.022076277020740075,1.4135497822764505,Direct likelihood,reference,1.4135505754000008,5.610863942222024e-07,0.41355057540000084
64,1.0,10000,17,0.02090492666246131,1.3384825333592234,Direct likelihood,reference,1.3384820277894514,3.7771861749888746e-07,0.33848202778945136
64,1.0,10000,18,0.019770313943133506,1.2657798600882797,Direct likelihood,reference,1.2657799786499089,9.366686334599543e-08,0.2657799786499089
64,1.0,10000,19,0.018239439117704304,1.167700806305163,Direct likelihood,reference,1.1676995543122897,1.0721863568254892e-06,0.16769955431228967
64,10.0,10000,0,0.14974679064933016,9.797096510820694,Banerjee,closed_form,9.80019728103858,0.0003164988947961325,0.019980271896142023
64,10.0,10000,1,0.15371736480808423,10.06892634305692,Banerjee,closed_form,10.072277280090868,0.0003327998358294729,0.007227728009086753
64,10.0,10000,2,0.15133164256877144,9.905481671202502,Banerjee,closed_form,9.908680772700688,0.00032296273966028033,0.009131922729931219
64,10.0,10000,3,0.15116847310753878,9.89431576454111,Banerjee,closed_form,9.89750464932235,0.00032229462421931484,0.010249535067764982
64,10.0,10000,4,0.15415665977762288,10.09906057442232,Banerjee,closed_form,10.10243997371719,0.0003346251138873814,0.010243997371719082
64,10.0,10000,5,0.15314227835792157,10.029495357898842,Banerjee,closed_form,10.032809272381265,0.0003304168718531451,0.003280927238126452
64,10.0,10000,6,0.15234427384396595,9.974813781854778,Banerjee,closed_form,9.978076767926371,0.00032712250503656503,0.0021923232073628894
64,10.0,10000,7,0.15303544569405156,10.02217259732679,Banerjee,closed_form,10.025479663830378,0.0003299750100562039,0.002547966383037803
64,10.0,10000,8,0.1536982975947851,10.06761866481305,Banerjee,closed_form,10.070968370033091,0.0003327207089942788,0.007096837003309098
64,10.0,10000,9,0.15214208804959967,9.960965650377124,Banerjee,closed_form,9.964215814894686,0.00032629010395580666,0.0035784185105313783
64,10.0,10000,10,0.15227637106614678,9.97016269738899,Banerjee,closed_form,9.973421373739516,0.00032684284594270937,0.0026578626260484127
64,10.0,10000,11,0.15565996561517426,10.202273778586237,Banerjee,closed_form,10.20575177409074,0.0003409039572925552,0.02057517740907393
64,10.0,10000,12,0.15201305771316015,9.95212940199237,Banerjee,closed_form,9.955371401355412,0.0003257593658693789,0.004462859864458757
64,10.0,10000,13,0.15201958178318375,9.952576158489538,Banerjee,closed_form,9.955818570378819,0.0003257861922025516,0.0044181429621181325
64,10.0,10000,14,0.1520296601941909,9.953266314947866,Banerjee,closed_form,9.956509364176979,0.00032582763552124023,0.004349063582302115
64,10.0,10000,15,0.15261675966149643,9.993480885446276,Banerjee,closed_form,9.996761203446747,0.00032824578723593406,0.0003238796553253209
64,10.0,10000,16,0.15636375602578648,10.250643108506692,Banerjee,closed_form,10.254167902255626,0.00034386074235758505,0.025416790225562556
64,10.0,10000,17,0.15259291148214796,9.991846942975803,Banerjee,closed_form,9.995125741671217,0.0003281474099959738,0.0004874258328783299
64,10.0,10000,18,0.15288915466815223,10.012146338273359,Banerjee,closed_form,10.01544404255047,0.00032937036332610016,0.0015444042550470272
64,10.0,10000,19,0.15445130656075004,10.11927913726273,Banerjee,closed_form,10.1226777153033,0.0003358517928471802,0.012267771530330051
64,10.0,10000,0,0.14974679064933016,9.797096510820694,Sra two-step (SciPy),sra,9.797096510820888,1.9763293673873147e-14,0.02029034891791124
64,10.0,10000,1,0.15371736480808423,10.06892634305692,Sra two-step (SciPy),sra,10.068926343056907,1.2349378128459572e-15,0.006892634305690671
64,10.0,10000,2,0.15133164256877144,9.905481671202502,Sra two-step (SciPy),sra,9.905481671202637,1.362913225985809e-14,0.009451832879736343
64,10.0,10000,3,0.15116847310753878,9.89431576454111,Sra two-step (SciPy),sra,9.894315764541282,1.741470734533564e-14,0.010568423545871753
64,10.0,10000,4,0.15415665977762288,10.09906057442232,Sra two-step (SciPy),sra,10.099060574422365,4.573225151394676e-15,0.009906057442236538
64,10.0,10000,5,0.15314227835792157,10.029495357898842,Sra two-step (SciPy),sra,10.02949535789894,9.741230508678518e-15,0.0029495357898939646
64,10.0,10000,6,0.15234427384396595,9.974813781854778,Sra two-step (SciPy),sra,9.97481378185481,3.205515792923303e-15,0.0025186218145190507
64,10.0,10000,7,0.15303544569405156,10.02217259732679,Sra two-step (SciPy),sra,10.022172597326843,5.317280725760173e-15,0.0022172597326843404
64,10.0,10000,8,0.1536982975947851,10.06761866481305,Sra two-step (SciPy),sra,10.067618664813155,1.0410113554550385e-14,0.006761866481315515
64,10.0,10000,9,0.15214208804959967,9.960965650377124,Sra two-step (SciPy),sra,9.960965650377213,8.916589524294751e-15,0.0039034349622786733
64,10.0,10000,10,0.15227637106614678,9.97016269738899,Sra two-step (SciPy),sra,9.970162697389107,1.1759040946354818e-14,0.0029837302610893346
64,10.0,10000,11,0.15565996561517426,10.202273778586237,Sra two-step (SciPy),sra,10.20227377858625,1.2187967256770523e-15,0.02022737785862496
64,10.0,10000,12,0.15201305771316015,9.95212940199237,Sra two-step (SciPy),sra,9.952129401992567,1.9812404080472887e-14,0.004787059800743343
64,10.0,10000,13,0.15201958178318375,9.952576158489538,Sra two-step (SciPy),sra,9.952576158489565,2.677231720379783e-15,0.004742384151043488
64,10.0,10000,14,0.1520296601941909,9.953266314947866,Sra two-step (SciPy),sra,9.953266314947896,3.0339855595396506e-15,0.004673368505210362
64,10.0,10000,15,0.15261675966149643,9.993480885446276,Sra two-step (SciPy),sra,9.993480885446393,1.173160310649666e-14,0.0006519114553606542
64,10.0,10000,16,0.15636375602578648,10.250643108506692,Sra two-step (SciPy),sra,10.250643108506756,6.238520407108882e-15,0.025064310850675574
64,10.0,10000,17,0.15259291148214796,9.991846942975803,Sra two-step (SciPy),sra,9.991846942975895,9.244592734053925e-15,0.0008153057024104626
64,10.0,10000,18,0.15288915466815223,10.012146338273359,Sra two-step (SciPy),sra,10.012146338273464,1.0467790819634474e-14,0.0012146338273463897
64,10.0,10000,19,0.15445130656075004,10.11927913726273,Sra two-step (SciPy),sra,10.119279137262934,2.0187311147371604e-14,0.011927913726293404
64,10.0,10000,0,0.14974679064933016,9.797096510820694,Converged Newton (SciPy),converged,9.797096510820888,1.9763293673873147e-14,0.02029034891791124
64,10.0,10000,1,0.15371736480808423,10.06892634305692,Converged Newton (SciPy),converged,10.068926343056907,1.2349378128459572e-15,0.006892634305690671
64,10.0,10000,2,0.15133164256877144,9.905481671202502,Converged Newton (SciPy),converged,9.905481671202637,1.362913225985809e-14,0.009451832879736343
64,10.0,10000,3,0.15116847310753878,9.89431576454111,Converged Newton (SciPy),converged,9.894315764541282,1.741470734533564e-14,0.010568423545871753
64,10.0,10000,4,0.15415665977762288,10.09906057442232,Converged Newton (SciPy),converged,10.099060574422365,4.573225151394676e-15,0.009906057442236538
64,10.0,10000,5,0.15314227835792157,10.029495357898842,Converged Newton (SciPy),converged,10.02949535789894,9.741230508678518e-15,0.0029495357898939646
64,10.0,10000,6,0.15234427384396595,9.974813781854778,Converged Newton (SciPy),converged,9.97481378185481,3.205515792923303e-15,0.0025186218145190507
64,10.0,10000,7,0.15303544569405156,10.02217259732679,Converged Newton (SciPy),converged,10.022172597326843,5.317280725760173e-15,0.0022172597326843404
64,10.0,10000,8,0.1536982975947851,10.06761866481305,Converged Newton (SciPy),converged,10.067618664813155,1.0410113554550385e-14,0.006761866481315515
64,10.0,10000,9,0.15214208804959967,9.960965650377124,Converged Newton (SciPy),converged,9.960965650377213,8.916589524294751e-15,0.0039034349622786733
64,10.0,10000,10,0.15227637106614678,9.97016269738899,Converged Newton (SciPy),converged,9.970162697389107,1.1759040946354818e-14,0.0029837302610893346
64,10.0,10000,11,0.15565996561517426,10.202273778586237,Converged Newton (SciPy),converged,10.20227377858625,1.2187967256770523e-15,0.02022737785862496
64,10.0,10000,12,0.15201305771316015,9.95212940199237,Converged Newton (SciPy),converged,9.952129401992567,1.9812404080472887e-14,0.004787059800743343
64,10.0,10000,13,0.15201958178318375,9.952576158489538,Converged Newton (SciPy),converged,9.952576158489565,2.677231720379783e-15,0.004742384151043488
64,10.0,10000,14,0.1520296601941909,9.953266314947866,Converged Newton (SciPy),converged,9.953266314947896,3.0339855595396506e-15,0.004673368505210362
64,10.0,10000,15,0.15261675966149643,9.993480885446276,Converged Newton (SciPy),converged,9.993480885446393,1.173160310649666e-14,0.0006519114553606542
64,10.0,10000,16,0.15636375602578648,10.250643108506692,Converged Newton (SciPy),converged,10.250643108506756,6.238520407108882e-15,0.025064310850675574
64,10.0,10000,17,0.15259291148214796,9.991846942975803,Converged Newton (SciPy),converged,9.991846942975895,9.244592734053925e-15,0.0008153057024104626
64,10.0,10000,18,0.15288915466815223,10.012146338273359,Converged Newton (SciPy),converged,10.012146338273464,1.0467790819634474e-14,0.0012146338273463897
64,10.0,10000,19,0.15445130656075004,10.11927913726273,Converged Newton (SciPy),converged,10.119279137262934,2.0187311147371604e-14,0.011927913726293404
64,10.0,10000,0,0.14974679064933016,9.797096510820694,Banerjee (Torch),closed_form,9.80019728103858,0.0003164988947961325,0.019980271896142023
64,10.0,10000,1,0.15371736480808423,10.06892634305692,Banerjee (Torch),closed_form,10.072277280090868,0.0003327998358294729,0.007227728009086753
64,10.0,10000,2,0.15133164256877144,9.905481671202502,Banerjee (Torch),closed_form,9.908680772700688,0.00032296273966028033,0.009131922729931219
64,10.0,10000,3,0.15116847310753878,9.89431576454111,Banerjee (Torch),closed_form,9.89750464932235,0.00032229462421931484,0.010249535067764982
64,10.0,10000,4,0.15415665977762288,10.09906057442232,Banerjee (Torch),closed_form,10.10243997371719,0.0003346251138873814,0.010243997371719082
64,10.0,10000,5,0.15314227835792157,10.029495357898842,Banerjee (Torch),closed_form,10.032809272381265,0.0003304168718531451,0.003280927238126452
64,10.0,10000,6,0.15234427384396595,9.974813781854778,Banerjee (Torch),closed_form,9.978076767926371,0.00032712250503656503,0.0021923232073628894
64,10.0,10000,7,0.15303544569405156,10.02217259732679,Banerjee (Torch),closed_form,10.025479663830378,0.0003299750100562039,0.002547966383037803
64,10.0,10000,8,0.1536982975947851,10.06761866481305,Banerjee (Torch),closed_form,10.070968370033091,0.0003327207089942788,0.007096837003309098
64,10.0,10000,9,0.15214208804959967,9.960965650377124,Banerjee (Torch),closed_form,9.964215814894686,0.00032629010395580666,0.0035784185105313783
64,10.0,10000,10,0.15227637106614678,9.97016269738899,Banerjee (Torch),closed_form,9.973421373739516,0.00032684284594270937,0.0026578626260484127
64,10.0,10000,11,0.15565996561517426,10.202273778586237,Banerjee (Torch),closed_form,10.20575177409074,0.0003409039572925552,0.02057517740907393
64,10.0,10000,12,0.15201305771316015,9.95212940199237,Banerjee (Torch),closed_form,9.955371401355412,0.0003257593658693789,0.004462859864458757
64,10.0,10000,13,0.15201958178318375,9.952576158489538,Banerjee (Torch),closed_form,9.955818570378819,0.0003257861922025516,0.0044181429621181325
64,10.0,10000,14,0.1520296601941909,9.953266314947866,Banerjee (Torch),closed_form,9.956509364176979,0.00032582763552124023,0.004349063582302115
64,10.0,10000,15,0.15261675966149643,9.993480885446276,Banerjee (Torch),closed_form,9.996761203446747,0.00032824578723593406,0.0003238796553253209
64,10.0,10000,16,0.15636375602578648,10.250643108506692,Banerjee (Torch),closed_form,10.254167902255626,0.00034386074235758505,0.025416790225562556
64,10.0,10000,17,0.15259291148214796,9.991846942975803,Banerjee (Torch),closed_form,9.995125741671217,0.0003281474099959738,0.0004874258328783299
64,10.0,10000,18,0.15288915466815223,10.012146338273359,Banerjee (Torch),closed_form,10.01544404255047,0.00032937036332610016,0.0015444042550470272
64,10.0,10000,19,0.15445130656075004,10.11927913726273,Banerjee (Torch),closed_form,10.1226777153033,0.0003358517928471802,0.012267771530330051
64,10.0,10000,0,0.14974679064933016,9.797096510820694,Sra two-step (CUSF),sra,9.797096510820811,1.196676497684062e-14,0.020290348917918876
64,10.0,10000,1,0.15371736480808423,10.06892634305692,Sra two-step (CUSF),sra,10.068926343056981,6.174689064229786e-15,0.006892634305698131
64,10.0,10000,2,0.15133164256877144,9.905481671202502,Sra two-step (CUSF),sra,9.905481671202523,2.1519682515565406e-15,0.009451832879747712
64,10.0,10000,3,0.15116847310753878,9.89431576454111,Sra two-step (CUSF),sra,9.894315764541098,1.2567314579108194e-15,0.010568423545890226
64,10.0,10000,4,0.15415665977762288,10.09906057442232,Sra two-step (CUSF),sra,10.099060574422364,4.397331876341034e-15,0.00990605744223636
64,10.0,10000,5,0.15314227835792157,10.029495357898842,Sra two-step (CUSF),sra,10.029495357898863,2.125359383711677e-15,0.002949535789886326
64,10.0,10000,6,0.15234427384396595,9.974813781854778,Sra two-step (CUSF),sra,9.974813781854774,3.5616842143592255e-16,0.0025186218145226034
64,10.0,10000,7,0.15303544569405156,10.02217259732679,Sra two-step (CUSF),sra,10.022172597326655,1.3470444505259106e-14,0.002217259732665511
64,10.0,10000,8,0.1536982975947851,10.06761866481305,Sra two-step (CUSF),sra,10.06761866481308,2.9995242445314666e-15,0.006761866481308054
64,10.0,10000,9,0.15214208804959967,9.960965650377124,Sra two-step (CUSF),sra,9.960965650377098,2.6749768572884252e-15,0.0039034349622902196
64,10.0,10000,10,0.15227637106614678,9.97016269738899,Sra two-step (CUSF),sra,9.97016269738892,6.948524195573302e-15,0.0029837302611079863
64,10.0,10000,11,0.15565996561517426,10.202273778586237,Sra two-step (CUSF),sra,10.20227377858621,2.611707269307969e-15,0.020227377858621054
64,10.0,10000,12,0.15201305771316015,9.95212940199237,Sra two-step (CUSF),sra,9.952129401992194,1.7670522558259602e-14,0.004787059800780646
64,10.0,10000,13,0.15201958178318375,9.952576158489538,Sra two-step (CUSF),sra,9.952576158489526,1.2493748028438987e-15,0.0047423841510473965
64,10.0,10000,14,0.1520296601941909,9.953266314947866,Sra two-step (CUSF),sra,9.953266314947744,1.2314411976955053e-14,0.004673368505225639
64,10.0,10000,15,0.15261675966149643,9.993480885446276,Sra two-step (CUSF),sra,9.99348088544632,4.4437890554911595e-15,0.0006519114553679373
64,10.0,10000,16,0.15636375602578648,10.250643108506692,Sra two-step (CUSF),sra,10.250643108506713,2.0795068023696273e-15,0.02506431085067131
64,10.0,10000,17,0.15259291148214796,9.991846942975803,Sra two-step (CUSF),sra,9.991846942975815,1.244464406507259e-15,0.0008153057024184562
64,10.0,10000,18,0.15288915466815223,10.012146338273359,Sra two-step (CUSF),sra,10.012146338273345,1.4193614670690812e-15,0.0012146338273344881
64,10.0,10000,19,0.15445130656075004,10.11927913726273,Sra two-step (CUSF),sra,10.119279137262783,5.2662550819230265e-15,0.011927913726278305
64,10.0,10000,0,0.14974679064933016,9.797096510820694,Converged Newton (CUSF),converged,9.797096510820811,1.196676497684062e-14,0.020290348917918876
64,10.0,10000,1,0.15371736480808423,10.06892634305692,Converged Newton (CUSF),converged,10.068926343056981,6.174689064229786e-15,0.006892634305698131
64,10.0,10000,2,0.15133164256877144,9.905481671202502,Converged Newton (CUSF),converged,9.905481671202523,2.1519682515565406e-15,0.009451832879747712
64,10.0,10000,3,0.15116847310753878,9.89431576454111,Converged Newton (CUSF),converged,9.894315764541098,1.2567314579108194e-15,0.010568423545890226
64,10.0,10000,4,0.15415665977762288,10.09906057442232,Converged Newton (CUSF),converged,10.099060574422364,4.397331876341034e-15,0.00990605744223636
64,10.0,10000,5,0.15314227835792157,10.029495357898842,Converged Newton (CUSF),converged,10.029495357898863,2.125359383711677e-15,0.002949535789886326
64,10.0,10000,6,0.15234427384396595,9.974813781854778,Converged Newton (CUSF),converged,9.974813781854774,3.5616842143592255e-16,0.0025186218145226034
64,10.0,10000,7,0.15303544569405156,10.02217259732679,Converged Newton (CUSF),converged,10.022172597326655,1.3470444505259106e-14,0.002217259732665511
64,10.0,10000,8,0.1536982975947851,10.06761866481305,Converged Newton (CUSF),converged,10.06761866481308,2.9995242445314666e-15,0.006761866481308054
64,10.0,10000,9,0.15214208804959967,9.960965650377124,Converged Newton (CUSF),converged,9.960965650377098,2.6749768572884252e-15,0.0039034349622902196
64,10.0,10000,10,0.15227637106614678,9.97016269738899,Converged Newton (CUSF),converged,9.97016269738892,6.948524195573302e-15,0.0029837302611079863
64,10.0,10000,11,0.15565996561517426,10.202273778586237,Converged Newton (CUSF),converged,10.20227377858621,2.611707269307969e-15,0.020227377858621054
64,10.0,10000,12,0.15201305771316015,9.95212940199237,Converged Newton (CUSF),converged,9.952129401992194,1.7670522558259602e-14,0.004787059800780646
64,10.0,10000,13,0.15201958178318375,9.952576158489538,Converged Newton (CUSF),converged,9.952576158489526,1.2493748028438987e-15,0.0047423841510473965
64,10.0,10000,14,0.1520296601941909,9.953266314947866,Converged Newton (CUSF),converged,9.953266314947744,1.2314411976955053e-14,0.004673368505225639
64,10.0,10000,15,0.15261675966149643,9.993480885446276,Converged Newton (CUSF),converged,9.99348088544632,4.4437890554911595e-15,0.0006519114553679373
64,10.0,10000,16,0.15636375602578648,10.250643108506692,Converged Newton (CUSF),converged,10.250643108506713,2.0795068023696273e-15,0.02506431085067131
64,10.0,10000,17,0.15259291148214796,9.991846942975803,Converged Newton (CUSF),converged,9.991846942975815,1.244464406507259e-15,0.0008153057024184562
64,10.0,10000,18,0.15288915466815223,10.012146338273359,Converged Newton (CUSF),converged,10.012146338273345,1.4193614670690812e-15,0.0012146338273344881
64,10.0,10000,19,0.15445130656075004,10.11927913726273,Converged Newton (CUSF),converged,10.119279137262783,5.2662550819230265e-15,0.011927913726278305
64,10.0,10000,0,0.14974679064933016,9.797096510820694,SciPy Brent,reference,9.797096510820792,9.972304147367184e-15,0.02029034891792083
64,10.0,10000,1,0.15371736480808423,10.06892634305692,SciPy Brent,reference,10.068926343057058,1.376073562885495e-14,0.00689263430570577
64,10.0,10000,2,0.15133164256877144,9.905481671202502,SciPy Brent,reference,9.905481671202589,8.787203693855873e-15,0.00945183287974114
64,10.0,10000,3,0.15116847310753878,9.89431576454111,SciPy Brent,reference,9.894315764541211,1.0233384728702386e-14,0.010568423545878858
64,10.0,10000,4,0.15415665977762288,10.09906057442232,SciPy Brent,reference,10.099060574422415,9.498236852896635e-15,0.009906057442241512
64,10.0,10000,5,0.15314227835792157,10.029495357898842,SciPy Brent,reference,10.029495357898966,1.2397929738318114e-14,0.002949535789896629
64,10.0,10000,6,0.15234427384396595,9.974813781854778,SciPy Brent,reference,9.97481378185484,6.232947375128645e-15,0.002518621814516031
64,10.0,10000,7,0.15303544569405156,10.02217259732679,SciPy Brent,reference,10.022172597326927,1.3647687196117778e-14,0.002217259732692689
64,10.0,10000,8,0.1536982975947851,10.06761866481305,SciPy Brent,reference,10.06761866481314,8.822130130974902e-15,0.006761866481313916
64,10.0,10000,9,0.15214208804959967,9.960965650377124,SciPy Brent,reference,9.96096565037725,1.2661557124498547e-14,0.0039034349622749432
64,10.0,10000,10,0.15227637106614678,9.97016269738899,SciPy Brent,reference,9.97016269738905,6.057687760243392e-15,0.002983730261095019
64,10.0,10000,11,0.15565996561517426,10.202273778586237,SciPy Brent,reference,10.202273778586331,9.228032351554824e-15,0.020227377858633135
64,10.0,10000,12,0.15201305771316015,9.95212940199237,SciPy Brent,reference,9.952129401992458,8.924506342555353e-15,0.004787059800754179
64,10.0,10000,13,0.15201958178318375,9.952576158489538,SciPy Brent,reference,9.952576158489551,1.2493748028438987e-15,0.00474238415104491
64,10.0,10000,14,0.1520296601941909,9.953266314947866,SciPy Brent,reference,9.953266314947946,8.031138245840251e-15,0.004673368505205389
64,10.0,10000,15,0.15261675966149643,9.993480885446276,SciPy Brent,reference,9.993480885446377,1.0131839046519843e-14,0.0006519114553622529
64,10.0,10000,16,0.15636375602578648,10.250643108506692,SciPy Brent,reference,10.25064310850683,1.3516794215402577e-14,0.025064310850683037
64,10.0,10000,17,0.15259291148214796,9.991846942975803,SciPy Brent,reference,9.991846942975938,1.3511327842078812e-14,0.0008153057024061994
64,10.0,10000,18,0.15288915466815223,10.012146338273359,SciPy Brent,reference,10.012146338273437,7.806488068879947e-15,0.0012146338273437251
64,10.0,10000,19,0.15445130656075004,10.11927913726273,SciPy Brent,reference,10.11927913726283,9.830342819589651e-15,0.011927913726282924
64,10.0,10000,0,0.14974679064933016,9.797096510820694,Direct likelihood,reference,9.797096269347392,2.4647435240826282e-08,0.02029037306526078
64,10.0,10000,1,0.15371736480808423,10.06892634305692,Direct likelihood,reference,10.068926929297227,5.822272284850497e-08,0.006892692929722699
64,10.0,10000,2,0.15133164256877144,9.905481671202502,Direct likelihood,reference,9.905480812687147,8.667073276232038e-08,0.009451918731285324
64,10.0,10000,3,0.15116847310753878,9.89431576454111,Direct likelihood,reference,9.894315341537755,4.275215841868054e-08,0.010568465846224484
64,10.0,10000,4,0.15415665977762288,10.09906057442232,Direct likelihood,reference,10.099061040183711,4.6119278985284136e-08,0.009906104018371132
64,10.0,10000,5,0.15314227835792157,10.029495357898842,Direct likelihood,reference,10.02949507748831,2.795858835575625e-08,0.0029495077488309817
64,10.0,10000,6,0.15234427384396595,9.974813781854778,Direct likelihood,reference,9.974815116310332,1.3378250293613858e-07,0.0025184883689668425
64,10.0,10000,7,0.15303544569405156,10.02217259732679,Direct likelihood,reference,10.022173754129781,1.1542437330247764e-07,0.002217375412978129
64,10.0,10000,8,0.1536982975947851,10.06761866481305,Direct likelihood,reference,10.06761890516884,2.3874145255610376e-08,0.0067618905168840724
64,10.0,10000,9,0.15214208804959967,9.960965650377124,Direct likelihood,reference,9.960964932864329,7.203245358220761e-08,0.0039035067135671396
64,10.0,10000,10,0.15227637106614678,9.97016269738899,Direct likelihood,reference,9.970163077367133,3.811152883913073e-08,0.0029836922632867414
64,10.0,10000,11,0.15565996561517426,10.202273778586237,Direct likelihood,reference,10.202272783980582,9.748862619356251e-08,0.020227278398058247
64,10.0,10000,12,0.15201305771316015,9.95212940199237,Direct likelihood,reference,9.952128524366172,8.818476549524064e-08,0.004787147563382809
64,10.0,10000,13,0.15201958178318375,9.952576158489538,Direct likelihood,reference,9.952576108566593,5.016082769157324e-09,0.00474238914334073
64,10.0,10000,14,0.1520296601941909,9.953266314947866,Direct likelihood,reference,9.953266789874636,4.77156699000281e-08,0.0046733210125363914
64,10.0,10000,15,0.15261675966149643,9.993480885446276,Direct likelihood,reference,9.993481035152602,1.498039844919915e-08,0.0006518964847398223
64,10.0,10000,16,0.15636375602578648,10.250643108506692,Direct likelihood,reference,10.250643452594481,3.356743432875839e-08,0.025064345259448118
64,10.0,10000,17,0.15259291148214796,9.991846942975803,Direct likelihood,reference,9.991846342968667,6.004967239349636e-08,0.0008153657031332529
64,10.0,10000,18,0.15288915466815223,10.012146338273359,Direct likelihood,reference,10.012146935207753,5.962102163738495e-08,0.0012146935207752562
64,10.0,10000,19,0.15445130656075004,10.11927913726273,Direct likelihood,reference,10.119279585092178,4.4255074113161205e-08,0.011927958509217795
64,50.0,10000,0,0.5478746881424783,49.74442238711088,Banerjee,closed_form,49.86834009907387,0.0024910875635194138,0.00263319801852262
64,50.0,10000,1,0.5511643644711389,50.2995838418293,Banerjee,closed_form,50.425431871384,0.0025019695978088854,0.008508637427679986
64,50.0,10000,2,0.5494098995128787,50.00259943358703,Banerjee,closed_form,50.12741610327207,0.0024962036193902143,0.0025483220654413685
64,50.0,10000,3,0.550290755717195,50.15144555784165,Banerjee,closed_form,50.276779502662606,0.002499109316328801,0.005535590053252121
64,50.0,10000,4,0.5493066553359699,49.98518745865869,Banerjee,closed_form,50.10994356978475,0.002495861623590708,0.0021988713956949367
64,50.0,10000,5,0.54926776826057,49.97863106336317,Banerjee,closed_form,50.10336436886295,0.002495732733088337,0.0020672873772589638
64,50.0,10000,6,0.5477152207629831,49.71769460745753,Banerjee,closed_form,49.84151913004717,0.002490552379133505,0.003169617399056648
64,50.0,10000,7,0.5499822527349508,50.09925568132071,Banerjee,closed_form,50.22440833763983,0.002498094125693347,0.004488166752796587
64,50.0,10000,8,0.5503959609873214,50.16925794856219,Banerjee,closed_form,50.294653746404904,0.002499454904660545,0.005893074928098088
64,50.0,10000,9,0.5504938450011241,50.185837479391814,Banerjee,closed_form,50.31129083971097,0.002499776164354574,0.006225816794219412
64,50.0,10000,10,0.5478034882175054,49.73248672916942,Banerjee,closed_form,49.85636282901695,0.0024908486986007063,0.0028727434196609636
64,50.0,10000,11,0.5490904683197658,49.94875096652105,Banerjee,closed_form,50.07338031977754,0.002495144540051255,0.0014676063955508312
64,50.0,10000,12,0.5492511889425293,49.9758360836063,Banerjee,closed_form,50.100559666676766,0.002495677768388069,0.002011193333535317
64,50.0,10000,13,0.5485495102428772,49.8577139320445,Banerjee,closed_form,49.98202638816543,0.002493344486078308,0.0003594722366914027
64,50.0,10000,14,0.5483731423625956,49.82807542917665,Banerjee,closed_form,49.952284655832806,0.002492755852726059,0.0009543068833438895
64,50.0,10000,15,0.5495257058258797,50.022138496193435,Banerjee,closed_form,50.147023110494935,0.0024965868724505557,0.002940462209898698
64,50.0,10000,16,0.5499996941925166,50.10220456738687,Banerjee,closed_form,50.227367469463175,0.0024981515914726297,0.004547349389263502
64,50.0,10000,17,0.5494451952166303,50.00855363948373,Banerjee,closed_form,50.13339101550159,0.002496320467850804,0.0026678203100317433
64,50.0,10000,18,0.5508438502305237,50.24517410402333,Banerjee,closed_form,50.37083340024382,0.0025009226947912697,0.007416668004876357
64,50.0,10000,19,0.5499511133453997,50.09399134869503,Banerjee,closed_form,50.2191257136372,0.0024979915070279125,0.004382514272743947
64,50.0,10000,0,0.5478746881424783,49.74442238711088,Sra two-step (SciPy),sra,49.74442238672349,7.787564533803522e-12,0.00511155226553015
64,50.0,10000,1,0.5511643644711389,50.2995838418293,Sra two-step (SciPy),sra,50.299583841421295,8.111555177298784e-12,0.005991676828425909
64,50.0,10000,2,0.5494098995128787,50.00259943358703,Sra two-step (SciPy),sra,50.00259943318995,7.941181197580974e-12,5.198866379899414e-05
64,50.0,10000,3,0.550290755717195,50.15144555784165,Sra two-step (SciPy),sra,50.15144555743938,8.021038276140476e-12,0.003028911148787614
64,50.0,10000,4,0.5493066553359699,49.98518745865869,Sra two-step (SciPy),sra,49.985187458262146,7.933286150588646e-12,0.0002962508347570747
64,50.0,10000,5,0.54926776826057,49.97863106336317,Sra two-step (SciPy),sra,49.97863106296705,7.925796712132725e-12,0.00042737874065906567
64,50.0,10000,6,0.5477152207629831,49.71769460745753,Sra two-step (SciPy),sra,49.7176946070706,7.78260446789665e-12,0.005646107858588038
64,50.0,10000,7,0.5499822527349508,50.09925568132071,Sra two-step (SciPy),sra,50.099255680920415,7.990107948737792e-12,0.0019851136184082917
64,50.0,10000,8,0.5503959609873214,50.16925794856219,Sra two-step (SciPy),sra,50.16925794815917,8.033203124836711e-12,0.0033851589631834146
64,50.0,10000,9,0.5504938450011241,50.185837479391814,Sra two-step (SciPy),sra,50.18583747898788,8.04881337325756e-12,0.003716749579757561
64,50.0,10000,10,0.5478034882175054,49.73248672916942,Sra two-step (SciPy),sra,49.73248672878206,7.789004908679401e-12,0.0053502654243588665
64,50.0,10000,11,0.5490904683197658,49.94875096652105,Sra two-step (SciPy),sra,49.9487509661264,7.901091391862733e-12,0.0010249806774720583
64,50.0,10000,12,0.5492511889425293,49.9758360836063,Sra two-step (SciPy),sra,49.97583608321048,7.92026853032923e-12,0.0004832783357903736
64,50.0,10000,13,0.5485495102428772,49.8577139320445,Sra two-step (SciPy),sra,49.85771393165319,7.848536657159083e-12,0.0028457213669362603
64,50.0,10000,14,0.5483731423625956,49.82807542917665,Sra two-step (SciPy),sra,49.828075428786306,7.8338116404272e-12,0.0034384914242738774
64,50.0,10000,15,0.5495257058258797,50.022138496193435,Sra two-step (SciPy),sra,50.022138495795964,7.945891817221869e-12,0.0004427699159192855
64,50.0,10000,16,0.5499996941925166,50.10220456738687,Sra two-step (SciPy),sra,50.10220456698667,7.987652210471064e-12,0.002044091339733427
64,50.0,10000,17,0.5494451952166303,50.00855363948373,Sra two-step (SciPy),sra,50.00855363908648,7.943645712542905e-12,0.00017107278172957764
64,50.0,10000,18,0.5508438502305237,50.24517410402333,Sra two-step (SciPy),sra,50.245174103617614,8.074661973540113e-12,0.00490348207235229
64,50.0,10000,19,0.5499511133453997,50.09399134869503,Sra two-step (SciPy),sra,50.09399134829528,7.97988395312182e-12,0.0018798269659056643
64,50.0,10000,0,0.5478746881424783,49.74442238711088,Converged Newton (SciPy),converged,49.74442238672349,7.787564533803522e-12,0.00511155226553015
64,50.0,10000,1,0.5511643644711389,50.2995838418293,Converged Newton (SciPy),converged,50.299583841421295,8.111555177298784e-12,0.005991676828425909
64,50.0,10000,2,0.5494098995128787,50.00259943358703,Converged Newton (SciPy),converged,50.00259943318995,7.941181197580974e-12,5.198866379899414e-05
64,50.0,10000,3,0.550290755717195,50.15144555784165,Converged Newton (SciPy),converged,50.15144555743938,8.021038276140476e-12,0.003028911148787614
64,50.0,10000,4,0.5493066553359699,49.98518745865869,Converged Newton (SciPy),converged,49.985187458262146,7.933286150588646e-12,0.0002962508347570747
64,50.0,10000,5,0.54926776826057,49.97863106336317,Converged Newton (SciPy),converged,49.97863106296705,7.925796712132725e-12,0.00042737874065906567
64,50.0,10000,6,0.5477152207629831,49.71769460745753,Converged Newton (SciPy),converged,49.7176946070706,7.78260446789665e-12,0.005646107858588038
64,50.0,10000,7,0.5499822527349508,50.09925568132071,Converged Newton (SciPy),converged,50.099255680920415,7.990107948737792e-12,0.0019851136184082917
64,50.0,10000,8,0.5503959609873214,50.16925794856219,Converged Newton (SciPy),converged,50.16925794815917,8.033203124836711e-12,0.0033851589631834146
64,50.0,10000,9,0.5504938450011241,50.185837479391814,Converged Newton (SciPy),converged,50.18583747898788,8.04881337325756e-12,0.003716749579757561
64,50.0,10000,10,0.5478034882175054,49.73248672916942,Converged Newton (SciPy),converged,49.73248672878206,7.789004908679401e-12,0.0053502654243588665
64,50.0,10000,11,0.5490904683197658,49.94875096652105,Converged Newton (SciPy),converged,49.9487509661264,7.901091391862733e-12,0.0010249806774720583
64,50.0,10000,12,0.5492511889425293,49.9758360836063,Converged Newton (SciPy),converged,49.97583608321048,7.92026853032923e-12,0.0004832783357903736
64,50.0,10000,13,0.5485495102428772,49.8577139320445,Converged Newton (SciPy),converged,49.85771393165319,7.848536657159083e-12,0.0028457213669362603
64,50.0,10000,14,0.5483731423625956,49.82807542917665,Converged Newton (SciPy),converged,49.828075428786306,7.8338116404272e-12,0.0034384914242738774
64,50.0,10000,15,0.5495257058258797,50.022138496193435,Converged Newton (SciPy),converged,50.022138495795964,7.945891817221869e-12,0.0004427699159192855
64,50.0,10000,16,0.5499996941925166,50.10220456738687,Converged Newton (SciPy),converged,50.10220456698667,7.987652210471064e-12,0.002044091339733427
64,50.0,10000,17,0.5494451952166303,50.00855363948373,Converged Newton (SciPy),converged,50.00855363908648,7.943645712542905e-12,0.00017107278172957764
64,50.0,10000,18,0.5508438502305237,50.24517410402333,Converged Newton (SciPy),converged,50.245174103617614,8.074661973540113e-12,0.00490348207235229
64,50.0,10000,19,0.5499511133453997,50.09399134869503,Converged Newton (SciPy),converged,50.09399134829528,7.97988395312182e-12,0.0018798269659056643
64,50.0,10000,0,0.5478746881424783,49.74442238711088,Banerjee (Torch),closed_form,49.86834009907387,0.0024910875635194138,0.00263319801852262
64,50.0,10000,1,0.5511643644711389,50.2995838418293,Banerjee (Torch),closed_form,50.425431871384,0.0025019695978088854,0.008508637427679986
64,50.0,10000,2,0.5494098995128787,50.00259943358703,Banerjee (Torch),closed_form,50.12741610327207,0.0024962036193902143,0.0025483220654413685
64,50.0,10000,3,0.550290755717195,50.15144555784165,Banerjee (Torch),closed_form,50.276779502662606,0.002499109316328801,0.005535590053252121
64,50.0,10000,4,0.5493066553359699,49.98518745865869,Banerjee (Torch),closed_form,50.10994356978475,0.002495861623590708,0.0021988713956949367
64,50.0,10000,5,0.54926776826057,49.97863106336317,Banerjee (Torch),closed_form,50.10336436886295,0.002495732733088337,0.0020672873772589638
64,50.0,10000,6,0.5477152207629831,49.71769460745753,Banerjee (Torch),closed_form,49.84151913004717,0.002490552379133505,0.003169617399056648
64,50.0,10000,7,0.5499822527349508,50.09925568132071,Banerjee (Torch),closed_form,50.22440833763983,0.002498094125693347,0.004488166752796587
64,50.0,10000,8,0.5503959609873214,50.16925794856219,Banerjee (Torch),closed_form,50.294653746404904,0.002499454904660545,0.005893074928098088
64,50.0,10000,9,0.5504938450011241,50.185837479391814,Banerjee (Torch),closed_form,50.31129083971097,0.002499776164354574,0.006225816794219412
64,50.0,10000,10,0.5478034882175054,49.73248672916942,Banerjee (Torch),closed_form,49.85636282901695,0.0024908486986007063,0.0028727434196609636
64,50.0,10000,11,0.5490904683197658,49.94875096652105,Banerjee (Torch),closed_form,50.07338031977754,0.002495144540051255,0.0014676063955508312
64,50.0,10000,12,0.5492511889425293,49.9758360836063,Banerjee (Torch),closed_form,50.100559666676766,0.002495677768388069,0.002011193333535317
64,50.0,10000,13,0.5485495102428772,49.8577139320445,Banerjee (Torch),closed_form,49.98202638816543,0.002493344486078308,0.0003594722366914027
64,50.0,10000,14,0.5483731423625956,49.82807542917665,Banerjee (Torch),closed_form,49.952284655832806,0.002492755852726059,0.0009543068833438895
64,50.0,10000,15,0.5495257058258797,50.022138496193435,Banerjee (Torch),closed_form,50.147023110494935,0.0024965868724505557,0.002940462209898698
64,50.0,10000,16,0.5499996941925166,50.10220456738687,Banerjee (Torch),closed_form,50.227367469463175,0.0024981515914726297,0.004547349389263502
64,50.0,10000,17,0.5494451952166303,50.00855363948373,Banerjee (Torch),closed_form,50.13339101550159,0.002496320467850804,0.0026678203100317433
64,50.0,10000,18,0.5508438502305237,50.24517410402333,Banerjee (Torch),closed_form,50.37083340024382,0.0025009226947912697,0.007416668004876357
64,50.0,10000,19,0.5499511133453997,50.09399134869503,Banerjee (Torch),closed_form,50.2191257136372,0.0024979915070279125,0.004382514272743947
64,50.0,10000,0,0.5478746881424783,49.74442238711088,Sra two-step (CUSF),sra,49.74442238672321,7.793278080783569e-12,0.005111552265535835
64,50.0,10000,1,0.5511643644711389,50.2995838418293,Sra two-step (CUSF),sra,50.29958384142154,8.106752264198784e-12,0.005991676828430741
64,50.0,10000,2,0.5494098995128787,50.00259943358703,Sra two-step (CUSF),sra,50.002599433188834,7.963491079622708e-12,5.19886637766831e-05
64,50.0,10000,3,0.550290755717195,50.15144555784165,Sra two-step (CUSF),sra,50.15144555743873,8.034072782117884e-12,0.00302891114877454
64,50.0,10000,4,0.5493066553359699,49.98518745865869,Sra two-step (CUSF),sra,49.985187458261954,7.93712421839251e-12,0.0002962508347609116
64,50.0,10000,5,0.54926776826057,49.97863106336317,Sra two-step (CUSF),sra,49.97863106296679,7.930914807195179e-12,0.0004273787406641816
64,50.0,10000,6,0.5477152207629831,49.71769460745753,Sra two-step (CUSF),sra,49.71769460707033,7.788035255500956e-12,0.005646107858593439
64,50.0,10000,7,0.5499822527349508,50.09925568132071,Sra two-step (CUSF),sra,50.09925568091976,8.003156033145622e-12,0.001985113618395218
64,50.0,10000,8,0.5503959609873214,50.16925794856219,Sra two-step (CUSF),sra,50.169257948159824,8.020173246707569e-12,0.0033851589631964884
64,50.0,10000,9,0.5504938450011241,50.185837479391814,Sra two-step (CUSF),sra,50.18583747898654,8.075430849627812e-12,0.0037167495797308446
64,50.0,10000,10,0.5478034882175054,49.73248672916942,Sra two-step (CUSF),sra,49.73248672878208,7.788576289813248e-12,0.005350265424358441
64,50.0,10000,11,0.5490904683197658,49.94875096652105,Sra two-step (CUSF),sra,49.9487509661264,7.901091391862733e-12,0.0010249806774720583
64,50.0,10000,12,0.5492511889425293,49.9758360836063,Sra two-step (CUSF),sra,49.97583608321068,7.916287567095719e-12,0.0004832783357863946
64,50.0,10000,13,0.5485495102428772,49.8577139320445,Sra two-step (CUSF),sra,49.85771393165299,7.852527052031259e-12,0.0028457213669402393
64,50.0,10000,14,0.5483731423625956,49.82807542917665,Sra two-step (CUSF),sra,49.82807542878677,7.824542713737457e-12,0.0034384914242646405
64,50.0,10000,15,0.5495257058258797,50.022138496193435,Sra two-step (CUSF),sra,50.022138495795694,7.951289552059003e-12,0.00044276991591388535
64,50.0,10000,16,0.5499996941925166,50.10220456738687,Sra two-step (CUSF),sra,50.10220456698602,8.000699526902422e-12,0.002044091339720353
64,50.0,10000,17,0.5494451952166303,50.00855363948373,Sra two-step (CUSF),sra,50.008553639085626,7.960695821391463e-12,0.0001710727817125246
64,50.0,10000,18,0.5508438502305237,50.24517410402333,Sra two-step (CUSF),sra,50.24517410361676,8.09163178801716e-12,0.0049034820723352366
64,50.0,10000,19,0.5499511133453997,50.09399134869503,Sra two-step (CUSF),sra,50.09399134829528,7.97988395312182e-12,0.0018798269659056643
64,50.0,10000,0,0.5478746881424783,49.74442238711088,Converged Newton (CUSF),converged,49.74442238672321,7.793278080783569e-12,0.005111552265535835
64,50.0,10000,1,0.5511643644711389,50.2995838418293,Converged Newton (CUSF),converged,50.29958384142154,8.106752264198784e-12,0.005991676828430741
64,50.0,10000,2,0.5494098995128787,50.00259943358703,Converged Newton (CUSF),converged,50.002599433188834,7.963491079622708e-12,5.19886637766831e-05
64,50.0,10000,3,0.550290755717195,50.15144555784165,Converged Newton (CUSF),converged,50.15144555743873,8.034072782117884e-12,0.00302891114877454
64,50.0,10000,4,0.5493066553359699,49.98518745865869,Converged Newton (CUSF),converged,49.985187458261954,7.93712421839251e-12,0.0002962508347609116
64,50.0,10000,5,0.54926776826057,49.97863106336317,Converged Newton (CUSF),converged,49.97863106296679,7.930914807195179e-12,0.0004273787406641816
64,50.0,10000,6,0.5477152207629831,49.71769460745753,Converged Newton (CUSF),converged,49.71769460707033,7.788035255500956e-12,0.005646107858593439
64,50.0,10000,7,0.5499822527349508,50.09925568132071,Converged Newton (CUSF),converged,50.09925568091976,8.003156033145622e-12,0.001985113618395218
64,50.0,10000,8,0.5503959609873214,50.16925794856219,Converged Newton (CUSF),converged,50.169257948159824,8.020173246707569e-12,0.0033851589631964884
64,50.0,10000,9,0.5504938450011241,50.185837479391814,Converged Newton (CUSF),converged,50.18583747898654,8.075430849627812e-12,0.0037167495797308446
64,50.0,10000,10,0.5478034882175054,49.73248672916942,Converged Newton (CUSF),converged,49.73248672878208,7.788576289813248e-12,0.005350265424358441
64,50.0,10000,11,0.5490904683197658,49.94875096652105,Converged Newton (CUSF),converged,49.9487509661264,7.901091391862733e-12,0.0010249806774720583
64,50.0,10000,12,0.5492511889425293,49.9758360836063,Converged Newton (CUSF),converged,49.97583608321068,7.916287567095719e-12,0.0004832783357863946
64,50.0,10000,13,0.5485495102428772,49.8577139320445,Converged Newton (CUSF),converged,49.85771393165299,7.852527052031259e-12,0.0028457213669402393
64,50.0,10000,14,0.5483731423625956,49.82807542917665,Converged Newton (CUSF),converged,49.82807542878677,7.824542713737457e-12,0.0034384914242646405
64,50.0,10000,15,0.5495257058258797,50.022138496193435,Converged Newton (CUSF),converged,50.022138495795694,7.951289552059003e-12,0.00044276991591388535
64,50.0,10000,16,0.5499996941925166,50.10220456738687,Converged Newton (CUSF),converged,50.10220456698602,8.000699526902422e-12,0.002044091339720353
64,50.0,10000,17,0.5494451952166303,50.00855363948373,Converged Newton (CUSF),converged,50.008553639085626,7.960695821391463e-12,0.0001710727817125246
64,50.0,10000,18,0.5508438502305237,50.24517410402333,Converged Newton (CUSF),converged,50.24517410361676,8.09163178801716e-12,0.0049034820723352366
64,50.0,10000,19,0.5499511133453997,50.09399134869503,Converged Newton (CUSF),converged,50.09399134829528,7.97988395312182e-12,0.0018798269659056643
64,50.0,10000,0,0.5478746881424783,49.74442238711088,SciPy Brent,reference,49.74442238711089,1.428386745011651e-16,0.0051115522577822505
64,50.0,10000,1,0.5511643644711389,50.2995838418293,SciPy Brent,reference,50.29958384182931,1.412621499999788e-16,0.005991676836586208
64,50.0,10000,2,0.5494098995128787,50.00259943358703,SciPy Brent,reference,50.00259943358703,0.0,5.198867174058819e-05
64,50.0,10000,3,0.550290755717195,50.15144555784165,SciPy Brent,reference,50.15144555784169,8.5007647678741755e-16,0.0030289111568338
64,50.0,10000,4,0.5493066553359699,49.98518745865869,SciPy Brent,reference,49.98518745865868,2.8430131880480376e-16,0.000296250826826423
64,50.0,10000,5,0.54926776826057,49.97863106336317,SciPy Brent,reference,49.97863106336316,1.4216930729040385e-16,0.0004273787327367984
64,50.0,10000,6,0.5477152207629831,49.71769460745753,SciPy Brent,reference,49.717694607457545,2.858309265424067e-16,0.005646107850849092
64,50.0,10000,7,0.5499822527349508,50.09925568132071,SciPy Brent,reference,50.09925568132073,2.8365400886585345e-16,0.0019851136264145454
64,50.0,10000,8,0.5503959609873214,50.16925794856219,SciPy Brent,reference,50.1692579485622,1.4162911009937785e-16,0.0033851589712439534
64,50.0,10000,9,0.5504938450011241,50.185837479391814,SciPy Brent,reference,50.185837479391814,0.0,0.00371674958783629
64,50.0,10000,10,0.5478034882175054,49.73248672916942,SciPy Brent,reference,49.73248672916941,2.857459107683622e-16,0.005350265416611819
64,50.0,10000,11,0.5490904683197658,49.94875096652105,SciPy Brent,reference,49.94875096652101,7.112717755808878e-16,0.001024980669579776
64,50.0,10000,12,0.5492511889425293,49.9758360836063,SciPy Brent,reference,49.975836083606275,5.687090333587686e-16,0.0004832783278745012
64,50.0,10000,13,0.5485495102428772,49.8577139320445,SciPy Brent,reference,49.85771393204449,1.425141025776998e-16,0.0028457213591102006
64,50.0,10000,14,0.5483731423625956,49.82807542917665,SciPy Brent,reference,49.82807542917664,1.4259887214990535e-16,0.0034384914164671443
64,50.0,10000,15,0.5495257058258797,50.022138496193435,SciPy Brent,reference,50.022138496193385,9.943195752615005e-16,0.00044276992386770074
64,50.0,10000,16,0.5499996941925166,50.10220456738687,SciPy Brent,reference,50.10220456738687,0.0,0.0020440913477374066
64,50.0,10000,17,0.5494451952166303,50.00855363948373,SciPy Brent,reference,50.0085536394837,5.683369616185809e-16,0.00017107278967401385
64,50.0,10000,18,0.5508438502305237,50.24517410402333,SciPy Brent,reference,50.24517410402328,9.899058444943132e-16,0.004903482080465551
64,50.0,10000,19,0.5499511133453997,50.09399134869503,SciPy Brent,reference,50.09399134869504,2.836838178112594e-16,0.0018798269739008333
64,50.0,10000,0,0.5478746881424783,49.74442238711088,Direct likelihood,reference,49.7444229839977,1.1999070292009298e-08,0.005111540320045975
64,50.0,10000,1,0.5511643644711389,50.2995838418293,Direct likelihood,reference,50.29958443418232,1.1776499385251634e-08,0.00599168868364643
64,50.0,10000,2,0.5494098995128787,50.00259943358703,Direct likelihood,reference,50.002599287809176,2.915405507706697e-09,5.1985756183512425e-05
64,50.0,10000,3,0.550290755717195,50.15144555784165,Direct likelihood,reference,50.15144689444116,2.6651265887054344e-08,0.003028937888823151
64,50.0,10000,4,0.5493066553359699,49.98518745865869,Direct likelihood,reference,49.985187313456485,2.904904732247887e-09,0.0002962537308702906
64,50.0,10000,5,0.54926776826057,49.97863106336317,Direct likelihood,reference,49.97863239757683,2.669568244683142e-08,0.00042735204846337636
64,50.0,10000,6,0.5477152207629831,49.71769460745753,Direct likelihood,reference,49.71769594181336,2.6838650503020476e-08,0.005646081163732788
64,50.0,10000,7,0.5499822527349508,50.09925568132071,Direct likelihood,reference,50.09925627766013,1.1903159251067623e-08,0.0019851255532026355
64,50.0,10000,8,0.5503959609873214,50.16925794856219,Direct likelihood,reference,50.169258543158435,1.1851804642012156e-08,0.003385170863168696
64,50.0,10000,9,0.5504938450011241,50.185837479391814,Direct likelihood,reference,50.18583881486418,2.6610542517656942e-08,0.0037167762972835305
64,50.0,10000,10,0.5478034882175054,49.73248672916942,Direct likelihood,reference,49.73248732377809,1.1956141822671858e-08,0.005350253524438245
64,50.0,10000,11,0.5490904683197658,49.94875096652105,Direct likelihood,reference,49.94875156098915,1.1901560969213413e-08,0.001024968780216966
64,50.0,10000,12,0.5492511889425293,49.9758360836063,Direct likelihood,reference,49.97583875183899,5.3390456230775003e-08,0.0004832249632201524
64,50.0,10000,13,0.5485495102428772,49.8577139320445,Direct likelihood,reference,49.85771222019552,3.433468642420535e-08,0.002845755596089532
64,50.0,10000,14,0.5483731423625956,49.82807542917665,Direct likelihood,reference,49.82807602550303,1.1967678364842822e-08,0.0034384794899393967
64,50.0,10000,15,0.5495257058258797,50.022138496193435,Direct likelihood,reference,50.02213983337305,2.6731756354032745e-08,0.0004427966674610673
64,50.0,10000,16,0.5499996941925166,50.10220456738687,Direct likelihood,reference,50.10220441786511,2.9843349528734858e-09,0.0020440883573022007
64,50.0,10000,17,0.5494451952166303,50.00855363948373,Direct likelihood,reference,50.00855349096627,2.9698410987476437e-09,0.00017106981932542452
64,50.0,10000,18,0.5508438502305237,50.24517410402333,Direct likelihood,reference,50.245175443648236,2.6661762699976594e-08,0.004903508872964721
64,50.0,10000,19,0.5499511133453997,50.09399134869503,Direct likelihood,reference,50.09399268525485,2.6681040645402007e-08,0.0018798537050969343
64,200.0,10000,0,0.8540381917879263,199.31497911169947,Banerjee,closed_form,199.67397475989478,0.0018011473587949284,0.0016301262005261209
64,200.0,10000,1,0.8543339545477712,199.75589725654044,Banerjee,closed_form,200.11516434917857,0.0017985305944521813,0.0005758217458928527
64,200.0,10000,2,0.854918632456049,200.63277926469226,Banerjee,closed_form,200.99258315633875,0.0017933454990014782,0.004962915781693766
64,200.0,10000,3,0.8544989052037596,200.00257631942083,Banerjee,closed_form,200.36199482883518,0.0017970693979478178,0.0018099741441758965
64,200.0,10000,4,0.8552725248021485,201.1669551935174,Banerjee,closed_form,201.5270841229846,0.0017901992358574689,0.007635420614923021
64,200.0,10000,5,0.8550441254895261,200.8219058012895,Banerjee,closed_form,201.18182494310366,0.0017922304859028144,0.0059091247155183164
64,200.0,10000,6,0.8544600626187808,199.9444383317239,Banerjee,closed_form,200.30382118365887,0.001797413596164832,0.0015191059182943433
64,200.0,10000,7,0.8552449967251231,201.12531041074627,Banerjee,closed_form,201.48541405323994,0.0017904441850617964,0.007427070266199678
64,200.0,10000,8,0.8545309758147496,200.0506015376866,Banerjee,closed_form,200.4100494887706,0.0017967851549613697,0.0020502474438529815
64,200.0,10000,9,0.8539955934456844,199.25162040148294,Banerjee,closed_form,199.6105769593292,0.00180152390792594,0.0019471152033540306
64,200.0,10000,10,0.854741417706268,200.36625745117308,Banerjee,closed_form,200.72589861277777,0.0017949187961068017,0.0036294930638888444
64,200.0,10000,11,0.8546902725215283,200.28945781766154,Banerjee,closed_form,200.64905201886387,0.0017953725828630115,0.003245260094319349
64,200.0,10000,12,0.8544174996183815,199.8807671633733,Banerjee,closed_form,200.24011094379935,0.0017977906805428051,0.0012005547189967557
64,200.0,10000,13,0.8549248516870946,200.6421444141641,Banerjee,closed_form,201.0019540171417,0.0017932902582763939,0.005009770085708567
64,200.0,10000,14,0.8542310529959058,199.60229175624983,Banerjee,closed_form,199.96146440063518,0.0017994414854913955,0.00019267799682410214
64,200.0,10000,15,0.854830045925559,200.49946890971177,Banerjee,closed_form,200.85919145251154,0.0017941321478600115,0.004295957262557692
64,200.0,10000,16,0.8544328891622456,199.90378453851952,Banerjee,closed_form,200.26314244590947,0.0017976543476629595,0.00131571222954733
64,200.0,10000,17,0.8545112786007184,200.02110278829346,Banerjee,closed_form,200.38053265672147,0.0017969597378354482,0.001902663283607353
64,200.0,10000,18,0.8543124840051892,199.72382947531233,Banerjee,closed_form,200.08307686053814,0.0017987206943186518,0.0004153843026907111
64,200.0,10000,19,0.854616360959322,200.17856701261903,Banerjee,closed_form,200.53809335331755,0.0017960281465890322,0.0026904667665877467
64,200.0,10000,0,0.8540381917879263,199.31497911169947,Sra two-step (SciPy),sra,199.31497911009828,8.033484745184829e-12,0.003425104449508609
64,200.0,10000,1,0.8543339545477712,199.75589725654044,Sra two-step (SciPy),sra,199.75589725496886,7.867494499728632e-12,0.0012205137251557118
64,200.0,10000,2,0.854918632456049,200.63277926469226,Sra two-step (SciPy),sra,200.63277926313262,7.773611623730762e-12,0.003163896315663095
64,200.0,10000,3,0.8544989052037596,200.00257631942083,Sra two-step (SciPy),sra,200.00257631784808,7.863617269254737e-12,1.288158924040772e-05
64,200.0,10000,4,0.8552725248021485,201.1669551935174,Sra two-step (SciPy),sra,201.16695519193183,7.881820861028984e-12,0.0058347759596591685
64,200.0,10000,5,0.8550441254895261,200.8219058012895,Sra two-step (SciPy),sra,200.8219057997213,7.808890336314606e-12,0.004109528998606464
64,200.0,10000,6,0.8544600626187808,199.9444383317239,Sra two-step (SciPy),sra,199.9444383301468,7.887652428557003e-12,0.00027780834926602435
64,200.0,10000,7,0.8552449967251231,201.12531041074627,Sra two-step (SciPy),sra,201.12531040919484,7.713735420965393e-12,0.005626552045974193
64,200.0,10000,8,0.8545309758147496,200.0506015376866,Sra two-step (SciPy),sra,200.0506015360951,7.955497404315914e-12,0.00025300768047543444
64,200.0,10000,9,0.8539955934456844,199.25162040148294,Sra two-step (SciPy),sra,199.2516203999051,7.918787289406332e-12,0.003741898000474464
64,200.0,10000,10,0.854741417706268,200.36625745117308,Sra two-step (SciPy),sra,200.36625744960295,7.836294073396371e-12,0.0018312872480147745
64,200.0,10000,11,0.8546902725215283,200.28945781766154,Sra two-step (SciPy),sra,200.28945781608917,7.850509197791582e-12,0.0014472890804458417
64,200.0,10000,12,0.8544174996183815,199.8807671633733,Sra two-step (SciPy),sra,199.88076716179233,7.9095032979037e-12,0.0005961641910383264
64,200.0,10000,13,0.8549248516870946,200.6421444141641,Sra two-step (SciPy),sra,200.6421444125895,7.847900302605041e-12,0.00321072206294744
64,200.0,10000,14,0.8542310529959058,199.60229175624983,Sra two-step (SciPy),sra,199.60229175464377,8.046270122261669e-12,0.0019885412267811376
64,200.0,10000,15,0.854830045925559,200.49946890971177,Sra two-step (SciPy),sra,200.49946890810264,8.02557487988344e-12,0.002497344540513211
64,200.0,10000,16,0.8544328891622456,199.90378453851952,Sra two-step (SciPy),sra,199.90378453695024,7.850157855255324e-12,0.0004810773152487968
64,200.0,10000,17,0.8545112786007184,200.02110278829346,Sra two-step (SciPy),sra,200.02110278672504,7.841290700549068e-12,0.00010551393362518979
64,200.0,10000,18,0.8543124840051892,199.72382947531233,Sra two-step (SciPy),sra,199.7238294737173,7.986159375295938e-12,0.0013808526314134895
64,200.0,10000,19,0.854616360959322,200.17856701261903,Sra two-step (SciPy),sra,200.17856701101275,8.024242325940193e-12,0.0008928350550637276
64,200.0,10000,0,0.8540381917879263,199.31497911169947,Converged Newton (SciPy),converged,199.31497911009828,8.033484745184829e-12,0.003425104449508609
64,200.0,10000,1,0.8543339545477712,199.75589725654044,Converged Newton (SciPy),converged,199.75589725496886,7.867494499728632e-12,0.0012205137251557118
64,200.0,10000,2,0.854918632456049,200.63277926469226,Converged Newton (SciPy),converged,200.63277926313262,7.773611623730762e-12,0.003163896315663095
64,200.0,10000,3,0.8544989052037596,200.00257631942083,Converged Newton (SciPy),converged,200.00257631784808,7.863617269254737e-12,1.288158924040772e-05
64,200.0,10000,4,0.8552725248021485,201.1669551935174,Converged Newton (SciPy),converged,201.16695519193183,7.881820861028984e-12,0.0058347759596591685
64,200.0,10000,5,0.8550441254895261,200.8219058012895,Converged Newton (SciPy),converged,200.8219057997213,7.808890336314606e-12,0.004109528998606464
64,200.0,10000,6,0.8544600626187808,199.9444383317239,Converged Newton (SciPy),converged,199.9444383301468,7.887652428557003e-12,0.00027780834926602435
64,200.0,10000,7,0.8552449967251231,201.12531041074627,Converged Newton (SciPy),converged,201.12531040919484,7.713735420965393e-12,0.005626552045974193
64,200.0,10000,8,0.8545309758147496,200.0506015376866,Converged Newton (SciPy),converged,200.0506015360951,7.955497404315914e-12,0.00025300768047543444
64,200.0,10000,9,0.8539955934456844,199.25162040148294,Converged Newton (SciPy),converged,199.2516203999051,7.918787289406332e-12,0.003741898000474464
64,200.0,10000,10,0.854741417706268,200.36625745117308,Converged Newton (SciPy),converged,200.36625744960295,7.836294073396371e-12,0.0018312872480147745
64,200.0,10000,11,0.8546902725215283,200.28945781766154,Converged Newton (SciPy),converged,200.28945781608917,7.850509197791582e-12,0.0014472890804458417
64,200.0,10000,12,0.8544174996183815,199.8807671633733,Converged Newton (SciPy),converged,199.88076716179233,7.9095032979037e-12,0.0005961641910383264
64,200.0,10000,13,0.8549248516870946,200.6421444141641,Converged Newton (SciPy),converged,200.6421444125895,7.847900302605041e-12,0.00321072206294744
64,200.0,10000,14,0.8542310529959058,199.60229175624983,Converged Newton (SciPy),converged,199.60229175464377,8.046270122261669e-12,0.0019885412267811376
64,200.0,10000,15,0.854830045925559,200.49946890971177,Converged Newton (SciPy),converged,200.49946890810264,8.02557487988344e-12,0.002497344540513211
64,200.0,10000,16,0.8544328891622456,199.90378453851952,Converged Newton (SciPy),converged,199.90378453695024,7.850157855255324e-12,0.0004810773152487968
64,200.0,10000,17,0.8545112786007184,200.02110278829346,Converged Newton (SciPy),converged,200.02110278672504,7.841290700549068e-12,0.00010551393362518979
64,200.0,10000,18,0.8543124840051892,199.72382947531233,Converged Newton (SciPy),converged,199.7238294737173,7.986159375295938e-12,0.0013808526314134895
64,200.0,10000,19,0.854616360959322,200.17856701261903,Converged Newton (SciPy),converged,200.17856701101275,8.024242325940193e-12,0.0008928350550637276
64,200.0,10000,0,0.8540381917879263,199.31497911169947,Banerjee (Torch),closed_form,199.67397475989478,0.0018011473587949284,0.0016301262005261209
64,200.0,10000,1,0.8543339545477712,199.75589725654044,Banerjee (Torch),closed_form,200.11516434917857,0.0017985305944521813,0.0005758217458928527
64,200.0,10000,2,0.854918632456049,200.63277926469226,Banerjee (Torch),closed_form,200.99258315633875,0.0017933454990014782,0.004962915781693766
64,200.0,10000,3,0.8544989052037596,200.00257631942083,Banerjee (Torch),closed_form,200.36199482883518,0.0017970693979478178,0.0018099741441758965
64,200.0,10000,4,0.8552725248021485,201.1669551935174,Banerjee (Torch),closed_form,201.5270841229846,0.0017901992358574689,0.007635420614923021
64,200.0,10000,5,0.8550441254895261,200.8219058012895,Banerjee (Torch),closed_form,201.18182494310366,0.0017922304859028144,0.0059091247155183164
64,200.0,10000,6,0.8544600626187808,199.9444383317239,Banerjee (Torch),closed_form,200.30382118365887,0.001797413596164832,0.0015191059182943433
64,200.0,10000,7,0.8552449967251231,201.12531041074627,Banerjee (Torch),closed_form,201.48541405323994,0.0017904441850617964,0.007427070266199678
64,200.0,10000,8,0.8545309758147496,200.0506015376866,Banerjee (Torch),closed_form,200.4100494887706,0.0017967851549613697,0.0020502474438529815
64,200.0,10000,9,0.8539955934456844,199.25162040148294,Banerjee (Torch),closed_form,199.6105769593292,0.00180152390792594,0.0019471152033540306
64,200.0,10000,10,0.854741417706268,200.36625745117308,Banerjee (Torch),closed_form,200.72589861277777,0.0017949187961068017,0.0036294930638888444
64,200.0,10000,11,0.8546902725215283,200.28945781766154,Banerjee (Torch),closed_form,200.64905201886387,0.0017953725828630115,0.003245260094319349
64,200.0,10000,12,0.8544174996183815,199.8807671633733,Banerjee (Torch),closed_form,200.24011094379935,0.0017977906805428051,0.0012005547189967557
64,200.0,10000,13,0.8549248516870946,200.6421444141641,Banerjee (Torch),closed_form,201.0019540171417,0.0017932902582763939,0.005009770085708567
64,200.0,10000,14,0.8542310529959058,199.60229175624983,Banerjee (Torch),closed_form,199.96146440063518,0.0017994414854913955,0.00019267799682410214
64,200.0,10000,15,0.854830045925559,200.49946890971177,Banerjee (Torch),closed_form,200.85919145251154,0.0017941321478600115,0.004295957262557692
64,200.0,10000,16,0.8544328891622456,199.90378453851952,Banerjee (Torch),closed_form,200.26314244590947,0.0017976543476629595,0.00131571222954733
64,200.0,10000,17,0.8545112786007184,200.02110278829346,Banerjee (Torch),closed_form,200.38053265672147,0.0017969597378354482,0.001902663283607353
64,200.0,10000,18,0.8543124840051892,199.72382947531233,Banerjee (Torch),closed_form,200.08307686053814,0.0017987206943186518,0.0004153843026907111
64,200.0,10000,19,0.854616360959322,200.17856701261903,Banerjee (Torch),closed_form,200.53809335331755,0.0017960281465890322,0.0026904667665877467
64,200.0,10000,0,0.8540381917879263,199.31497911169947,Sra two-step (CUSF),sra,199.31497910707836,2.3184981774044527e-11,0.003425104464608211
64,200.0,10000,1,0.8543339545477712,199.75589725654044,Sra two-step (CUSF),sra,199.7558972520601,2.242908215839085e-11,0.001220513739699527
64,200.0,10000,2,0.854918632456049,200.63277926469226,Sra two-step (CUSF),sra,200.63277926051072,2.0841778772508215e-11,0.0031638963025535814
64,200.0,10000,3,0.8544989052037596,200.00257631942083,Sra two-step (CUSF),sra,200.00257631504752,2.1866244695221282e-11,1.2881575237599918e-05
64,200.0,10000,4,0.8552725248021485,201.1669551935174,Sra two-step (CUSF),sra,201.16695518947586,2.0090469905488025e-11,0.005834775947379285
64,200.0,10000,5,0.8550441254895261,200.8219058012895,Sra two-step (CUSF),sra,200.82190579714793,2.0623022365287293e-11,0.0041095289857396725
64,200.0,10000,6,0.8544600626187808,199.9444383317239,Sra two-step (CUSF),sra,199.94443832731199,2.206563979320052e-11,0.000277808363440073
64,200.0,10000,7,0.8552449967251231,201.12531041074627,Sra two-step (CUSF),sra,201.1253104066669,2.028271800408828e-11,0.005626552033334491
64,200.0,10000,8,0.8545309758147496,200.0506015376866,Sra two-step (CUSF),sra,200.0506015332836,2.200931916363676e-11,0.00025300766641805694
64,200.0,10000,9,0.8539955934456844,199.25162040148294,Sra two-step (CUSF),sra,199.25162039682507,2.337679070768382e-11,0.003741898015874625
64,200.0,10000,10,0.854741417706268,200.36625745117308,Sra two-step (CUSF),sra,200.36625744687174,2.146739455991251e-11,0.0018312872343587117
64,200.0,10000,11,0.8546902725215283,200.28945781766154,Sra two-step (CUSF),sra,200.28945781336023,2.1475484183514633e-11,0.0014472890668011473
64,200.0,10000,12,0.8544174996183815,199.8807671633733,Sra two-step (CUSF),sra,199.88076715892322,2.226363433460991e-11,0.0005961642053839
64,200.0,10000,13,0.8549248516870946,200.6421444141641,Sra two-step (CUSF),sra,200.64214440997694,2.0868853403860554e-11,0.00321072204988468
64,200.0,10000,14,0.8542310529959058,199.60229175624983,Sra two-step (CUSF),sra,199.60229175173978,2.25951419588527e-11,0.0019885412413010784
64,200.0,10000,15,0.854830045925559,200.49946890971177,Sra two-step (CUSF),sra,200.49946890546724,2.1169764344649438e-11,0.002497344527336196
64,200.0,10000,16,0.8544328891622456,199.90378453851952,Sra two-step (CUSF),sra,199.90378453408036,2.2206474902279746e-11,0.00048107732959820734
64,200.0,10000,17,0.8545112786007184,200.02110278829346,Sra two-step (CUSF),sra,200.02110278387823,2.2073807380005e-11,0.00010551391939117138
64,200.0,10000,18,0.8543124840051892,199.72382947531233,Sra two-step (CUSF),sra,199.72382947083608,2.2412191458532762e-11,0.0013808526458196013
64,200.0,10000,19,0.854616360959322,200.17856701261903,Sra two-step (CUSF),sra,200.17856700828736,2.1639017272446155e-11,0.0008928350414367969
64,200.0,10000,0,0.8540381917879263,199.31497911169947,Converged Newton (CUSF),converged,199.31497910707836,2.3184981774044527e-11,0.003425104464608211
64,200.0,10000,1,0.8543339545477712,199.75589725654044,Converged Newton (CUSF),converged,199.7558972520601,2.242908215839085e-11,0.001220513739699527
64,200.0,10000,2,0.854918632456049,200.63277926469226,Converged Newton (CUSF),converged,200.63277926051072,2.0841778772508215e-11,0.0031638963025535814
64,200.0,10000,3,0.8544989052037596,200.00257631942083,Converged Newton (CUSF),converged,200.00257631504752,2.1866244695221282e-11,1.2881575237599918e-05
64,200.0,10000,4,0.8552725248021485,201.1669551935174,Converged Newton (CUSF),converged,201.16695518947586,2.0090469905488025e-11,0.005834775947379285
64,200.0,10000,5,0.8550441254895261,200.8219058012895,Converged Newton (CUSF),converged,200.82190579714793,2.0623022365287293e-11,0.0041095289857396725
64,200.0,10000,6,0.8544600626187808,199.9444383317239,Converged Newton (CUSF),converged,199.94443832731199,2.206563979320052e-11,0.000277808363440073
64,200.0,10000,7,0.8552449967251231,201.12531041074627,Converged Newton (CUSF),converged,201.1253104066669,2.028271800408828e-11,0.005626552033334491
64,200.0,10000,8,0.8545309758147496,200.0506015376866,Converged Newton (CUSF),converged,200.0506015332836,2.200931916363676e-11,0.00025300766641805694
64,200.0,10000,9,0.8539955934456844,199.25162040148294,Converged Newton (CUSF),converged,199.25162039682507,2.337679070768382e-11,0.003741898015874625
64,200.0,10000,10,0.854741417706268,200.36625745117308,Converged Newton (CUSF),converged,200.36625744687174,2.146739455991251e-11,0.0018312872343587117
64,200.0,10000,11,0.8546902725215283,200.28945781766154,Converged Newton (CUSF),converged,200.28945781336023,2.1475484183514633e-11,0.0014472890668011473
64,200.0,10000,12,0.8544174996183815,199.8807671633733,Converged Newton (CUSF),converged,199.88076715892322,2.226363433460991e-11,0.0005961642053839
64,200.0,10000,13,0.8549248516870946,200.6421444141641,Converged Newton (CUSF),converged,200.64214440997694,2.0868853403860554e-11,0.00321072204988468
64,200.0,10000,14,0.8542310529959058,199.60229175624983,Converged Newton (CUSF),converged,199.60229175173978,2.25951419588527e-11,0.0019885412413010784
64,200.0,10000,15,0.854830045925559,200.49946890971177,Converged Newton (CUSF),converged,200.49946890546724,2.1169764344649438e-11,0.002497344527336196
64,200.0,10000,16,0.8544328891622456,199.90378453851952,Converged Newton (CUSF),converged,199.90378453408036,2.2206474902279746e-11,0.00048107732959820734
64,200.0,10000,17,0.8545112786007184,200.02110278829346,Converged Newton (CUSF),converged,200.02110278387823,2.2073807380005e-11,0.00010551391939117138
64,200.0,10000,18,0.8543124840051892,199.72382947531233,Converged Newton (CUSF),converged,199.72382947083608,2.2412191458532762e-11,0.0013808526458196013
64,200.0,10000,19,0.854616360959322,200.17856701261903,Converged Newton (CUSF),converged,200.17856700828736,2.1639017272446155e-11,0.0008928350414367969
64,200.0,10000,0,0.8540381917879263,199.31497911169947,SciPy Brent,reference,199.3149791116996,7.129847831074453e-16,0.003425104441501929
64,200.0,10000,1,0.8543339545477712,199.75589725654044,SciPy Brent,reference,199.75589725654044,0.0,0.0012205137172978198
64,200.0,10000,2,0.854918632456049,200.63277926469226,SciPy Brent,reference,200.63277926469223,1.4166034849623255e-16,0.0031638963234611596
64,200.0,10000,3,0.8544989052037596,200.00257631942083,SciPy Brent,reference,200.00257631942088,2.8421343318110227e-16,1.2881597104410503e-05
64,200.0,10000,4,0.8552725248021485,201.1669551935174,SciPy Brent,reference,201.16695519351742,1.4128418558138964e-16,0.00583477596758712
64,200.0,10000,5,0.8550441254895261,200.8219058012895,SciPy Brent,reference,200.82190580128957,4.245808142841782e-16,0.0041095290064478715
64,200.0,10000,6,0.8544600626187808,199.9444383317239,SciPy Brent,reference,199.94443833172386,1.4214803706242685e-16,0.00027780834138070533
64,200.0,10000,7,0.8552449967251231,201.12531041074627,SciPy Brent,reference,201.12531041074612,7.065671986375071e-16,0.005626552053730621
64,200.0,10000,8,0.8545309758147496,200.0506015376866,SciPy Brent,reference,200.05060153768673,7.103630084573821e-16,0.00025300768843365516
64,200.0,10000,9,0.8539955934456844,199.25162040148294,SciPy Brent,reference,199.25162040148305,5.70569200353514e-16,0.0037418979925847393
64,200.0,10000,10,0.854741417706268,200.36625745117308,SciPy Brent,reference,200.36625745117308,0.0,0.0018312872558654191
64,200.0,10000,11,0.8546902725215283,200.28945781766154,SciPy Brent,reference,200.2894578176615,1.4190317223924192e-16,0.0014472890883075707
64,200.0,10000,12,0.8544174996183815,199.8807671633733,SciPy Brent,reference,199.88076716337326,1.4219331771512273e-16,0.0005961641831336806
64,200.0,10000,13,0.8549248516870946,200.6421444141641,SciPy Brent,reference,200.6421444141641,0.0,0.0032107220708205374
64,200.0,10000,14,0.8542310529959058,199.60229175624983,SciPy Brent,reference,199.60229175625003,9.967418924016367e-16,0.001988541218749873
64,200.0,10000,15,0.854830045925559,200.49946890971177,SciPy Brent,reference,200.49946890971174,1.4175453723123214e-16,0.0024973445485586866
64,200.0,10000,16,0.8544328891622456,199.90378453851952,SciPy Brent,reference,199.90378453851932,9.952386167781229e-16,0.00048107730740341024
64,200.0,10000,17,0.8545112786007184,200.02110278829346,SciPy Brent,reference,200.02110278829346,0.0,0.00010551394146730786
64,200.0,10000,18,0.8543124840051892,199.72382947531233,SciPy Brent,reference,199.72382947531233,0.0,0.0013808526234383577
64,200.0,10000,19,0.854616360959322,200.17856701261903,SciPy Brent,reference,200.178567012619,1.419817808397656e-16,0.0008928350630949921
64,200.0,10000,0,0.8540381917879263,199.31497911169947,Direct likelihood,reference,199.31497797577174,5.6991588759832175e-09,0.0034251101211413017
64,200.0,10000,1,0.8543339545477712,199.75589725654044,Direct likelihood,reference,199.75590579303454,4.2734628736313895e-08,0.001220471034827284
64,200.0,10000,2,0.854918632456049,200.63277926469226,Direct likelihood,reference,200.63277390968716,2.669057927776363e-08,0.0031638695484357982
64,200.0,10000,3,0.8544989052037596,200.00257631942083,Direct likelihood,reference,200.00258110341986,2.391968703416818e-08,1.2905517099284225e-05
64,200.0,10000,4,0.8552725248021485,201.1669551935174,Direct likelihood,reference,201.16695402102894,5.8284346545191744e-09,0.005834770105144713
64,200.0,10000,5,0.8550441254895261,200.8219058012895,Direct likelihood,reference,200.8219075989252,8.951392585040892e-09,0.004109537994626038
64,200.0,10000,6,0.8544600626187808,199.9444383317239,Direct likelihood,reference,199.94443716944124,5.8130281250177405e-09,0.00027781415279378054
64,200.0,10000,7,0.8552449967251231,201.12531041074627,Direct likelihood,reference,201.12531520521648,2.383822406453066e-08,0.005626576026082404
64,200.0,10000,8,0.8545309758147496,200.0506015376866,Direct likelihood,reference,200.05060333909955,9.004786538206855e-09,0.00025301669549776306
64,200.0,10000,9,0.8539955934456844,199.25162040148294,Direct likelihood,reference,199.25161508291944,2.6692698833147396e-08,0.003741924585402785
64,200.0,10000,10,0.854741417706268,200.36625745117308,Direct likelihood,reference,200.3662592592981,9.024099312753483e-09,0.00183129629649045
64,200.0,10000,11,0.8546902725215283,200.28945781766154,Direct likelihood,reference,200.2894626026089,2.389016078270496e-08,0.0014473130130444644
64,200.0,10000,12,0.8544174996183815,199.8807671633733,Direct likelihood,reference,199.88077194307263,2.3912752619340943e-08,0.0005961402846368458
64,200.0,10000,13,0.8549248516870946,200.6421444141641,Direct likelihood,reference,200.64214623042426,9.052236544607855e-09,0.003210731152121298
64,200.0,10000,14,0.8542310529959058,199.60229175624983,Direct likelihood,reference,199.60229355868114,9.030113320225435e-09,0.0019885322065943
64,200.0,10000,15,0.854830045925559,200.49946890971177,Direct likelihood,reference,200.49946057762824,4.1556636382997014e-08,0.0024973028881412063
64,200.0,10000,16,0.8544328891622456,199.90378453851952,Direct likelihood,reference,199.90378931266818,2.388223251989144e-08,0.0004810534366590957
64,200.0,10000,17,0.8545112786007184,200.02110278829346,Direct likelihood,reference,200.0211075692769,2.3902395120949768e-08,0.00010553784638446473
64,200.0,10000,18,0.8543124840051892,199.72382947531233,Direct likelihood,reference,199.72383424025088,2.3857636640999066e-08,0.001380828798745597
64,200.0,10000,19,0.854616360959322,200.17856701261903,Direct likelihood,reference,200.17857180478396,2.3939450667891224e-08,0.0008928590239197831
64,1000.0,10000,0,0.968939834536928,998.6622714808042,Banerjee,closed_form,999.1312098940259,0.0004695665658084784,0.0008687901059740852
64,1000.0,10000,1,0.9689676066068702,999.570108396178,Banerjee,closed_form,1000.0390743565534,0.0004691676516097109,3.907435655344216e-05
64,1000.0,10000,2,0.9690507619324933,1002.2981002403324,Banerjee,closed_form,1002.7671486850899,0.0004679729959031504,0.0027671486850898647
64,1000.0,10000,3,0.9689952655041812,1000.4758618573167,Banerjee,closed_form,1000.9448552530068,0.0004687703257722999,0.0009448552530068355
64,1000.0,10000,4,0.968980716111875,999.9992076257089,Banerjee,closed_form,1000.4681865895664,0.0004689793354646351,0.00046818658956635775
64,1000.0,10000,5,0.9689954251542864,1000.4810946525755,Banerjee,closed_form,1000.9500882066264,0.00046876803225732224,0.0009500882066264466
64,1000.0,10000,6,0.9689103486877457,997.7001877921364,Banerjee,closed_form,998.1690969587604,0.00046999005549122337,0.001830903041239594
64,1000.0,10000,7,0.9689353629392478,998.5162517939813,Banerjee,closed_form,998.9851857718583,0.0004696307917216945,0.001014814228141745
64,1000.0,10000,8,0.969010272206511,1000.967966846591,Banerjee,closed_form,1001.4369751278475,0.0004685547358064186,0.0014369751278475178
64,1000.0,10000,9,0.9689949416009779,1000.4652455616477,Banerjee,closed_form,1000.9342386360503,0.00046877497892417727,0.0009342386360502814
64,1000.0,10000,10,0.9689641517935463,999.4570860720025,Banerjee,closed_form,999.9260486055214,0.00046921727811437925,7.395139447862675e-05
64,1000.0,10000,11,0.968961620584845,999.3742949328263,Banerjee,closed_form,999.8432549556231,0.00046925363717543436,0.0001567450443768621
64,1000.0,10000,12,0.9689608149688529,999.34794756082,Banerjee,closed_form,999.8169067845226,0.00046926520922695327,0.00018309321547735634
64,1000.0,10000,13,0.9689410263901479,998.7011984533467,Banerjee,closed_form,999.1701380487601,0.00046954944696136065,0.0008298619512398772
64,1000.0,10000,14,0.9690605578367543,1002.6204296969936,Banerjee,closed_form,1003.0894878588628,0.00046783224037327153,0.0030894878588627536
64,1000.0,10000,15,0.969017904646638,1001.2184353130889,Banerjee,closed_form,1001.6874511652227,0.0004684450821035157,0.001687451165222683
64,1000.0,10000,16,0.9690553755629647,1002.4498840860091,Banerjee,closed_form,1002.9189371072805,0.0004679067040833358,0.0029189371072804986
64,1000.0,10000,17,0.9690072455960367,1000.8686788310755,Banerjee,closed_form,1001.3376841101427,0.00046859821771522365,0.0013376841101427317
64,1000.0,10000,18,0.9689858666433647,1000.1678936277735,Banerjee,closed_form,1000.6368777005326,0.00046890534653938615,0.0006368777005326365
64,1000.0,10000,19,0.9689379374349664,998.6003166253171,Banerjee,closed_form,999.0692531568162,0.000469593814153664,0.0009307468431837833
64,1000.0,10000,0,0.968939834536928,998.6622714808042,Sra two-step (SciPy),sra,998.6622714780431,2.764810793994195e-12,0.001337728521956933
64,1000.0,10000,1,0.9689676066068702,999.570108396178,Sra two-step (SciPy),sra,999.5701083966607,4.829219170434203e-13,0.0004298916033393425
64,1000.0,10000,2,0.9690507619324933,1002.2981002403324,Sra two-step (SciPy),sra,1002.2981002398996,4.3181344063449134e-13,0.002298100239899554
64,1000.0,10000,3,0.9689952655041812,1000.4758618573167,Sra two-step (SciPy),sra,1000.4758618579078,5.908903739615795e-13,0.0004758618579078302
64,1000.0,10000,4,0.968980716111875,999.9992076257089,Sra two-step (SciPy),sra,999.9992076271928,1.4839554686284164e-12,7.923728071546066e-07
64,1000.0,10000,5,0.9689954251542864,1000.4810946525755,Sra two-step (SciPy),sra,1000.4810946501466,2.427751309749423e-12,0.0004810946501465878
64,1000.0,10000,6,0.9689103486877457,997.7001877921364,Sra two-step (SciPy),sra,997.7001877934607,1.3273907220061798e-12,0.002299812206539286
64,1000.0,10000,7,0.9689353629392478,998.5162517939813,Sra two-step (SciPy),sra,998.5162517950245,1.0447405548575737e-12,0.001483748204975541
64,1000.0,10000,8,0.969010272206511,1000.967966846591,Sra two-step (SciPy),sra,1000.9679668442191,2.3696684217541253e-12,0.0009679668442190632
64,1000.0,10000,9,0.9689949416009779,1000.4652455616477,Sra two-step (SciPy),sra,1000.465245561096,5.514656565139084e-13,0.000465245561096026
64,1000.0,10000,10,0.9689641517935463,999.4570860720025,Sra two-step (SciPy),sra,999.4570860723331,3.307809096574281e-13,0.0005429139276668594
64,1000.0,10000,11,0.968961620584845,999.3742949328263,Sra two-step (SciPy),sra,999.3742949344653,1.640049326606611e-12,0.0006257050655347029
64,1000.0,10000,12,0.9689608149688529,999.34794756082,Sra two-step (SciPy),sra,999.3479475606754,1.4470401218600062e-13,0.0006520524393246205
64,1000.0,10000,13,0.9689410263901479,998.7011984533467,Sra two-step (SciPy),sra,998.7011984517859,1.5628364094257947e-12,0.0012988015482141009
64,1000.0,10000,14,0.9690605578367543,1002.6204296969936,Sra two-step (SciPy),sra,1002.620429696878,1.1531733299891503e-13,0.0026204296968779773
64,1000.0,10000,15,0.969017904646638,1001.2184353130889,Sra two-step (SciPy),sra,1001.218435312936,1.5272271398774013e-13,0.0012184353129359806
64,1000.0,10000,16,0.9690553755629647,1002.4498840860091,Sra two-step (SciPy),sra,1002.4498840832733,2.7290741476092014e-12,0.002449884083273332
64,1000.0,10000,17,0.9690072455960367,1000.8686788310755,Sra two-step (SciPy),sra,1000.8686788276134,3.4591004218253688e-12,0.0008686788276133938
64,1000.0,10000,18,0.9689858666433647,1000.1678936277735,Sra two-step (SciPy),sra,1000.1678936277098,6.376760978648509e-14,0.00016789362770975913
64,1000.0,10000,19,0.9689379374349664,998.6003166253171,Sra two-step (SciPy),sra,998.6003166243468,9.716772003769189e-13,0.0013996833756532397
64,1000.0,10000,0,0.968939834536928,998.6622714808042,Converged Newton (SciPy),converged,998.6622714780431,2.764810793994195e-12,0.001337728521956933
64,1000.0,10000,1,0.9689676066068702,999.570108396178,Converged Newton (SciPy),converged,999.5701083966607,4.829219170434203e-13,0.0004298916033393425
64,1000.0,10000,2,0.9690507619324933,1002.2981002403324,Converged Newton (SciPy),converged,1002.2981002398996,4.3181344063449134e-13,0.002298100239899554
64,1000.0,10000,3,0.9689952655041812,1000.4758618573167,Converged Newton (SciPy),converged,1000.4758618579078,5.908903739615795e-13,0.0004758618579078302
64,1000.0,10000,4,0.968980716111875,999.9992076257089,Converged Newton (SciPy),converged,999.9992076271928,1.4839554686284164e-12,7.923728071546066e-07
64,1000.0,10000,5,0.9689954251542864,1000.4810946525755,Converged Newton (SciPy),converged,1000.4810946501466,2.427751309749423e-12,0.0004810946501465878
64,1000.0,10000,6,0.9689103486877457,997.7001877921364,Converged Newton (SciPy),converged,997.7001877934607,1.3273907220061798e-12,0.002299812206539286
64,1000.0,10000,7,0.9689353629392478,998.5162517939813,Converged Newton (SciPy),converged,998.5162517950245,1.0447405548575737e-12,0.001483748204975541
64,1000.0,10000,8,0.969010272206511,1000.967966846591,Converged Newton (SciPy),converged,1000.9679668442191,2.3696684217541253e-12,0.0009679668442190632
64,1000.0,10000,9,0.9689949416009779,1000.4652455616477,Converged Newton (SciPy),converged,1000.465245561096,5.514656565139084e-13,0.000465245561096026
64,1000.0,10000,10,0.9689641517935463,999.4570860720025,Converged Newton (SciPy),converged,999.4570860723331,3.307809096574281e-13,0.0005429139276668594
64,1000.0,10000,11,0.968961620584845,999.3742949328263,Converged Newton (SciPy),converged,999.3742949344653,1.640049326606611e-12,0.0006257050655347029
64,1000.0,10000,12,0.9689608149688529,999.34794756082,Converged Newton (SciPy),converged,999.3479475606754,1.4470401218600062e-13,0.0006520524393246205
64,1000.0,10000,13,0.9689410263901479,998.7011984533467,Converged Newton (SciPy),converged,998.7011984517859,1.5628364094257947e-12,0.0012988015482141009
64,1000.0,10000,14,0.9690605578367543,1002.6204296969936,Converged Newton (SciPy),converged,1002.620429696878,1.1531733299891503e-13,0.0026204296968779773
64,1000.0,10000,15,0.969017904646638,1001.2184353130889,Converged Newton (SciPy),converged,1001.218435312936,1.5272271398774013e-13,0.0012184353129359806
64,1000.0,10000,16,0.9690553755629647,1002.4498840860091,Converged Newton (SciPy),converged,1002.4498840832733,2.7290741476092014e-12,0.002449884083273332
64,1000.0,10000,17,0.9690072455960367,1000.8686788310755,Converged Newton (SciPy),converged,1000.8686788276134,3.4591004218253688e-12,0.0008686788276133938
64,1000.0,10000,18,0.9689858666433647,1000.1678936277735,Converged Newton (SciPy),converged,1000.1678936277098,6.376760978648509e-14,0.00016789362770975913
64,1000.0,10000,19,0.9689379374349664,998.6003166253171,Converged Newton (SciPy),converged,998.6003166243468,9.716772003769189e-13,0.0013996833756532397
64,1000.0,10000,0,0.968939834536928,998.6622714808042,Banerjee (Torch),closed_form,999.1312098940259,0.0004695665658084784,0.0008687901059740852
64,1000.0,10000,1,0.9689676066068702,999.570108396178,Banerjee (Torch),closed_form,1000.0390743565534,0.0004691676516097109,3.907435655344216e-05
64,1000.0,10000,2,0.9690507619324933,1002.2981002403324,Banerjee (Torch),closed_form,1002.7671486850899,0.0004679729959031504,0.0027671486850898647
64,1000.0,10000,3,0.9689952655041812,1000.4758618573167,Banerjee (Torch),closed_form,1000.9448552530068,0.0004687703257722999,0.0009448552530068355
64,1000.0,10000,4,0.968980716111875,999.9992076257089,Banerjee (Torch),closed_form,1000.4681865895664,0.0004689793354646351,0.00046818658956635775
64,1000.0,10000,5,0.9689954251542864,1000.4810946525755,Banerjee (Torch),closed_form,1000.9500882066264,0.00046876803225732224,0.0009500882066264466
64,1000.0,10000,6,0.9689103486877457,997.7001877921364,Banerjee (Torch),closed_form,998.1690969587604,0.00046999005549122337,0.001830903041239594
64,1000.0,10000,7,0.9689353629392478,998.5162517939813,Banerjee (Torch),closed_form,998.9851857718583,0.0004696307917216945,0.001014814228141745
64,1000.0,10000,8,0.969010272206511,1000.967966846591,Banerjee (Torch),closed_form,1001.4369751278475,0.0004685547358064186,0.0014369751278475178
64,1000.0,10000,9,0.9689949416009779,1000.4652455616477,Banerjee (Torch),closed_form,1000.9342386360503,0.00046877497892417727,0.0009342386360502814
64,1000.0,10000,10,0.9689641517935463,999.4570860720025,Banerjee (Torch),closed_form,999.9260486055214,0.00046921727811437925,7.395139447862675e-05
64,1000.0,10000,11,0.968961620584845,999.3742949328263,Banerjee (Torch),closed_form,999.8432549556231,0.00046925363717543436,0.0001567450443768621
64,1000.0,10000,12,0.9689608149688529,999.34794756082,Banerjee (Torch),closed_form,999.8169067845226,0.00046926520922695327,0.00018309321547735634
64,1000.0,10000,13,0.9689410263901479,998.7011984533467,Banerjee (Torch),closed_form,999.1701380487601,0.00046954944696136065,0.0008298619512398772
64,1000.0,10000,14,0.9690605578367543,1002.6204296969936,Banerjee (Torch),closed_form,1003.0894878588628,0.00046783224037327153,0.0030894878588627536
64,1000.0,10000,15,0.969017904646638,1001.2184353130889,Banerjee (Torch),closed_form,1001.6874511652227,0.0004684450821035157,0.001687451165222683
64,1000.0,10000,16,0.9690553755629647,1002.4498840860091,Banerjee (Torch),closed_form,1002.9189371072805,0.0004679067040833358,0.0029189371072804986
64,1000.0,10000,17,0.9690072455960367,1000.8686788310755,Banerjee (Torch),closed_form,1001.3376841101427,0.00046859821771522365,0.0013376841101427317
64,1000.0,10000,18,0.9689858666433647,1000.1678936277735,Banerjee (Torch),closed_form,1000.6368777005326,0.00046890534653938615,0.0006368777005326365
64,1000.0,10000,19,0.9689379374349664,998.6003166253171,Banerjee (Torch),closed_form,999.0692531568162,0.000469593814153664,0.0009307468431837833
64,1000.0,10000,0,0.968939834536928,998.6622714808042,Sra two-step (CUSF),sra,998.6622714814239,6.205370625463152e-13,0.001337728518576114
64,1000.0,10000,1,0.9689676066068702,999.570108396178,Sra two-step (CUSF),sra,999.5701083968754,6.977687143338161e-13,0.0004298916031245881
64,1000.0,10000,2,0.9690507619324933,1002.2981002403324,Sra two-step (CUSF),sra,1002.2981002396892,6.416518606959069e-13,0.0022981002396892337
64,1000.0,10000,3,0.9689952655041812,1000.4758618573167,Sra two-step (CUSF),sra,1000.4758618579078,5.908903739615795e-13,0.0004758618579078302
64,1000.0,10000,4,0.968980716111875,999.9992076257089,Sra two-step (CUSF),sra,999.9992076235843,2.1245813068051674e-12,7.923764156885227e-07
64,1000.0,10000,5,0.9689954251542864,1000.4810946525755,Sra two-step (CUSF),sra,1000.4810946539718,1.3956303106174776e-12,0.00048109465397180883
64,1000.0,10000,6,0.9689103486877457,997.7001877921364,Sra two-step (CUSF),sra,997.7001877896581,2.4839720447259606e-12,0.0022998122103418837
64,1000.0,10000,7,0.9689353629392478,998.5162517939813,Sra two-step (CUSF),sra,998.5162517950245,1.0447405548575737e-12,0.001483748204975541
64,1000.0,10000,8,0.969010272206511,1000.967966846591,Sra two-step (CUSF),sra,1000.9679668478308,1.238556084127144e-12,0.0009679668478307803
64,1000.0,10000,9,0.9689949416009779,1000.4652455616477,Sra two-step (CUSF),sra,1000.465245561096,5.514656565139084e-13,0.000465245561096026
64,1000.0,10000,10,0.9689641517935463,999.4570860720025,Sra two-step (CUSF),sra,999.4570860725443,5.420120476333029e-13,0.0005429139274557429
64,1000.0,10000,11,0.968961620584845,999.3742949328263,Sra two-step (CUSF),sra,999.374294930865,1.9625533039201812e-12,0.0006257050691350515
64,1000.0,10000,12,0.9689608149688529,999.34794756082,Sra two-step (CUSF),sra,999.3479475606754,1.4470401218600062e-13,0.0006520524393246205
64,1000.0,10000,13,0.9689410263901479,998.7011984533467,Sra two-step (CUSF),sra,998.7011984515733,1.775707272972028e-12,0.0012988015484266954
64,1000.0,10000,14,0.9690605578367543,1002.6204296969936,Sra two-step (CUSF),sra,1002.620429696878,1.1531733299891503e-13,0.0026204296968779773
64,1000.0,10000,15,0.969017904646638,1001.2184353130889,Sra two-step (CUSF),sra,1001.2184353131531,6.415489472347447e-14,0.0012184353131531225
64,1000.0,10000,16,0.9690553755629647,1002.4498840860091,Sra two-step (CUSF),sra,1002.4498840830578,2.9440976093722934e-12,0.002449884083057782
64,1000.0,10000,17,0.9690072455960367,1000.8686788310755,Sra two-step (CUSF),sra,1000.8686788312244,1.488004975730218e-13,0.0008686788312244289
64,1000.0,10000,18,0.9689858666433647,1000.1678936277735,Sra two-step (CUSF),sra,1000.1678936277098,6.376760978648509e-14,0.00016789362770975913
64,1000.0,10000,19,0.9689379374349664,998.6003166253171,Sra two-step (CUSF),sra,998.6003166243468,9.716772003769189e-13,0.0013996833756532397
64,1000.0,10000,0,0.968939834536928,998.6622714808042,Converged Newton (CUSF),converged,998.6622714814239,6.205370625463152e-13,0.001337728518576114
64,1000.0,10000,1,0.9689676066068702,999.570108396178,Converged Newton (CUSF),converged,999.5701083968754,6.977687143338161e-13,0.0004298916031245881
64,1000.0,10000,2,0.9690507619324933,1002.2981002403324,Converged Newton (CUSF),converged,1002.2981002396892,6.416518606959069e-13,0.0022981002396892337
64,1000.0,10000,3,0.9689952655041812,1000.4758618573167,Converged Newton (CUSF),converged,1000.4758618579078,5.908903739615795e-13,0.0004758618579078302
64,1000.0,10000,4,0.968980716111875,999.9992076257089,Converged Newton (CUSF),converged,999.9992076235843,2.1245813068051674e-12,7.923764156885227e-07
64,1000.0,10000,5,0.9689954251542864,1000.4810946525755,Converged Newton (CUSF),converged,1000.4810946539718,1.3956303106174776e-12,0.00048109465397180883
64,1000.0,10000,6,0.9689103486877457,997.7001877921364,Converged Newton (CUSF),converged,997.7001877896581,2.4839720447259606e-12,0.0022998122103418837
64,1000.0,10000,7,0.9689353629392478,998.5162517939813,Converged Newton (CUSF),converged,998.5162517950245,1.0447405548575737e-12,0.001483748204975541
64,1000.0,10000,8,0.969010272206511,1000.967966846591,Converged Newton (CUSF),converged,1000.9679668478308,1.238556084127144e-12,0.0009679668478307803
64,1000.0,10000,9,0.9689949416009779,1000.4652455616477,Converged Newton (CUSF),converged,1000.465245561096,5.514656565139084e-13,0.000465245561096026
64,1000.0,10000,10,0.9689641517935463,999.4570860720025,Converged Newton (CUSF),converged,999.4570860725443,5.420120476333029e-13,0.0005429139274557429
64,1000.0,10000,11,0.968961620584845,999.3742949328263,Converged Newton (CUSF),converged,999.374294930865,1.9625533039201812e-12,0.0006257050691350515
64,1000.0,10000,12,0.9689608149688529,999.34794756082,Converged Newton (CUSF),converged,999.3479475606754,1.4470401218600062e-13,0.0006520524393246205
64,1000.0,10000,13,0.9689410263901479,998.7011984533467,Converged Newton (CUSF),converged,998.7011984515733,1.775707272972028e-12,0.0012988015484266954
64,1000.0,10000,14,0.9690605578367543,1002.6204296969936,Converged Newton (CUSF),converged,1002.620429696878,1.1531733299891503e-13,0.0026204296968779773
64,1000.0,10000,15,0.969017904646638,1001.2184353130889,Converged Newton (CUSF),converged,1001.2184353131531,6.415489472347447e-14,0.0012184353131531225
64,1000.0,10000,16,0.9690553755629647,1002.4498840860091,Converged Newton (CUSF),converged,1002.4498840830578,2.9440976093722934e-12,0.002449884083057782
64,1000.0,10000,17,0.9690072455960367,1000.8686788310755,Converged Newton (CUSF),converged,1000.8686788312244,1.488004975730218e-13,0.0008686788312244289
64,1000.0,10000,18,0.9689858666433647,1000.1678936277735,Converged Newton (CUSF),converged,1000.1678936277098,6.376760978648509e-14,0.00016789362770975913
64,1000.0,10000,19,0.9689379374349664,998.6003166253171,Converged Newton (CUSF),converged,998.6003166243468,9.716772003769189e-13,0.0013996833756532397
64,1000.0,10000,0,0.968939834536928,998.6622714808042,SciPy Brent,reference,998.6622714808015,2.7321389655313823e-15,0.0013377285191985492
64,1000.0,10000,1,0.9689676066068702,999.570108396178,SciPy Brent,reference,999.5701083961821,4.20822207503687e-15,0.0004298916038178504
64,1000.0,10000,2,0.9690507619324933,1002.2981002403324,SciPy Brent,reference,1002.2981002403309,1.4745402490802174e-15,0.002298100240330882
64,1000.0,10000,3,0.9689952655041812,1000.4758618573167,SciPy Brent,reference,1000.4758618573271,1.0454214308551021e-14,0.00047586185732711783
64,1000.0,10000,4,0.968980716111875,999.9992076257089,SciPy Brent,reference,999.9992076257171,8.185458801903469e-15,7.92374282923447e-07
64,1000.0,10000,5,0.9689954251542864,1000.4810946525755,SciPy Brent,reference,1000.4810946525843,8.749677081708662e-15,0.000481094652584261
64,1000.0,10000,6,0.9689103486877457,997.7001877921364,SciPy Brent,reference,997.7001877921424,6.039291635876687e-15,0.002299812207857599
64,1000.0,10000,7,0.9689353629392478,998.5162517939813,SciPy Brent,reference,998.5162517939908,9.563884765479097e-15,0.0014837482060091815
64,1000.0,10000,8,0.969010272206511,1000.967966846591,SciPy Brent,reference,1000.9679668466016,1.056265161153823e-14,0.0009679668466015983
64,1000.0,10000,9,0.9689949416009779,1000.4652455616477,SciPy Brent,reference,1000.4652455616475,2.272679400428223e-16,0.00046524556164752084
64,1000.0,10000,10,0.9689641517935463,999.4570860720025,SciPy Brent,reference,999.4570860719974,5.118686703777257e-15,0.0005429139280025765
64,1000.0,10000,11,0.968961620584845,999.3742949328263,SciPy Brent,reference,999.3742949328159,1.0351979518707193e-14,0.0006257050671840716
64,1000.0,10000,12,0.9689608149688529,999.34794756082,SciPy Brent,reference,999.3479475608208,7.963271110864814e-16,0.0006520524391792151
64,1000.0,10000,13,0.9689410263901479,998.7011984533467,SciPy Brent,reference,998.7011984533507,3.9842140235926005e-15,0.0012988015466493153
64,1000.0,10000,14,0.9690605578367543,1002.6204296969936,SciPy Brent,reference,1002.6204296969862,7.370331017629773e-15,0.002620429696986207
64,1000.0,10000,15,0.969017904646638,1001.2184353130889,SciPy Brent,reference,1001.218435313085,3.860648532032093e-15,0.001218435313085024
64,1000.0,10000,16,0.9690553755629647,1002.4498840860091,SciPy Brent,reference,1002.4498840860036,5.443631943369418e-15,0.0024498840860036355
64,1000.0,10000,17,0.9690072455960367,1000.8686788310755,SciPy Brent,reference,1000.8686788310713,4.2027621451922195e-15,0.0008686788310712927
64,1000.0,10000,18,0.9689858666433647,1000.1678936277735,SciPy Brent,reference,1000.1678936277697,3.864703623423339e-15,0.0001678936277696721
64,1000.0,10000,19,0.9689379374349664,998.6003166253171,SciPy Brent,reference,998.6003166253124,4.667693639771959e-15,0.0013996833746875836
64,1000.0,10000,0,0.968939834536928,998.6622714808042,Direct likelihood,reference,998.6622711225549,3.587291631395291e-10,0.0013377288774451017
64,1000.0,10000,1,0.9689676066068702,999.570108396178,Direct likelihood,reference,999.5701445155746,3.613493077159832e-08,0.00042985548442538857
64,1000.0,10000,2,0.9690507619324933,1002.2981002403324,Direct likelihood,reference,1002.2981154548105,1.517959391115374e-08,0.0022981154548104995
64,1000.0,10000,3,0.9689952655041812,1000.4758618573167,Direct likelihood,reference,1000.4759530920612,9.119135007397026e-08,0.00047595309206121785
64,1000.0,10000,4,0.968980716111875,999.9992076257089,Direct likelihood,reference,999.9992528321177,4.520644461988309e-08,7.471678823094408e-07
64,1000.0,10000,5,0.9689954251542864,1000.4810946525755,Direct likelihood,reference,1000.4810955660682,9.130534616571654e-10,0.0004810955660682339
64,1000.0,10000,6,0.9689103486877457,997.7001877921364,Direct likelihood,reference,997.7001726340595,1.519301793694588e-08,0.002299827365940473
64,1000.0,10000,7,0.9689353629392478,998.5162517939813,Direct likelihood,reference,998.5162533197777,1.5280636540485587e-09,0.001483746680222339
64,1000.0,10000,8,0.969010272206511,1000.967966846591,Direct likelihood,reference,1000.9679664639084,3.8231256281094814e-10,0.0009679664639083967
64,1000.0,10000,9,0.9689949416009779,1000.4652455616477,Direct likelihood,reference,1000.465281489558,3.5911202761803236e-08,0.0004652814895580377
64,1000.0,10000,10,0.9689641517935463,999.4570860720025,Direct likelihood,reference,999.4571206295108,3.457628017331153e-08,0.0005428793704892314
64,1000.0,10000,11,0.968961620584845,999.3742949328263,Direct likelihood,reference,999.3742607083163,3.424593778865059e-08,0.000625739291683658
64,1000.0,10000,12,0.9689608149688529,999.34794756082,Direct likelihood,reference,999.3479619727976,1.4421381141817831e-08,0.0006520380272023658
64,1000.0,10000,13,0.9689410263901479,998.7011984533467,Direct likelihood,reference,998.7011999301199,1.4786936796268562e-09,0.0012988000698801443
64,1000.0,10000,14,0.9690605578367543,1002.6204296969936,Direct likelihood,reference,1002.6204599853218,3.020916716323104e-08,0.0026204599853217585
64,1000.0,10000,15,0.969017904646638,1001.2184353130889,Direct likelihood,reference,1001.218450855625,1.5523621533067145e-08,0.0012184508556249511
64,1000.0,10000,16,0.9690553755629647,1002.4498840860091,Direct likelihood,reference,1002.4498252721323,5.8670141716028354e-08,0.00244982527213233
64,1000.0,10000,17,0.9690072455960367,1000.8686788310755,Direct likelihood,reference,1000.8686933757066,1.4532007438065872e-08,0.0008686933757065845
64,1000.0,10000,18,0.9689858666433647,1000.1678936277735,Direct likelihood,reference,1000.167894645414,1.017469616358953e-09,0.00016789464541398048
64,1000.0,10000,19,0.9689379374349664,998.6003166253171,Direct likelihood,reference,998.6003162405482,3.85308205344964e-10,0.0013996837594518184
256,1.0,10000,0,0.011766007201226168,3.012511660328469,Banerjee,closed_form,3.012513263739669,5.322506202808462e-07,2.012513263739669
256,1.0,10000,1,0.010912781408029648,2.794002196082881,Banerjee,closed_form,2.7940034753812255,4.57873063373212e-07,1.7940034753812255
256,1.0,10000,2,0.011109349837321378,2.8443418797560414,Banerjee,closed_form,2.844343229432382,4.7451269837619356e-07,1.8443432294323818
256,1.0,10000,3,0.01019439975763363,2.6100354856584835,Banerjee,closed_form,2.6100365285920124,3.9958595758664527e-07,1.6100365285920124
256,1.0,10000,4,0.010557688875855597,2.703067313935636,Banerjee,closed_form,2.7030684723799343,4.2856657408922094e-07,1.7030684723799343
256,1.0,10000,5,0.010792420187101975,2.7631789184929954,Banerjee,closed_form,2.7631801559299216,4.4783090880524634e-07,1.7631801559299216
256,1.0,10000,6,0.010556809150592854,2.7028420295355557,Banerjee,closed_form,2.7028431876903145,4.284951714183149e-07,1.7028431876903145
256,1.0,10000,7,0.010783254244432319,2.7608316241288637,Banerjee,closed_form,2.760832858415851,4.470707219145804e-07,1.760832858415851
256,1.0,10000,8,0.010825323373308148,2.7716050641488663,Banerjee,closed_form,2.7716063129373363,4.5056508451312313e-07,1.7716063129373363
256,1.0,10000,9,0.010745193326855746,2.751084667899456,Banerjee,closed_form,2.7510858891637233,4.4392100386534014e-07,1.7510858891637233
256,1.0,10000,10,0.010815089408763513,2.7689842559918127,Banerjee,closed_form,2.768985501242177,4.49713775534224e-07,1.768985501242177
256,1.0,10000,11,0.010697333761542175,2.738828426161196,Banerjee,closed_form,2.738829631180505,4.399761948264831e-07,1.7388296311805052
256,1.0,10000,12,0.010866155212918767,2.782061675965447,Banerjee,closed_form,2.7820629389370812,4.5396967482672747e-07,1.7820629389370812
256,1.0,10000,13,0.010909261063203585,2.7931006683710726,Banerjee,closed_form,2.7931019464318454,4.5757776912298427e-07,1.7931019464318454
256,1.0,10000,14,0.010238990916064545,2.6214543697619814,Banerjee,closed_form,2.6214554264401912,4.030885381830463e-07,1.6214554264401912
256,1.0,10000,15,0.010544983182429177,2.699813578276368,Banerjee,closed_form,2.6998147325435844,4.2753589572332443e-07,1.6998147325435844
256,1.0,10000,16,0.009842203526804445,2.519846305928279,Banerjee,closed_form,2.5198472444656086,3.7245816438212176e-07,1.5198472444656086
256,1.0,10000,17,0.010864828297057273,2.781721866103416,Banerjee,closed_form,2.7817231286124593,4.53858834152903e-07,1.7817231286124593
256,1.0,10000,18,0.010982605060810549,2.811883429689012,Banerjee,closed_form,2.811884733699085,4.637496915722191e-07,1.811884733699085
256,1.0,10000,19,0.011130828936945893,2.8498425536976697,Banerjee,closed_form,2.849843911217042,4.763489024008375e-07,1.8498439112170422
256,1.0,10000,0,0.011766007201226168,3.012511660328469,Sra two-step (SciPy),sra,3.0125116603285393,2.32915596909787e-14,2.0125116603285393
256,1.0,10000,1,0.010912781408029648,2.794002196082881,Sra two-step (SciPy),sra,2.794002196083031,5.3722990318246894e-14,1.794002196083031
256,1.0,10000,2,0.011109349837321378,2.8443418797560414,Sra two-step (SciPy),sra,2.8443418797560542,4.527791534946006e-15,1.8443418797560542
256,1.0,10000,3,0.01019439975763363,2.6100354856584835,Sra two-step (SciPy),sra,2.610035485658518,1.3271451119587308e-14,1.6100354856585182
256,1.0,10000,4,0.010557688875855597,2.703067313935636,Sra two-step (SciPy),sra,2.703067313935653,6.243052064335016e-15,1.703067313935653
256,1.0,10000,5,0.010792420187101975,2.7631789184929954,Sra two-step (SciPy),sra,2.7631789184930713,2.7482568854345872e-14,1.7631789184930713
256,1.0,10000,6,0.010556809150592854,2.7028420295355557,Sra two-step (SciPy),sra,2.7028420295356295,2.7274553240456272e-14,1.7028420295356295
256,1.0,10000,7,0.010783254244432319,2.7608316241288637,Sra two-step (SciPy),sra,2.7608316241289916,4.632578507107405e-14,1.7608316241289916
256,1.0,10000,8,0.010825323373308148,2.7716050641488663,Sra two-step (SciPy),sra,2.771605064148902,1.2818253670969914e-14,1.7716050641489018
256,1.0,10000,9,0.010745193326855746,2.751084667899456,Sra two-step (SciPy),sra,2.751084667899654,7.199479896209672e-14,1.751084667899654
256,1.0,10000,10,0.010815089408763513,2.7689842559918127,Sra two-step (SciPy),sra,2.76898425599176,1.9085199151205902e-14,1.76898425599176
256,1.0,10000,11,0.010697333761542175,2.738828426161196,Sra two-step (SciPy),sra,2.7388284261610933,3.7455653116303226e-14,1.7388284261610933
256,1.0,10000,12,0.010866155212918767,2.782061675965447,Sra two-step (SciPy),sra,2.7820616759655095,2.250725752409111e-14,1.7820616759655095
256,1.0,10000,13,0.010909261063203585,2.7931006683710726,Sra two-step (SciPy),sra,2.7931006683713218,8.919622896054775e-14,1.7931006683713218
256,1.0,10000,14,0.010238990916064545,2.6214543697619814,Sra two-step (SciPy),sra,2.6214543697619774,1.5246509474866269e-15,1.6214543697619774
256,1.0,10000,15,0.010544983182429177,2.699813578276368,Sra two-step (SciPy),sra,2.6998135782763533,5.428131795087929e-15,1.6998135782763533
256,1.0,10000,16,0.009842203526804445,2.519846305928279,Sra two-step (SciPy),sra,2.5198463059282825,1.4098930043639018e-15,1.5198463059282825
256,1.0,10000,17,0.010864828297057273,2.781721866103416,Sra two-step (SciPy),sra,2.7817218661033474,2.4745043120785057e-14,1.7817218661033474
256,1.0,10000,18,0.010982605060810549,2.811883429689012,Sra two-step (SciPy),sra,2.8118834296889768,1.2476707678466975e-14,1.8118834296889768
256,1.0,10000,19,0.011130828936945893,2.8498425536976697,Sra two-step (SciPy),sra,2.849842553697589,2.8360947901434756e-14,1.8498425536975889
256,1.0,10000,0,0.011766007201226168,3.012511660328469,Converged Newton (SciPy),converged,3.0125116603284483,6.928501933392399e-15,2.0125116603284483
256,1.0,10000,1,0.010912781408029648,2.794002196082881,Converged Newton (SciPy),converged,2.7940021960829435,2.2411069925659205e-14,1.7940021960829435
256,1.0,10000,2,0.011109349837321378,2.8443418797560414,Converged Newton (SciPy),converged,2.8443418797561604,4.1843039012604473e-14,1.8443418797561604
256,1.0,10000,3,0.01019439975763363,2.6100354856584835,Converged Newton (SciPy),converged,2.610035485658535,1.9737029870155484e-14,1.610035485658535
256,1.0,10000,4,0.010557688875855597,2.703067313935636,Converged Newton (SciPy),converged,2.703067313935624,4.4358527825538275e-15,1.703067313935624
256,1.0,10000,5,0.010792420187101975,2.7631789184929954,Converged Newton (SciPy),converged,2.763178918492959,1.317877570793194e-14,1.763178918492959
256,1.0,10000,6,0.010556809150592854,2.7028420295355557,Converged Newton (SciPy),converged,2.702842029535528,1.0186881330772823e-14,1.7028420295355282
256,1.0,10000,7,0.010783254244432319,2.7608316241288637,Converged Newton (SciPy),converged,2.760831624128919,1.9945824127823547e-14,1.7608316241289188
256,1.0,10000,8,0.010825323373308148,2.7716050641488663,Converged Newton (SciPy),converged,2.7716050641489516,3.0763808810327794e-14,1.7716050641489516
256,1.0,10000,9,0.010745193326855746,2.751084667899456,Converged Newton (SciPy),converged,2.7510846678993177,5.020265129419748e-14,1.7510846678993177
256,1.0,10000,10,0.010815089408763513,2.7689842559918127,Converged Newton (SciPy),converged,2.7689842559918207,2.8868368464008927e-15,1.7689842559918207
256,1.0,10000,11,0.010697333761542175,2.738828426161196,Converged Newton (SciPy),converged,2.7388284261609765,8.009996813616361e-14,1.7388284261609765
256,1.0,10000,12,0.010866155212918767,2.782061675965447,Converged Newton (SciPy),converged,2.7820616759655614,4.1183492490890114e-14,1.7820616759655614
256,1.0,10000,13,0.010909261063203585,2.7931006683710726,Converged Newton (SciPy),converged,2.7931006683711517,2.8301120775360958e-14,1.7931006683711517
256,1.0,10000,14,0.010238990916064545,2.6214543697619814,Converged Newton (SciPy),converged,2.6214543697622,8.334758512926894e-14,1.6214543697622
256,1.0,10000,15,0.010544983182429177,2.699813578276368,Converged Newton (SciPy),converged,2.6998135782766575,1.0724672516355545e-13,1.6998135782766575
256,1.0,10000,16,0.009842203526804445,2.519846305928279,Converged Newton (SciPy),converged,2.5198463059283966,4.6702705769554246e-14,1.5198463059283966
256,1.0,10000,17,0.010864828297057273,2.781721866103416,Converged Newton (SciPy),converged,2.7817218661032266,6.81686026617756e-14,1.7817218661032266
256,1.0,10000,18,0.010982605060810549,2.811883429689012,Converged Newton (SciPy),converged,2.8118834296891824,6.064627529786478e-14,1.8118834296891824
256,1.0,10000,19,0.011130828936945893,2.8498425536976697,Converged Newton (SciPy),converged,2.849842553697659,3.739905217771617e-15,1.849842553697659
256,1.0,10000,0,0.011766007201226168,3.012511660328469,Banerjee (Torch),closed_form,3.012513263739669,5.322506202808462e-07,2.012513263739669
256,1.0,10000,1,0.010912781408029648,2.794002196082881,Banerjee (Torch),closed_form,2.7940034753812255,4.57873063373212e-07,1.7940034753812255
256,1.0,10000,2,0.011109349837321378,2.8443418797560414,Banerjee (Torch),closed_form,2.844343229432382,4.7451269837619356e-07,1.8443432294323818
256,1.0,10000,3,0.01019439975763363,2.6100354856584835,Banerjee (Torch),closed_form,2.6100365285920124,3.9958595758664527e-07,1.6100365285920124
256,1.0,10000,4,0.010557688875855597,2.703067313935636,Banerjee (Torch),closed_form,2.7030684723799343,4.2856657408922094e-07,1.7030684723799343
256,1.0,10000,5,0.010792420187101975,2.7631789184929954,Banerjee (Torch),closed_form,2.7631801559299216,4.4783090880524634e-07,1.7631801559299216
256,1.0,10000,6,0.010556809150592854,2.7028420295355557,Banerjee (Torch),closed_form,2.7028431876903145,4.284951714183149e-07,1.7028431876903145
256,1.0,10000,7,0.010783254244432319,2.7608316241288637,Banerjee (Torch),closed_form,2.760832858415851,4.470707219145804e-07,1.760832858415851
256,1.0,10000,8,0.010825323373308148,2.7716050641488663,Banerjee (Torch),closed_form,2.7716063129373363,4.5056508451312313e-07,1.7716063129373363
256,1.0,10000,9,0.010745193326855746,2.751084667899456,Banerjee (Torch),closed_form,2.7510858891637233,4.4392100386534014e-07,1.7510858891637233
256,1.0,10000,10,0.010815089408763513,2.7689842559918127,Banerjee (Torch),closed_form,2.768985501242177,4.49713775534224e-07,1.768985501242177
256,1.0,10000,11,0.010697333761542175,2.738828426161196,Banerjee (Torch),closed_form,2.738829631180505,4.399761948264831e-07,1.7388296311805052
256,1.0,10000,12,0.010866155212918767,2.782061675965447,Banerjee (Torch),closed_form,2.7820629389370812,4.5396967482672747e-07,1.7820629389370812
256,1.0,10000,13,0.010909261063203585,2.7931006683710726,Banerjee (Torch),closed_form,2.7931019464318454,4.5757776912298427e-07,1.7931019464318454
256,1.0,10000,14,0.010238990916064545,2.6214543697619814,Banerjee (Torch),closed_form,2.6214554264401912,4.030885381830463e-07,1.6214554264401912
256,1.0,10000,15,0.010544983182429177,2.699813578276368,Banerjee (Torch),closed_form,2.6998147325435844,4.2753589572332443e-07,1.6998147325435844
256,1.0,10000,16,0.009842203526804445,2.519846305928279,Banerjee (Torch),closed_form,2.5198472444656086,3.7245816438212176e-07,1.5198472444656086
256,1.0,10000,17,0.010864828297057273,2.781721866103416,Banerjee (Torch),closed_form,2.7817231286124593,4.53858834152903e-07,1.7817231286124593
256,1.0,10000,18,0.010982605060810549,2.811883429689012,Banerjee (Torch),closed_form,2.811884733699085,4.637496915722191e-07,1.811884733699085
256,1.0,10000,19,0.011130828936945893,2.8498425536976697,Banerjee (Torch),closed_form,2.849843911217042,4.763489024008375e-07,1.8498439112170422
256,1.0,10000,0,0.011766007201226168,3.012511660328469,Sra two-step (CUSF),sra,3.0125116603285393,2.32915596909787e-14,2.0125116603285393
256,1.0,10000,1,0.010912781408029648,2.794002196082881,Sra two-step (CUSF),sra,2.794002196082555,1.166647186200983e-13,1.794002196082555
256,1.0,10000,2,0.011109349837321378,2.8443418797560414,Sra two-step (CUSF),sra,2.8443418797558926,5.230379876575559e-14,1.8443418797558926
256,1.0,10000,3,0.01019439975763363,2.6100354856584835,Sra two-step (CUSF),sra,2.6100354856582215,1.003866174430322e-13,1.6100354856582215
256,1.0,10000,4,0.010557688875855597,2.703067313935636,Sra two-step (CUSF),sra,2.7030673139358066,6.308768401854332e-14,1.7030673139358066
256,1.0,10000,5,0.010792420187101975,2.7631789184929954,Sra two-step (CUSF),sra,2.7631789184929145,2.9250453400531865e-14,1.7631789184929145
256,1.0,10000,6,0.010556809150592854,2.7028420295355557,Sra two-step (CUSF),sra,2.702842029535476,2.957481676675981e-14,1.7028420295354758
256,1.0,10000,7,0.010783254244432319,2.7608316241288637,Sra two-step (CUSF),sra,2.7608316241293056,1.6004915328374542e-13,1.7608316241293056
256,1.0,10000,8,0.010825323373308148,2.7716050641488663,Sra two-step (CUSF),sra,2.7716050641490586,6.937879799412466e-14,1.7716050641490586
256,1.0,10000,9,0.010745193326855746,2.751084667899456,Sra two-step (CUSF),sra,2.7510846678994976,1.5173791709500203e-14,1.7510846678994976
256,1.0,10000,10,0.010815089408763513,2.7689842559918127,Sra two-step (CUSF),sra,2.7689842559922324,1.5155893443604688e-13,1.7689842559922324
256,1.0,10000,11,0.010697333761542175,2.738828426161196,Sra two-step (CUSF),sra,2.738828426160938,9.420664268645964e-14,1.738828426160938
256,1.0,10000,12,0.010866155212918767,2.782061675965447,Sra two-step (CUSF),sra,2.7820616759653514,3.4319577075741766e-14,1.7820616759653514
256,1.0,10000,13,0.010909261063203585,2.7931006683710726,Sra two-step (CUSF),sra,2.7931006683711628,3.227599728875435e-14,1.7931006683711628
256,1.0,10000,14,0.010238990916064545,2.6214543697619814,Sra two-step (CUSF),sra,2.6214543697621266,5.5395651092014115e-14,1.6214543697621266
256,1.0,10000,15,0.010544983182429177,2.699813578276368,Sra two-step (CUSF),sra,2.69981357827666,1.082336582172078e-13,1.6998135782766601
256,1.0,10000,16,0.009842203526804445,2.519846305928279,Sra two-step (CUSF),sra,2.519846305928139,5.551453704682864e-14,1.519846305928139
256,1.0,10000,17,0.010864828297057273,2.781721866103416,Sra two-step (CUSF),sra,2.781721866103822,1.4591593169288736e-13,1.781721866103822
256,1.0,10000,18,0.010982605060810549,2.811883429689012,Sra two-step (CUSF),sra,2.811883429689297,1.013929915136177e-13,1.811883429689297
256,1.0,10000,19,0.011130828936945893,2.8498425536976697,Sra two-step (CUSF),sra,2.849842553698075,1.4227222765939524e-13,1.8498425536980752
256,1.0,10000,0,0.011766007201226168,3.012511660328469,Converged Newton (CUSF),converged,3.0125116603286197,4.997366288127709e-14,2.0125116603286197
256,1.0,10000,1,0.010912781408029648,2.794002196082881,Converged Newton (CUSF),converged,2.7940021960832615,1.3621480089567333e-13,1.7940021960832615
256,1.0,10000,2,0.011109349837321378,2.8443418797560414,Converged Newton (CUSF),converged,2.8443418797559987,1.4988551288097124e-14,1.8443418797559987
256,1.0,10000,3,0.01019439975763363,2.6100354856584835,Converged Newton (CUSF),converged,2.610035485658535,1.9737029870155484e-14,1.610035485658535
256,1.0,10000,4,0.010557688875855597,2.703067313935636,Converged Newton (CUSF),converged,2.7030673139357777,5.240877917165448e-14,1.7030673139357777
256,1.0,10000,5,0.010792420187101975,2.7631789184929954,Converged Newton (CUSF),converged,2.763178918492959,1.317877570793194e-14,1.763178918492959
256,1.0,10000,6,0.010556809150592854,2.7028420295355557,Converged Newton (CUSF),converged,2.702842029535528,1.0186881330772823e-14,1.7028420295355282
256,1.0,10000,7,0.010783254244432319,2.7608316241288637,Converged Newton (CUSF),converged,2.760831624128605,9.377754408484781e-14,1.7608316241286048
256,1.0,10000,8,0.010825323373308148,2.7716050641488663,Converged Newton (CUSF),converged,2.7716050641487935,2.6277420025488323e-14,1.7716050641487935
256,1.0,10000,9,0.010745193326855746,2.751084667899456,Converged Newton (CUSF),converged,2.751084667899474,6.6183559583990254e-15,1.751084667899474
256,1.0,10000,10,0.010815089408763513,2.7689842559918127,Converged Newton (CUSF),converged,2.768984255991506,1.1082245893683427e-13,1.7689842559915059
256,1.0,10000,11,0.010697333761542175,2.738828426161196,Converged Newton (CUSF),converged,2.7388284261611324,2.3186832881521046e-14,1.7388284261611324
256,1.0,10000,12,0.010866155212918767,2.782061675965447,Converged Newton (CUSF),converged,2.7820616759655614,4.1183492490890114e-14,1.7820616759655614
256,1.0,10000,13,0.010909261063203585,2.7931006683710726,Converged Newton (CUSF),converged,2.793100668371469,1.41982589058412e-13,1.7931006683714692
256,1.0,10000,14,0.010238990916064545,2.6214543697619814,Converged Newton (CUSF),converged,2.621454369761753,8.707450966756958e-14,1.6214543697617532
256,1.0,10000,15,0.010544983182429177,2.699813578276368,Converged Newton (CUSF),converged,2.6998135782766575,1.0724672516355545e-13,1.6998135782766575
256,1.0,10000,16,0.009842203526804445,2.519846305928279,Converged Newton (CUSF),converged,2.519846305928253,1.0221724281638289e-14,1.5198463059282532
256,1.0,10000,17,0.010864828297057273,2.781721866103416,Converged Newton (CUSF),converged,2.7817218661037013,1.0249237215189681e-13,1.7817218661037013
256,1.0,10000,18,0.010982605060810549,2.811883429689012,Converged Newton (CUSF),converged,2.811883429689023,3.948325214704739e-15,1.811883429689023
256,1.0,10000,19,0.011130828936945893,2.8498425536976697,Converged Newton (CUSF),converged,2.849842553697821,5.3137819969171716e-14,1.8498425536978211
256,1.0,10000,0,0.011766007201226168,3.012511660328469,SciPy Brent,reference,3.0125116603285464,2.5650198647027178e-14,2.0125116603285464
256,1.0,10000,1,0.010912781408029648,2.794002196082881,SciPy Brent,reference,2.7940021960829653,3.019931408422163e-14,1.7940021960829653
256,1.0,10000,2,0.011109349837321378,2.8443418797560414,SciPy Brent,reference,2.844341879756043,6.245229703373802e-16,1.8443418797560431
256,1.0,10000,3,0.01019439975763363,2.6100354856584835,SciPy Brent,reference,2.6100354856586043,4.62799321093301e-14,1.6100354856586043
256,1.0,10000,4,0.010557688875855597,2.703067313935636,SciPy Brent,reference,2.703067313935642,2.1357809693777686e-15,1.7030673139356418
256,1.0,10000,5,0.010792420187101975,2.7631789184929954,SciPy Brent,reference,2.76317891849293,2.3625366208121892e-14,1.76317891849293
256,1.0,10000,6,0.010556809150592854,2.7028420295355557,SciPy Brent,reference,2.702842029535616,2.2345417112662968e-14,1.7028420295356161
256,1.0,10000,7,0.010783254244432319,2.7608316241288637,SciPy Brent,reference,2.7608316241289668,3.7317993529476315e-14,1.7608316241289668
256,1.0,10000,8,0.010825323373308148,2.7716050641488663,SciPy Brent,reference,2.771605064148882,5.607985981049337e-15,1.7716050641488819
256,1.0,10000,9,0.010745193326855746,2.751084667899456,SciPy Brent,reference,2.7510846678994665,3.874159585404308e-15,1.7510846678994665
256,1.0,10000,10,0.010815089408763513,2.7689842559918127,SciPy Brent,reference,2.768984255991713,3.608546058001116e-14,1.7689842559917128
256,1.0,10000,11,0.010697333761542175,2.738828426161196,SciPy Brent,reference,2.7388284261613105,4.183358659742958e-14,1.7388284261613105
256,1.0,10000,12,0.010866155212918767,2.782061675965447,SciPy Brent,reference,2.7820616759655583,4.006611091167992e-14,1.7820616759655583
256,1.0,10000,13,0.010909261063203585,2.7931006683710726,SciPy Brent,reference,2.7931006683710917,6.8367876030366365e-15,1.7931006683710917
256,1.0,10000,14,0.010238990916064545,2.6214543697619814,SciPy Brent,reference,2.621454369762084,3.913270765215676e-14,1.621454369762084
256,1.0,10000,15,0.010544983182429177,2.699813578276368,SciPy Brent,reference,2.6998135782763795,4.276709899160187e-15,1.6998135782763795
256,1.0,10000,16,0.009842203526804445,2.519846305928279,SciPy Brent,reference,2.5198463059283847,4.194431687982608e-14,1.5198463059283847
256,1.0,10000,17,0.010864828297057273,2.781721866103416,SciPy Brent,reference,2.781721866103509,3.336589685318759e-14,1.781721866103509
256,1.0,10000,18,0.010982605060810549,2.811883429689012,SciPy Brent,reference,2.8118834296890696,2.0531291116464644e-14,1.8118834296890696
256,1.0,10000,19,0.011130828936945893,2.8498425536976697,SciPy Brent,reference,2.849842553697701,1.0908056885167215e-14,1.8498425536977008
256,1.0,10000,0,0.011766007201226168,3.012511660328469,Direct likelihood,reference,3.012510222511115,4.772819215941449e-07,2.012510222511115
256,1.0,10000,1,0.010912781408029648,2.794002196082881,Direct likelihood,reference,2.793999653196518,9.101232512901418e-07,1.793999653196518
256,1.0,10000,2,0.011109349837321378,2.8443418797560414,Direct likelihood,reference,2.8443381667477325,1.3054015536039727e-06,1.8443381667477325
256,1.0,10000,3,0.01019439975763363,2.6100354856584835,Direct likelihood,reference,2.610036638182911,4.41574236742381e-07,1.610036638182911
256,1.0,10000,4,0.010557688875855597,2.703067313935636,Direct likelihood,reference,2.70306383183044,1.2882051357849045e-06,1.7030638318304399
256,1.0,10000,5,0.010792420187101975,2.7631789184929954,Direct likelihood,reference,2.7631728461509324,2.197592787899862e-06,1.7631728461509324
256,1.0,10000,6,0.010556809150592854,2.7028420295355557,Direct likelihood,reference,2.702837280528089,1.757042185572012e-06,1.702837280528089
256,1.0,10000,7,0.010783254244432319,2.7608316241288637,Direct likelihood,reference,2.7608243033496302,2.6516572649729587e-06,1.7608243033496302
256,1.0,10000,8,0.010825323373308148,2.7716050641488663,Direct likelihood,reference,2.7716072326098975,7.823845681448859e-07,1.7716072326098975
256,1.0,10000,9,0.010745193326855746,2.751084667899456,Direct likelihood,reference,2.751078886234465,2.101594712161893e-06,1.751078886234465
256,1.0,10000,10,0.010815089408763513,2.7689842559918127,Direct likelihood,reference,2.7689777238848583,2.359026397609156e-06,1.7689777238848583
256,1.0,10000,11,0.010697333761542175,2.738828426161196,Direct likelihood,reference,2.7388211852797713,2.6437878895626632e-06,1.7388211852797713
256,1.0,10000,12,0.010866155212918767,2.782061675965447,Direct likelihood,reference,2.782059968722196,6.136611799513255e-07,1.782059968722196
256,1.0,10000,13,0.010909261063203585,2.7931006683710726,Direct likelihood,reference,2.793099118484356,5.548982656787135e-07,1.7930991184843559
256,1.0,10000,14,0.010238990916064545,2.6214543697619814,Direct likelihood,reference,2.6214519638588825,9.177741664013958e-07,1.6214519638588825
256,1.0,10000,15,0.010544983182429177,2.699813578276368,Direct likelihood,reference,2.699804870196711,3.2254373883383386e-06,1.699804870196711
256,1.0,10000,16,0.009842203526804445,2.519846305928279,Direct likelihood,reference,2.519843688007568,1.038920788430608e-06,1.519843688007568
256,1.0,10000,17,0.010864828297057273,2.781721866103416,Direct likelihood,reference,2.781720525919959,4.817819759156908e-07,1.781720525919959
256,1.0,10000,18,0.010982605060810549,2.811883429689012,Direct likelihood,reference,2.811879785058392,1.2961528139781706e-06,1.8118797850583919
256,1.0,10000,19,0.011130828936945893,2.8498425536976697,Direct likelihood,reference,2.849843546041525,3.4821006297380914e-07,1.8498435460415248
256,10.0,10000,0,0.042173085270880664,10.815397162391145,Banerjee,closed_form,10.815470884144718,6.8163704453918e-06,0.08154708841447178
256,10.0,10000,1,0.039078509728719055,10.019280977348586,Banerjee,closed_form,10.019339645968769,5.855571903321394e-06,0.0019339645968768694
256,10.0,10000,2,0.03970384187453451,10.180107371375302,Banerjee,closed_form,10.180168898898755,6.043897299748877e-06,0.018016889889875466
256,10.0,10000,3,0.04013863943913779,10.291945021432065,Banerjee,closed_form,10.292008590471044,6.176581671020518e-06,0.029200859047104365
256,10.0,10000,4,0.04065489183763259,10.42474941013482,Banerjee,closed_form,10.424815461097806,6.3359760879309775e-06,0.04248154610978059
256,10.0,10000,5,0.03995605479077666,10.244979600637496,Banerjee,closed_form,10.245042306978158,6.120689655476395e-06,0.02450423069781582
256,10.0,10000,6,0.03899065240770308,9.996687227864946,Banerjee,closed_form,9.996745502047837,5.829349419705048e-06,0.0003254497952163149
256,10.0,10000,7,0.040237038190969444,10.317256535661997,Banerjee,closed_form,10.317320572886413,6.206807419614589e-06,0.03173205728864126
256,10.0,10000,8,0.04011411794599581,10.285637350002096,Banerjee,closed_form,10.285700802722516,6.169060629011426e-06,0.02857008027225163
256,10.0,10000,9,0.03979059167035883,10.202420035984181,Banerjee,closed_form,10.2024819672876,6.07025619416599e-06,0.020248196728759993
256,10.0,10000,10,0.04185264624268101,10.732932474297462,Banerjee,closed_form,10.733004530150307,6.713528946340101e-06,0.0733004530150307
256,10.0,10000,11,0.039189050004195806,10.047708625139025,Banerjee,closed_form,10.04776779255174,5.88864734463145e-06,0.004776779255174013
256,10.0,10000,12,0.04166413715492133,10.684422915844948,Banerjee,closed_form,10.684494003482293,6.6533904455638974e-06,0.06844940034822926
256,10.0,10000,13,0.04063438727130798,10.419474356376806,Banerjee,closed_form,10.419540307553499,6.329606891533619e-06,0.04195403075534987
256,10.0,10000,14,0.04008603191438122,10.278412816624488,Banerjee,closed_form,10.27847613629201,6.160451876314633e-06,0.027847613629201007
256,10.0,10000,15,0.039965707324401877,10.247462426891087,Banerjee,closed_form,10.247525178642906,6.123638146261296e-06,0.024752517864290623
256,10.0,10000,16,0.03966289269527233,10.16957511028058,Banerjee,closed_form,10.169636447815055,6.031474649669729e-06,0.016963644781505492
256,10.0,10000,17,0.04002667885444132,10.263145665574095,Banerjee,closed_form,10.263208704677577,6.142278940228604e-06,0.026320870467757728
256,10.0,10000,18,0.03941664026040987,10.106240334321312,Banerjee,closed_form,10.106300537566131,5.957036724639986e-06,0.010630053756613123
256,10.0,10000,19,0.03985059342761063,10.217853183153302,Banerjee,closed_form,10.21791539476648,6.088520950848228e-06,0.021791539476648046
256,10.0,10000,0,0.042173085270880664,10.815397162391145,Sra two-step (SciPy),sra,10.815397162391434,2.677166270223459e-14,0.08153971623914344
256,10.0,10000,1,0.039078509728719055,10.019280977348586,Sra two-step (SciPy),sra,10.019280977348517,6.914459919153087e-15,0.001928097734851697
256,10.0,10000,2,0.03970384187453451,10.180107371375302,Sra two-step (SciPy),sra,10.180107371376248,9.300473569292265e-14,0.018010737137624844
256,10.0,10000,3,0.04013863943913779,10.291945021432065,Sra two-step (SciPy),sra,10.291945021431905,1.5533712550261684e-14,0.029194502143190526
256,10.0,10000,4,0.04065489183763259,10.42474941013482,Sra two-step (SciPy),sra,10.424749410135533,6.83296129791851e-14,0.04247494101355329
256,10.0,10000,5,0.03995605479077666,10.244979600637496,Sra two-step (SciPy),sra,10.24497960063723,2.6008204632584864e-14,0.024497960063722957
256,10.0,10000,6,0.03899065240770308,9.996687227864946,Sra two-step (SciPy),sra,9.996687227865534,5.881689608158923e-14,0.0003312772134465902
256,10.0,10000,7,0.040237038190969444,10.317256535661997,Sra two-step (SciPy),sra,10.317256535662052,5.337374507560836e-15,0.0317256535662052
256,10.0,10000,8,0.04011411794599581,10.285637350002096,Sra two-step (SciPy),sra,10.28563735000198,1.1225672326566399e-14,0.028563735000198064
256,10.0,10000,9,0.03979059167035883,10.202420035984181,Sra two-step (SciPy),sra,10.202420035984753,5.606384566303574e-14,0.0202420035984753
256,10.0,10000,10,0.04185264624268101,10.732932474297462,Sra two-step (SciPy),sra,10.732932474298542,1.0062720146071233e-13,0.07329324742985417
256,10.0,10000,11,0.039189050004195806,10.047708625139025,Sra two-step (SciPy),sra,10.047708625139553,5.250729305404938e-14,0.004770862513955265
256,10.0,10000,12,0.04166413715492133,10.684422915844948,Sra two-step (SciPy),sra,10.68442291584469,2.410722074011678e-14,0.06844229158446904
256,10.0,10000,13,0.04063438727130798,10.419474356376806,Sra two-step (SciPy),sra,10.419474356377654,8.132101326928753e-14,0.04194743563776537
256,10.0,10000,14,0.04008603191438122,10.278412816624488,Sra two-step (SciPy),sra,10.278412816625378,8.658484460753481e-14,0.027841281662537833
256,10.0,10000,15,0.039965707324401877,10.247462426891087,Sra two-step (SciPy),sra,10.247462426891365,2.721532533302973e-14,0.024746242689136545
256,10.0,10000,16,0.03966289269527233,10.16957511028058,Sra two-step (SciPy),sra,10.169575110280661,8.034988062559978e-15,0.016957511028066106
256,10.0,10000,17,0.04002667885444132,10.263145665574095,Sra two-step (SciPy),sra,10.263145665574621,5.123201419874441e-14,0.026314566557462095
256,10.0,10000,18,0.03941664026040987,10.106240334321312,Sra two-step (SciPy),sra,10.106240334320969,3.3923284887650724e-14,0.01062403343209688
256,10.0,10000,19,0.03985059342761063,10.217853183153302,Sra two-step (SciPy),sra,10.217853183153581,2.729418976636465e-14,0.021785318315358106
256,10.0,10000,0,0.042173085270880664,10.815397162391145,Converged Newton (SciPy),converged,10.815397162388297,2.6328205712688374e-13,0.08153971623882975
256,10.0,10000,1,0.039078509728719055,10.019280977348586,Converged Newton (SciPy),converged,10.019280977348142,4.4323461020212096e-14,0.001928097734814216
256,10.0,10000,2,0.03970384187453451,10.180107371375302,Converged Newton (SciPy),converged,10.180107371374335,9.492415800553456e-14,0.01801073713743353
256,10.0,10000,3,0.04013863943913779,10.291945021432065,Converged Newton (SciPy),converged,10.29194502143039,1.6275878816551965e-13,0.029194502143039
256,10.0,10000,4,0.04065489183763259,10.42474941013482,Converged Newton (SciPy),converged,10.424749410133135,1.6170773744949292e-13,0.042474941013313484
256,10.0,10000,5,0.03995605479077666,10.244979600637496,Converged Newton (SciPy),converged,10.244979600635656,1.7962999999571946e-13,0.024497960063565572
256,10.0,10000,6,0.03899065240770308,9.996687227864946,Converged Newton (SciPy),converged,9.996687227863896,1.0501747910640253e-13,0.0003312772136103703
256,10.0,10000,7,0.040237038190969444,10.317256535661997,Converged Newton (SciPy),converged,10.317256535660638,1.317126289769045e-13,0.031725653566063806
256,10.0,10000,8,0.04011411794599581,10.285637350002096,Converged Newton (SciPy),converged,10.285637350000199,1.8444643145804483e-13,0.028563735000019897
256,10.0,10000,9,0.03979059167035883,10.202420035984181,Converged Newton (SciPy),converged,10.202420035981932,2.204249335695753e-13,0.020242003598193215
256,10.0,10000,10,0.04185264624268101,10.732932474297462,Converged Newton (SciPy),converged,10.732932474294989,2.303833296600519e-13,0.0732932474294989
256,10.0,10000,11,0.039189050004195806,10.047708625139025,Converged Newton (SciPy),converged,10.047708625138194,8.273876481244145e-14,0.004770862513819374
256,10.0,10000,12,0.04166413715492133,10.684422915844948,Converged Newton (SciPy),converged,10.684422915841418,3.3035205248697957e-13,0.06844229158414183
256,10.0,10000,13,0.04063438727130798,10.419474356376806,Converged Newton (SciPy),converged,10.41947435637481,1.9162435831169642e-13,0.041947435637480976
256,10.0,10000,14,0.04008603191438122,10.278412816624488,Converged Newton (SciPy),converged,10.278412816622803,1.64010015035031e-13,0.02784128166228026
256,10.0,10000,15,0.039965707324401877,10.247462426891087,Converged Newton (SciPy),converged,10.2474624268891,1.9380085173456841e-13,0.02474624268891006
256,10.0,10000,16,0.03966289269527233,10.16957511028058,Converged Newton (SciPy),converged,10.169575110278803,1.7467365353391254e-13,0.0169575110278803
256,10.0,10000,17,0.04002667885444132,10.263145665574095,Converged Newton (SciPy),converged,10.26314566557274,1.320609014650067e-13,0.026314566557273978
256,10.0,10000,18,0.03941664026040987,10.106240334321312,Converged Newton (SciPy),converged,10.106240334319033,2.2551074876091128e-13,0.010624033431903258
256,10.0,10000,19,0.03985059342761063,10.217853183153302,Converged Newton (SciPy),converged,10.217853183150991,2.2617669354165867e-13,0.02178531831509911
256,10.0,10000,0,0.042173085270880664,10.815397162391145,Banerjee (Torch),closed_form,10.815470884144718,6.8163704453918e-06,0.08154708841447178
256,10.0,10000,1,0.039078509728719055,10.019280977348586,Banerjee (Torch),closed_form,10.019339645968769,5.855571903321394e-06,0.0019339645968768694
256,10.0,10000,2,0.03970384187453451,10.180107371375302,Banerjee (Torch),closed_form,10.180168898898755,6.043897299748877e-06,0.018016889889875466
256,10.0,10000,3,0.04013863943913779,10.291945021432065,Banerjee (Torch),closed_form,10.292008590471044,6.176581671020518e-06,0.029200859047104365
256,10.0,10000,4,0.04065489183763259,10.42474941013482,Banerjee (Torch),closed_form,10.424815461097806,6.3359760879309775e-06,0.04248154610978059
256,10.0,10000,5,0.03995605479077666,10.244979600637496,Banerjee (Torch),closed_form,10.245042306978158,6.120689655476395e-06,0.02450423069781582
256,10.0,10000,6,0.03899065240770308,9.996687227864946,Banerjee (Torch),closed_form,9.996745502047837,5.829349419705048e-06,0.0003254497952163149
256,10.0,10000,7,0.040237038190969444,10.317256535661997,Banerjee (Torch),closed_form,10.317320572886413,6.206807419614589e-06,0.03173205728864126
256,10.0,10000,8,0.04011411794599581,10.285637350002096,Banerjee (Torch),closed_form,10.285700802722516,6.169060629011426e-06,0.02857008027225163
256,10.0,10000,9,0.03979059167035883,10.202420035984181,Banerjee (Torch),closed_form,10.2024819672876,6.07025619416599e-06,0.020248196728759993
256,10.0,10000,10,0.04185264624268101,10.732932474297462,Banerjee (Torch),closed_form,10.733004530150307,6.713528946340101e-06,0.0733004530150307
256,10.0,10000,11,0.039189050004195806,10.047708625139025,Banerjee (Torch),closed_form,10.04776779255174,5.88864734463145e-06,0.004776779255174013
256,10.0,10000,12,0.04166413715492133,10.684422915844948,Banerjee (Torch),closed_form,10.684494003482293,6.6533904455638974e-06,0.06844940034822926
256,10.0,10000,13,0.04063438727130798,10.419474356376806,Banerjee (Torch),closed_form,10.419540307553499,6.329606891533619e-06,0.04195403075534987
256,10.0,10000,14,0.04008603191438122,10.278412816624488,Banerjee (Torch),closed_form,10.27847613629201,6.160451876314633e-06,0.027847613629201007
256,10.0,10000,15,0.039965707324401877,10.247462426891087,Banerjee (Torch),closed_form,10.247525178642906,6.123638146261296e-06,0.024752517864290623
256,10.0,10000,16,0.03966289269527233,10.16957511028058,Banerjee (Torch),closed_form,10.169636447815055,6.031474649669729e-06,0.016963644781505492
256,10.0,10000,17,0.04002667885444132,10.263145665574095,Banerjee (Torch),closed_form,10.263208704677577,6.142278940228604e-06,0.026320870467757728
256,10.0,10000,18,0.03941664026040987,10.106240334321312,Banerjee (Torch),closed_form,10.106300537566131,5.957036724639986e-06,0.010630053756613123
256,10.0,10000,19,0.03985059342761063,10.217853183153302,Banerjee (Torch),closed_form,10.21791539476648,6.088520950848228e-06,0.021791539476648046
256,10.0,10000,0,0.042173085270880664,10.815397162391145,Sra two-step (CUSF),sra,10.815397162392673,1.4124926333694323e-13,0.08153971623926726
256,10.0,10000,1,0.039078509728719055,10.019280977348586,Sra two-step (CUSF),sra,10.019280977349089,5.0174157874880095e-14,0.0019280977349088956
256,10.0,10000,2,0.03970384187453451,10.180107371375302,Sra two-step (CUSF),sra,10.180107371375087,2.1113645438731033e-14,0.01801073713750867
256,10.0,10000,3,0.04013863943913779,10.291945021432065,Sra two-step (CUSF),sra,10.291945021431903,1.5706309356375704e-14,0.02919450214319035
256,10.0,10000,4,0.04065489183763259,10.42474941013482,Sra two-step (CUSF),sra,10.424749410134938,1.1246270465402036e-14,0.042474941013493785
256,10.0,10000,5,0.03995605479077666,10.244979600637496,Sra two-step (CUSF),sra,10.244979600637231,2.5834816601700967e-14,0.024497960063723134
256,10.0,10000,6,0.03899065240770308,9.996687227864946,Sra two-step (CUSF),sra,9.996687227864964,1.7769455009543574e-15,0.00033127721350361127
256,10.0,10000,7,0.040237038190969444,10.317256535661997,Sra two-step (CUSF),sra,10.31725653566264,6.232676037861363e-14,0.031725653566264
256,10.0,10000,8,0.04011411794599581,10.285637350002096,Sra two-step (CUSF),sra,10.285637350001979,1.1398374977744344e-14,0.028563735000197887
256,10.0,10000,9,0.03979059167035883,10.202420035984181,Sra two-step (CUSF),sra,10.202420035984174,6.964452877395744e-16,0.02024200359841739
256,10.0,10000,10,0.04185264624268101,10.732932474297462,Sra two-step (CUSF),sra,10.73293247429793,4.3693390107940876e-14,0.07329324742979307
256,10.0,10000,11,0.039189050004195806,10.047708625139025,Sra two-step (CUSF),sra,10.047708625138979,4.596598045135636e-15,0.0047708625138978885
256,10.0,10000,12,0.04166413715492133,10.684422915844948,Sra two-step (CUSF),sra,10.684422915844696,2.36084506558385e-14,0.06844229158446957
256,10.0,10000,13,0.04063438727130798,10.419474356376806,Sra two-step (CUSF),sra,10.419474356377654,8.132101326928753e-14,0.04194743563776537
256,10.0,10000,14,0.04008603191438122,10.278412816624488,Sra two-step (CUSF),sra,10.278412816625378,8.658484460753481e-14,0.027841281662537833
256,10.0,10000,15,0.039965707324401877,10.247462426891087,Sra two-step (CUSF),sra,10.247462426890781,2.981551565147206e-14,0.024746242689078102
256,10.0,10000,16,0.03966289269527233,10.16957511028058,Sra two-step (CUSF),sra,10.169575110281821,1.2209688382020488e-13,0.016957511028182104
256,10.0,10000,17,0.04002667885444132,10.263145665574095,Sra two-step (CUSF),sra,10.263145665574037,5.711677258643802e-15,0.026314566557403652
256,10.0,10000,18,0.03941664026040987,10.106240334321312,Sra two-step (CUSF),sra,10.106240334320972,3.357174825669061e-14,0.010624033432097234
256,10.0,10000,19,0.03985059342761063,10.217853183153302,Sra two-step (CUSF),sra,10.217853183153,2.9554218218356625e-14,0.021785318315300017
256,10.0,10000,0,0.042173085270880664,10.815397162391145,Converged Newton (CUSF),converged,10.815397162388917,2.0596113514479863e-13,0.08153971623889174
256,10.0,10000,1,0.039078509728719055,10.019280977348586,Converged Newton (CUSF),converged,10.019280977348142,4.4323461020212096e-14,0.001928097734814216
256,10.0,10000,2,0.03970384187453451,10.180107371375302,Converged Newton (CUSF),converged,10.180107371373174,2.0904253913718825e-13,0.018010737137317358
256,10.0,10000,3,0.04013863943913779,10.291945021432065,Converged Newton (CUSF),converged,10.291945021429216,2.7684527700688605e-13,0.029194502142921585
256,10.0,10000,4,0.04065489183763259,10.42474941013482,Converged Newton (CUSF),converged,10.42474941013373,1.0462439493570985e-13,0.04247494101337299
256,10.0,10000,5,0.03995605479077666,10.244979600637496,Converged Newton (CUSF),converged,10.244979600635656,1.7962999999571946e-13,0.024497960063565572
256,10.0,10000,6,0.03899065240770308,9.996687227864946,Converged Newton (CUSF),converged,9.996687227862754,2.1927507481776771e-13,0.00033127721372459005
256,10.0,10000,7,0.040237038190969444,10.317256535661997,Converged Newton (CUSF),converged,10.317256535661226,7.47232431058517e-14,0.0317256535661226
256,10.0,10000,8,0.04011411794599581,10.285637350002096,Converged Newton (CUSF),converged,10.285637349999613,2.4143830634676656e-13,0.028563734999961277
256,10.0,10000,9,0.03979059167035883,10.202420035984181,Converged Newton (CUSF),converged,10.202420035982517,1.631423086529953e-13,0.020242003598251658
256,10.0,10000,10,0.04185264624268101,10.732932474297462,Converged Newton (CUSF),converged,10.732932474295602,1.7328401304172006e-13,0.07329324742956018
256,10.0,10000,11,0.039189050004195806,10.047708625139025,Converged Newton (CUSF),converged,10.047708625137046,1.969465470108115e-13,0.004770862513704621
256,10.0,10000,12,0.04166413715492133,10.684422915844948,Converged Newton (CUSF),converged,10.68442291584264,2.1596744649249445e-13,0.06844229158426404
256,10.0,10000,13,0.04063438727130798,10.419474356376806,Converged Newton (CUSF),converged,10.41947435637481,1.9162435831169642e-13,0.041947435637480976
256,10.0,10000,14,0.04008603191438122,10.278412816624488,Converged Newton (CUSF),converged,10.278412816622803,1.64010015035031e-13,0.02784128166228026
256,10.0,10000,15,0.039965707324401877,10.247462426891087,Converged Newton (CUSF),converged,10.2474624268891,1.9380085173456841e-13,0.02474624268891006
256,10.0,10000,16,0.03966289269527233,10.16957511028058,Converged Newton (CUSF),converged,10.169575110279384,1.1755536882832314e-13,0.01695751102793839
256,10.0,10000,17,0.04002667885444132,10.263145665574095,Converged Newton (CUSF),converged,10.263145665572155,1.890045929223949e-13,0.026314566557215535
256,10.0,10000,18,0.03941664026040987,10.106240334321312,Converged Newton (CUSF),converged,10.106240334320187,1.1126134369887516e-13,0.010624033432018721
256,10.0,10000,19,0.03985059342761063,10.217853183153302,Converged Newton (CUSF),converged,10.217853183152158,1.1195833254483334e-13,0.021785318315215817
256,10.0,10000,0,0.042173085270880664,10.815397162391145,SciPy Brent,reference,10.815397162390806,3.1370475927158325e-14,0.08153971623908056
256,10.0,10000,1,0.039078509728719055,10.019280977348586,SciPy Brent,reference,10.019280977348847,2.6062195079884713e-14,0.0019280977348847372
256,10.0,10000,2,0.03970384187453451,10.180107371375302,SciPy Brent,reference,10.18010737137535,4.711309312774693e-15,0.01801073713753496
256,10.0,10000,3,0.04013863943913779,10.291945021432065,SciPy Brent,reference,10.291945021432033,3.106742510052337e-15,0.029194502143203314
256,10.0,10000,4,0.04065489183763259,10.42474941013482,SciPy Brent,reference,10.424749410135036,2.061816251990373e-14,0.042474941013503555
256,10.0,10000,5,0.03995605479077666,10.244979600637496,SciPy Brent,reference,10.244979600637883,3.7798590732690003e-14,0.024497960063788328
256,10.0,10000,6,0.03899065240770308,9.996687227864946,SciPy Brent,reference,9.996687227864992,4.6200583024813295e-15,0.0003312772135007691
256,10.0,10000,7,0.040237038190969444,10.317256535661997,SciPy Brent,reference,10.317256535662144,1.4290389810566108e-14,0.03172565356621444
256,10.0,10000,8,0.04011411794599581,10.285637350002096,SciPy Brent,reference,10.28563735000236,2.5732695025513745e-14,0.02856373500023608
256,10.0,10000,9,0.03979059167035883,10.202420035984181,SciPy Brent,reference,10.202420035984455,2.6813143577973615e-14,0.020242003598445458
256,10.0,10000,10,0.04185264624268101,10.732932474297462,SciPy Brent,reference,10.732932474297698,2.201220031953082e-14,0.0732932474297698
256,10.0,10000,11,0.039189050004195806,10.047708625139025,SciPy Brent,reference,10.047708625139263,2.3690159155699046e-14,0.00477086251392631
256,10.0,10000,12,0.04166413715492133,10.684422915844948,SciPy Brent,reference,10.684422915844944,3.325133895188521e-16,0.06844229158449444
256,10.0,10000,13,0.04063438727130798,10.419474356376806,SciPy Brent,reference,10.419474356376682,1.1933901318344082e-14,0.04194743563766821
256,10.0,10000,14,0.04008603191438122,10.278412816624488,SciPy Brent,reference,10.278412816624764,2.678772637558462e-14,0.027841281662476368
256,10.0,10000,15,0.039965707324401877,10.247462426891087,SciPy Brent,reference,10.247462426891094,6.933840849179549e-16,0.024746242689109365
256,10.0,10000,16,0.03966289269527233,10.16957511028058,SciPy Brent,reference,10.169575110280487,9.083029983763453e-15,0.0169575110280487
256,10.0,10000,17,0.04002667885444132,10.263145665574095,SciPy Brent,reference,10.26314566557419,9.173299839640045e-15,0.026314566557418928
256,10.0,10000,18,0.03941664026040987,10.106240334321312,SciPy Brent,reference,10.10624033432169,3.7438651197251835e-14,0.010624033432169
256,10.0,10000,19,0.03985059342761063,10.217853183153302,SciPy Brent,reference,10.217853183153675,3.650815191679348e-14,0.021785318315367518
256,10.0,10000,0,0.042173085270880664,10.815397162391145,Direct likelihood,reference,10.815393991579642,2.931756879132696e-07,0.08153939915796418
256,10.0,10000,1,0.039078509728719055,10.019280977348586,Direct likelihood,reference,10.019279855223699,1.1199654843183007e-07,0.0019279855223699016
256,10.0,10000,2,0.03970384187453451,10.180107371375302,Direct likelihood,reference,10.180107111807207,2.54975793033172e-08,0.018010711180720663
256,10.0,10000,3,0.04013863943913779,10.291945021432065,Direct likelihood,reference,10.291945259340364,2.3115970672962178e-08,0.02919452593403644
256,10.0,10000,4,0.04065489183763259,10.42474941013482,Direct likelihood,reference,10.424749567270288,1.5073308827155557e-08,0.04247495672702879
256,10.0,10000,5,0.03995605479077666,10.244979600637496,Direct likelihood,reference,10.244984980505999,5.251224221423997e-07,0.024498498050599872
256,10.0,10000,6,0.03899065240770308,9.996687227864946,Direct likelihood,reference,9.996687533027078,3.05263258770014e-08,0.0003312466972921868
256,10.0,10000,7,0.040237038190969444,10.317256535661997,Direct likelihood,reference,10.31725647512158,5.86787940327242e-09,0.031725647512157985
256,10.0,10000,8,0.04011411794599581,10.285637350002096,Direct likelihood,reference,10.28563911940699,1.7202676260040254e-07,0.02856391194069907
256,10.0,10000,9,0.03979059167035883,10.202420035984181,Direct likelihood,reference,10.202420799477228,7.483450434993848e-08,0.020242079947722758
256,10.0,10000,10,0.04185264624268101,10.732932474297462,Direct likelihood,reference,10.732936476731993,3.729115543159396e-07,0.0732936476731993
256,10.0,10000,11,0.039189050004195806,10.047708625139025,Direct likelihood,reference,10.047709000292604,3.733722715388217e-08,0.0047709000292604385
256,10.0,10000,12,0.04166413715492133,10.684422915844948,Direct likelihood,reference,10.684421247158951,1.5617932850799132e-07,0.06844212471589514
256,10.0,10000,13,0.04063438727130798,10.419474356376806,Direct likelihood,reference,10.419474229794762,1.2148601750182148e-08,0.0419474229794762
256,10.0,10000,14,0.04008603191438122,10.278412816624488,Direct likelihood,reference,10.278415885768899,2.986010063394902e-07,0.027841588576889897
256,10.0,10000,15,0.039965707324401877,10.247462426891087,Direct likelihood,reference,10.24746827197886,5.703936770194006e-07,0.024746827197886033
256,10.0,10000,16,0.03966289269527233,10.16957511028058,Direct likelihood,reference,10.169572799155272,2.2725878732084605e-07,0.016957279915527222
256,10.0,10000,17,0.04002667885444132,10.263145665574095,Direct likelihood,reference,10.263144973259422,6.74563818642349e-08,0.0263144973259422
256,10.0,10000,18,0.03941664026040987,10.106240334321312,Direct likelihood,reference,10.10623710276695,3.1975831309091847e-07,0.010623710276695064
256,10.0,10000,19,0.03985059342761063,10.217853183153302,Direct likelihood,reference,10.217855245017038,2.0179030749303957e-07,0.02178552450170379
256,50.0,10000,0,0.1903940767223723,50.56046134382011,Banerjee,closed_form,50.56703195040931,0.0001299554318644143,0.011340639008186174
256,50.0,10000,1,0.1897591504866686,50.37932296653185,Banerjee,closed_form,50.38582948997824,0.00012915067260257877,0.007716589799564843
256,50.0,10000,2,0.18868044005684512,50.07187913104593,Banerjee,closed_form,50.07827770617351,0.00012778779703534807,0.0015655541234701786
256,50.0,10000,3,0.1885704929127746,50.04056429736717,Banerjee,closed_form,50.04695193520743,0.00012764919680569243,0.0009390387041486293
256,50.0,10000,4,0.18835542796726973,49.97932144569957,Banerjee,closed_form,49.98568772423674,0.00012737825070491523,0.0002862455152651933
256,50.0,10000,5,0.18899439028862808,50.16131915890679,Banerjee,closed_form,50.16774903150572,0.00012818388165908515,0.003354980630114426
256,50.0,10000,6,0.18860662902619815,50.050856049875236,Banerjee,closed_form,50.057247281121725,0.00012769474392446996,0.0011449456224345055
256,50.0,10000,7,0.1875476788805361,49.74943687201331,Banerjee,closed_form,49.75572333985257,0.00012636259291603125,0.004885533202948551
256,50.0,10000,8,0.18882555283479466,50.113215749626335,Banerjee,closed_form,50.1196287787078,0.00012797081539339032,0.002392575574155984
256,50.0,10000,9,0.18806242022804112,49.8959073674062,Banerjee,closed_form,49.90224461988559,0.00012700946457845687,0.0019551076022881375
256,50.0,10000,10,0.18917704490301188,50.21336965370207,Banerjee,closed_form,50.219817780322316,0.0001284145370987622,0.0043963556064463205
256,50.0,10000,11,0.1877318663453091,49.80183789263641,Banerjee,closed_form,49.80814250223483,0.00012659391430523028,0.0038371499553034026
256,50.0,10000,12,0.18739954158112798,49.707299994720444,Banerjee,closed_form,49.713571896055825,0.00012617666491737662,0.005728562078883499
256,50.0,10000,13,0.18896992053322023,50.15434691658305,Banerjee,closed_form,50.16077434627203,0.0001281529933919086,0.0032154869254405584
256,50.0,10000,14,0.18767362617517305,49.7852674805735,Banerjee,closed_form,49.79156635009368,0.00012652075280377686,0.004168672998126368
256,50.0,10000,15,0.1882606248710892,49.95232965363197,Banerjee,closed_form,49.958686531385254,0.00012725888456778793,0.0008262693722949166
256,50.0,10000,16,0.1892682786181956,50.23937229934687,Banerjee,closed_form,50.24582955611785,0.00012852980591604256,0.004916591122356948
256,50.0,10000,17,0.18793181306172163,49.85873478422279,Banerjee,closed_form,49.86505912598397,0.00012684521154716406,0.002698817480320628
256,50.0,10000,18,0.1895271382148441,50.313165000257875,Banerjee,closed_form,50.319648207567155,0.0001288570756629398,0.006392964151343108
256,50.0,10000,19,0.18899707501438567,50.16208413789479,Banerjee,closed_form,50.16851427855665,0.00012818727077180806,0.003370285571132996
256,50.0,10000,0,0.1903940767223723,50.56046134382011,Sra two-step (SciPy),sra,50.56046134382011,0.0,0.011209226876402169
256,50.0,10000,1,0.1897591504866686,50.37932296653185,Sra two-step (SciPy),sra,50.37932296653264,1.565528058441088e-14,0.007586459330652815
256,50.0,10000,2,0.18868044005684512,50.07187913104593,Sra two-step (SciPy),sra,50.07187913104652,1.1778077454161726e-14,0.001437582620930442
256,50.0,10000,3,0.1885704929127746,50.04056429736717,Sra two-step (SciPy),sra,50.04056429736551,3.308445053662473e-14,0.0008112859473102674
256,50.0,10000,4,0.18835542796726973,49.97932144569957,Sra two-step (SciPy),sra,49.979321445700016,8.956542637642795e-15,0.00041357108599967776
256,50.0,10000,5,0.18899439028862808,50.16131915890679,Sra two-step (SciPy),sra,50.16131915890881,4.022903311545731e-14,0.0032263831781762066
256,50.0,10000,6,0.18860662902619815,50.050856049875236,Sra two-step (SciPy),sra,50.05085604987492,6.246422706994307e-15,0.0010171209974984663
256,50.0,10000,7,0.1875476788805361,49.74943687201331,Sra two-step (SciPy),sra,49.74943687201246,1.713891325253938e-14,0.005011262559750805
256,50.0,10000,8,0.18882555283479466,50.113215749626335,Sra two-step (SciPy),sra,50.113215749627635,2.5947111694796375e-14,0.0022643149925526984
256,50.0,10000,9,0.18806242022804112,49.8959073674062,Sra two-step (SciPy),sra,49.895907367406174,5.696200536272858e-16,0.0020818526518765167
256,50.0,10000,10,0.18917704490301188,50.21336965370207,Sra two-step (SciPy),sra,50.213369653697434,9.226105854089592e-14,0.004267393073948682
256,50.0,10000,11,0.1877318663453091,49.80183789263641,Sra two-step (SciPy),sra,49.80183789263598,8.560439925432866e-15,0.003963242147280397
256,50.0,10000,12,0.18739954158112798,49.707299994720444,Sra two-step (SciPy),sra,49.70729999472009,7.147267462078699e-15,0.005854000105598231
256,50.0,10000,13,0.18896992053322023,50.15434691658305,Sra two-step (SciPy),sra,50.1543469165847,3.2867722307403535e-14,0.0030869383316940004
256,50.0,10000,14,0.18767362617517305,49.7852674805735,Sra two-step (SciPy),sra,49.78526748057616,5.337783577801845e-14,0.00429465038847681
256,50.0,10000,15,0.1882606248710892,49.95232965363197,Sra two-step (SciPy),sra,49.952329653632454,9.672603133170137e-15,0.000953406927350926
256,50.0,10000,16,0.1892682786181956,50.23937229934687,Sra two-step (SciPy),sra,50.239372299345234,3.252923389469729e-14,0.004787445986904686
256,50.0,10000,17,0.18793181306172163,49.85873478422279,Sra two-step (SciPy),sra,49.858734784225916,6.270492123144989e-14,0.0028253043154816736
256,50.0,10000,18,0.1895271382148441,50.313165000257875,Sra two-step (SciPy),sra,50.31316500025523,5.2535334976720806e-14,0.006263300005104639
256,50.0,10000,19,0.18899707501438567,50.16208413789479,Sra two-step (SciPy),sra,50.16208413789564,1.699792378179892e-14,0.003241682757912798
256,50.0,10000,0,0.1903940767223723,50.56046134382011,Converged Newton (SciPy),converged,50.56046134382011,0.0,0.011209226876402169
256,50.0,10000,1,0.1897591504866686,50.37932296653185,Converged Newton (SciPy),converged,50.37932296653264,1.565528058441088e-14,0.007586459330652815
256,50.0,10000,2,0.18868044005684512,50.07187913104593,Converged Newton (SciPy),converged,50.07187913104652,1.1778077454161726e-14,0.001437582620930442
256,50.0,10000,3,0.1885704929127746,50.04056429736717,Converged Newton (SciPy),converged,50.04056429736551,3.308445053662473e-14,0.0008112859473102674
256,50.0,10000,4,0.18835542796726973,49.97932144569957,Converged Newton (SciPy),converged,49.979321445700016,8.956542637642795e-15,0.00041357108599967776
256,50.0,10000,5,0.18899439028862808,50.16131915890679,Converged Newton (SciPy),converged,50.16131915890881,4.022903311545731e-14,0.0032263831781762066
256,50.0,10000,6,0.18860662902619815,50.050856049875236,Converged Newton (SciPy),converged,50.05085604987492,6.246422706994307e-15,0.0010171209974984663
256,50.0,10000,7,0.1875476788805361,49.74943687201331,Converged Newton (SciPy),converged,49.74943687201246,1.713891325253938e-14,0.005011262559750805
256,50.0,10000,8,0.18882555283479466,50.113215749626335,Converged Newton (SciPy),converged,50.113215749627635,2.5947111694796375e-14,0.0022643149925526984
256,50.0,10000,9,0.18806242022804112,49.8959073674062,Converged Newton (SciPy),converged,49.895907367406174,5.696200536272858e-16,0.0020818526518765167
256,50.0,10000,10,0.18917704490301188,50.21336965370207,Converged Newton (SciPy),converged,50.213369653697434,9.226105854089592e-14,0.004267393073948682
256,50.0,10000,11,0.1877318663453091,49.80183789263641,Converged Newton (SciPy),converged,49.80183789263598,8.560439925432866e-15,0.003963242147280397
256,50.0,10000,12,0.18739954158112798,49.707299994720444,Converged Newton (SciPy),converged,49.70729999472009,7.147267462078699e-15,0.005854000105598231
256,50.0,10000,13,0.18896992053322023,50.15434691658305,Converged Newton (SciPy),converged,50.1543469165847,3.2867722307403535e-14,0.0030869383316940004
256,50.0,10000,14,0.18767362617517305,49.7852674805735,Converged Newton (SciPy),converged,49.78526748057616,5.337783577801845e-14,0.00429465038847681
256,50.0,10000,15,0.1882606248710892,49.95232965363197,Converged Newton (SciPy),converged,49.952329653632454,9.672603133170137e-15,0.000953406927350926
256,50.0,10000,16,0.1892682786181956,50.23937229934687,Converged Newton (SciPy),converged,50.239372299345234,3.252923389469729e-14,0.004787445986904686
256,50.0,10000,17,0.18793181306172163,49.85873478422279,Converged Newton (SciPy),converged,49.858734784225916,6.270492123144989e-14,0.0028253043154816736
256,50.0,10000,18,0.1895271382148441,50.313165000257875,Converged Newton (SciPy),converged,50.31316500025523,5.2535334976720806e-14,0.006263300005104639
256,50.0,10000,19,0.18899707501438567,50.16208413789479,Converged Newton (SciPy),converged,50.16208413789564,1.699792378179892e-14,0.003241682757912798
256,50.0,10000,0,0.1903940767223723,50.56046134382011,Banerjee (Torch),closed_form,50.56703195040931,0.0001299554318644143,0.011340639008186174
256,50.0,10000,1,0.1897591504866686,50.37932296653185,Banerjee (Torch),closed_form,50.38582948997824,0.00012915067260257877,0.007716589799564843
256,50.0,10000,2,0.18868044005684512,50.07187913104593,Banerjee (Torch),closed_form,50.07827770617351,0.00012778779703534807,0.0015655541234701786
256,50.0,10000,3,0.1885704929127746,50.04056429736717,Banerjee (Torch),closed_form,50.04695193520743,0.00012764919680569243,0.0009390387041486293
256,50.0,10000,4,0.18835542796726973,49.97932144569957,Banerjee (Torch),closed_form,49.98568772423674,0.00012737825070491523,0.0002862455152651933
256,50.0,10000,5,0.18899439028862808,50.16131915890679,Banerjee (Torch),closed_form,50.16774903150572,0.00012818388165908515,0.003354980630114426
256,50.0,10000,6,0.18860662902619815,50.050856049875236,Banerjee (Torch),closed_form,50.057247281121725,0.00012769474392446996,0.0011449456224345055
256,50.0,10000,7,0.1875476788805361,49.74943687201331,Banerjee (Torch),closed_form,49.75572333985257,0.00012636259291603125,0.004885533202948551
256,50.0,10000,8,0.18882555283479466,50.113215749626335,Banerjee (Torch),closed_form,50.1196287787078,0.00012797081539339032,0.002392575574155984
256,50.0,10000,9,0.18806242022804112,49.8959073674062,Banerjee (Torch),closed_form,49.90224461988559,0.00012700946457845687,0.0019551076022881375
256,50.0,10000,10,0.18917704490301188,50.21336965370207,Banerjee (Torch),closed_form,50.219817780322316,0.0001284145370987622,0.0043963556064463205
256,50.0,10000,11,0.1877318663453091,49.80183789263641,Banerjee (Torch),closed_form,49.80814250223483,0.00012659391430523028,0.0038371499553034026
256,50.0,10000,12,0.18739954158112798,49.707299994720444,Banerjee (Torch),closed_form,49.713571896055825,0.00012617666491737662,0.005728562078883499
256,50.0,10000,13,0.18896992053322023,50.15434691658305,Banerjee (Torch),closed_form,50.16077434627203,0.0001281529933919086,0.0032154869254405584
256,50.0,10000,14,0.18767362617517305,49.7852674805735,Banerjee (Torch),closed_form,49.79156635009368,0.00012652075280377686,0.004168672998126368
256,50.0,10000,15,0.1882606248710892,49.95232965363197,Banerjee (Torch),closed_form,49.958686531385254,0.00012725888456778793,0.0008262693722949166
256,50.0,10000,16,0.1892682786181956,50.23937229934687,Banerjee (Torch),closed_form,50.24582955611785,0.00012852980591604256,0.004916591122356948
256,50.0,10000,17,0.18793181306172163,49.85873478422279,Banerjee (Torch),closed_form,49.86505912598397,0.00012684521154716406,0.002698817480320628
256,50.0,10000,18,0.1895271382148441,50.313165000257875,Banerjee (Torch),closed_form,50.319648207567155,0.0001288570756629398,0.006392964151343108
256,50.0,10000,19,0.18899707501438567,50.16208413789479,Banerjee (Torch),closed_form,50.16851427855665,0.00012818727077180806,0.003370285571132996
256,50.0,10000,0,0.1903940767223723,50.56046134382011,Sra two-step (CUSF),sra,50.5604613438194,1.4053327775794677e-14,0.011209226876387958
256,50.0,10000,1,0.1897591504866686,50.37932296653185,Sra two-step (CUSF),sra,50.379322966531944,1.8335013297057786e-15,0.007586459330638888
256,50.0,10000,2,0.18868044005684512,50.07187913104593,Sra two-step (CUSF),sra,50.071879131044994,1.873140028854636e-14,0.0014375826208998888
256,50.0,10000,3,0.1885704929127746,50.04056429736717,Sra two-step (CUSF),sra,50.04056429736706,2.129900249138931e-15,0.000811285947341247
256,50.0,10000,4,0.18835542796726973,49.97932144569957,Sra two-step (CUSF),sra,49.979321445699334,4.691522334003369e-15,0.00041357108601332017
256,50.0,10000,5,0.18899439028862808,50.16131915890679,Sra two-step (CUSF),sra,50.16131915890959,5.5810700871444296e-14,0.0032263831781918382
256,50.0,10000,6,0.18860662902619815,50.050856049875236,Sra two-step (CUSF),sra,50.05085604987336,3.747853624196585e-14,0.0010171209974672024
256,50.0,10000,7,0.1875476788805361,49.74943687201331,Sra two-step (CUSF),sra,49.74943687201391,1.1997239276777566e-14,0.005011262559721814
256,50.0,10000,8,0.18882555283479466,50.113215749626335,Sra two-step (CUSF),sra,50.11321574962608,5.104349841599287e-15,0.0022643149925215766
256,50.0,10000,9,0.18806242022804112,49.8959073674062,Sra two-step (CUSF),sra,49.895907367404,4.414555415611465e-14,0.002081852651920002
256,50.0,10000,10,0.18917704490301188,50.21336965370207,Sra two-step (CUSF),sra,50.21336965369992,4.2734416686120505e-14,0.00426739307399842
256,50.0,10000,11,0.1877318663453091,49.80183789263641,Sra two-step (CUSF),sra,49.80183789263682,8.275091927918438e-15,0.003963242147263628
256,50.0,10000,12,0.18739954158112798,49.707299994720444,Sra two-step (CUSF),sra,49.70729999472166,2.4443654720309148e-14,0.005854000105566826
256,50.0,10000,13,0.18896992053322023,50.15434691658305,Sra two-step (CUSF),sra,50.15434691658464,3.1734352572665483e-14,0.0030869383316928633
256,50.0,10000,14,0.18767362617517305,49.7852674805735,Sra two-step (CUSF),sra,49.78526748057087,5.2806949833868517e-14,0.004294650388582539
256,50.0,10000,15,0.1882606248710892,49.95232965363197,Sra two-step (CUSF),sra,49.95232965363172,4.978545730308159e-15,0.0009534069273655632
256,50.0,10000,16,0.1892682786181956,50.23937229934687,Sra two-step (CUSF),sra,50.23937229934671,3.111491937753654e-15,0.004787445986934245
256,50.0,10000,17,0.18793181306172163,49.85873478422279,Sra two-step (CUSF),sra,49.858734784221326,2.9357304031087904e-14,0.002825304315573476
256,50.0,10000,18,0.1895271382148441,50.313165000257875,Sra two-step (CUSF),sra,50.313165000257484,7.76732103150442e-15,0.006263300005149688
256,50.0,10000,19,0.18899707501438567,50.16208413789479,Sra two-step (CUSF),sra,50.16208413789496,3.3995847563597842e-15,0.003241682757899156
256,50.0,10000,0,0.1903940767223723,50.56046134382011,Converged Newton (CUSF),converged,50.5604613438194,1.4053327775794677e-14,0.011209226876387958
256,50.0,10000,1,0.1897591504866686,50.37932296653185,Converged Newton (CUSF),converged,50.379322966531944,1.8335013297057786e-15,0.007586459330638888
256,50.0,10000,2,0.18868044005684512,50.07187913104593,Converged Newton (CUSF),converged,50.071879131044994,1.873140028854636e-14,0.0014375826208998888
256,50.0,10000,3,0.1885704929127746,50.04056429736717,Converged Newton (CUSF),converged,50.04056429736706,2.129900249138931e-15,0.000811285947341247
256,50.0,10000,4,0.18835542796726973,49.97932144569957,Converged Newton (CUSF),converged,49.979321445699334,4.691522334003369e-15,0.00041357108601332017
256,50.0,10000,5,0.18899439028862808,50.16131915890679,Converged Newton (CUSF),converged,50.16131915890959,5.5810700871444296e-14,0.0032263831781918382
256,50.0,10000,6,0.18860662902619815,50.050856049875236,Converged Newton (CUSF),converged,50.05085604987336,3.747853624196585e-14,0.0010171209974672024
256,50.0,10000,7,0.1875476788805361,49.74943687201331,Converged Newton (CUSF),converged,49.74943687201391,1.1997239276777566e-14,0.005011262559721814
256,50.0,10000,8,0.18882555283479466,50.113215749626335,Converged Newton (CUSF),converged,50.11321574962608,5.104349841599287e-15,0.0022643149925215766
256,50.0,10000,9,0.18806242022804112,49.8959073674062,Converged Newton (CUSF),converged,49.895907367404,4.414555415611465e-14,0.002081852651920002
256,50.0,10000,10,0.18917704490301188,50.21336965370207,Converged Newton (CUSF),converged,50.21336965369992,4.2734416686120505e-14,0.00426739307399842
256,50.0,10000,11,0.1877318663453091,49.80183789263641,Converged Newton (CUSF),converged,49.80183789263682,8.275091927918438e-15,0.003963242147263628
256,50.0,10000,12,0.18739954158112798,49.707299994720444,Converged Newton (CUSF),converged,49.70729999472166,2.4443654720309148e-14,0.005854000105566826
256,50.0,10000,13,0.18896992053322023,50.15434691658305,Converged Newton (CUSF),converged,50.15434691658464,3.1734352572665483e-14,0.0030869383316928633
256,50.0,10000,14,0.18767362617517305,49.7852674805735,Converged Newton (CUSF),converged,49.78526748057087,5.2806949833868517e-14,0.004294650388582539
256,50.0,10000,15,0.1882606248710892,49.95232965363197,Converged Newton (CUSF),converged,49.95232965363172,4.978545730308159e-15,0.0009534069273655632
256,50.0,10000,16,0.1892682786181956,50.23937229934687,Converged Newton (CUSF),converged,50.23937229934671,3.111491937753654e-15,0.004787445986934245
256,50.0,10000,17,0.18793181306172163,49.85873478422279,Converged Newton (CUSF),converged,49.858734784221326,2.9357304031087904e-14,0.002825304315573476
256,50.0,10000,18,0.1895271382148441,50.313165000257875,Converged Newton (CUSF),converged,50.313165000257484,7.76732103150442e-15,0.006263300005149688
256,50.0,10000,19,0.18899707501438567,50.16208413789479,Converged Newton (CUSF),converged,50.16208413789496,3.3995847563597842e-15,0.003241682757899156
256,50.0,10000,0,0.1903940767223723,50.56046134382011,SciPy Brent,reference,50.56046134381961,9.837329443056274e-15,0.011209226876392222
256,50.0,10000,1,0.1897591504866686,50.37932296653185,SciPy Brent,reference,50.37932296653235,9.872699467646501e-15,0.007586459330646988
256,50.0,10000,2,0.18868044005684512,50.07187913104593,SciPy Brent,reference,50.07187913104695,2.029235031259189e-14,0.0014375826209389686
256,50.0,10000,3,0.1885704929127746,50.04056429736717,SciPy Brent,reference,50.04056429736823,2.1157009141446714e-14,0.0008112859473645528
256,50.0,10000,4,0.18835542796726973,49.97932144569957,SciPy Brent,reference,49.97932144569921,7.108367172732377e-15,0.000413571086015736
256,50.0,10000,5,0.18899439028862808,50.16131915890679,SciPy Brent,reference,50.16131915890623,1.1190470479299745e-14,0.003226383178124621
256,50.0,10000,6,0.18860662902619815,50.050856049875236,SciPy Brent,reference,50.05085604987451,1.4480343548032257e-14,0.001017120997490224
256,50.0,10000,7,0.1875476788805361,49.74943687201331,SciPy Brent,reference,49.749436872012005,2.6279666987227048e-14,0.005011262559759899
256,50.0,10000,8,0.18882555283479466,50.113215749626335,SciPy Brent,reference,50.113215749626974,1.2760874603998218e-14,0.0022643149925394824
256,50.0,10000,9,0.18806242022804112,49.8959073674062,SciPy Brent,reference,49.895907367407105,1.8085436702666324e-14,0.0020818526518579005
256,50.0,10000,10,0.18917704490301188,50.21336965370207,SciPy Brent,reference,50.21336965370249,8.490281460818644e-15,0.004267393074049863
256,50.0,10000,11,0.1877318663453091,49.80183789263641,SciPy Brent,reference,49.80183789263601,7.989743930404008e-15,0.003963242147279829
256,50.0,10000,12,0.18739954158112798,49.707299994720444,SciPy Brent,reference,49.7072999947208,7.147267462078699e-15,0.0058540001055840205
256,50.0,10000,13,0.18896992053322023,50.15434691658305,SciPy Brent,reference,50.15434691658296,1.841725818949336e-15,0.0030869383316591836
256,50.0,10000,14,0.18767362617517305,49.7852674805735,SciPy Brent,reference,49.7852674805719,3.211233435843356e-14,0.004294650388561933
256,50.0,10000,15,0.1882606248710892,49.95232965363197,SciPy Brent,reference,49.95232965363236,7.823429004769964e-15,0.0009534069273527734
256,50.0,10000,16,0.1892682786181956,50.23937229934687,SciPy Brent,reference,50.23937229934631,1.117308468556994e-14,0.0047874459869261445
256,50.0,10000,17,0.18793181306172163,49.85873478422279,SciPy Brent,reference,49.858734784224,2.4226901384878367e-14,0.002825304315520043
256,50.0,10000,18,0.1895271382148441,50.313165000257875,SciPy Brent,reference,50.31316500025775,2.542032337583265e-15,0.006263300005154946
256,50.0,10000,19,0.18899707501438567,50.16208413789479,SciPy Brent,reference,50.162084137893295,2.974636661814811e-14,0.0032416827578659025
256,50.0,10000,0,0.1903940767223723,50.56046134382011,Direct likelihood,reference,50.560455779325075,1.1005625513974441e-07,0.011209115586501497
256,50.0,10000,1,0.1897591504866686,50.37932296653185,Direct likelihood,reference,50.379321724086765,2.466180595723017e-08,0.007586434481735296
256,50.0,10000,2,0.18868044005684512,50.07187913104593,Direct likelihood,reference,50.0718811054063,3.943052268313616e-08,0.0014376221081259643
256,50.0,10000,3,0.1885704929127746,50.04056429736717,Direct likelihood,reference,50.04055993135971,8.724936500758251e-08,0.0008111986271941874
256,50.0,10000,4,0.18835542796726973,49.97932144569957,Direct likelihood,reference,49.97931891068454,5.072127741609662e-08,0.00041362178630919286
256,50.0,10000,5,0.18899439028862808,50.16131915890679,Direct likelihood,reference,50.161312047316784,1.4177438168853126e-07,0.003226240946335679
256,50.0,10000,6,0.18860662902619815,50.050856049875236,Direct likelihood,reference,50.05085272915586,6.63469047595248e-08,0.0010170545831171295
256,50.0,10000,7,0.1875476788805361,49.74943687201331,Direct likelihood,reference,49.74943050297628,1.280222939506154e-07,0.0050113899404743735
256,50.0,10000,8,0.18882555283479466,50.113215749626335,Direct likelihood,reference,50.1132120604748,7.361634008928877e-08,0.0022642412094960205
256,50.0,10000,9,0.18806242022804112,49.8959073674062,Direct likelihood,reference,49.89590754937372,3.6469426939990187e-09,0.0020818490125256517
256,50.0,10000,10,0.18917704490301188,50.21336965370207,Direct likelihood,reference,50.21336623375969,6.810820300101018e-08,0.004267324675193862
256,50.0,10000,11,0.1877318663453091,49.80183789263641,Direct likelihood,reference,49.80183625325518,3.291808684016554e-08,0.003963274934896361
256,50.0,10000,12,0.18739954158112798,49.707299994720444,Direct likelihood,reference,49.70730045008022,9.160822954057214e-09,0.005853990998395631
256,50.0,10000,13,0.18896992053322023,50.15434691658305,Direct likelihood,reference,50.154348357106755,2.872181161631208e-08,0.0030869671421351087
256,50.0,10000,14,0.18767362617517305,49.7852674805735,Direct likelihood,reference,49.78526773764802,5.163666504708809e-09,0.004294645247039597
256,50.0,10000,15,0.1882606248710892,49.95232965363197,Direct likelihood,reference,49.95233172607087,4.148833318526836e-08,0.0009533654785826684
256,50.0,10000,16,0.1892682786181956,50.23937229934687,Direct likelihood,reference,50.23937110004298,2.387179284513586e-08,0.004787422000859607
256,50.0,10000,17,0.18793181306172163,49.85873478422279,Direct likelihood,reference,49.85873349151432,2.592742222330084e-08,0.002825330169713567
256,50.0,10000,18,0.1895271382148441,50.313165000257875,Direct likelihood,reference,50.31316678851057,3.554244095228732e-08,0.006263335770211427
256,50.0,10000,19,0.18899707501438567,50.16208413789479,Direct likelihood,reference,50.16208041053119,7.430639420741673e-08,0.003241608210623781
256,200.0,10000,0,0.548507357425276,200.48155580058167,Banerjee,closed_form,200.60778073959895,0.0006296087363908551,0.003038903697994755
256,200.0,10000,1,0.5474844943468111,199.7883809602983,Banerjee,closed_form,199.91400668600465,0.0006287939523936622,0.00042996656997672743
256,200.0,10000,2,0.5477553402648618,199.97165416186303,Banerjee,closed_form,200.09743841617654,0.0006290104207054363,0.00048719208088272126
256,200.0,10000,3,0.5476510541670351,199.9010636144441,Banerjee,closed_form,200.02678681735088,0.0006289271334207115,0.0001339340867544081
256,200.0,10000,4,0.5479617280871076,200.1114428259548,Banerjee,closed_form,200.23734794783124,0.0006291750241685745,0.001186739739156195
256,200.0,10000,5,0.5477221519130188,199.94918602428766,Banerjee,closed_form,200.074950847798,0.0006289839234207281,0.00037475423898996495
256,200.0,10000,6,0.5474076399282095,199.73641175838875,Banerjee,closed_form,199.86199251864346,0.0006287324336566903,0.0006900374067826931
256,200.0,10000,7,0.5481289599911948,200.22479481806582,Banerjee,closed_form,200.35079791891005,0.0006293081781340937,0.0017539895945502338
256,200.0,10000,8,0.5473186427656092,199.67625137539088,Banerjee,closed_form,199.8017800758263,0.0006286611430791364,0.0009910996208685673
256,200.0,10000,9,0.5475896873751068,199.85953849989943,Banerjee,closed_form,199.98522578422038,0.0006288780874024168,7.387107889812227e-05
256,200.0,10000,10,0.5478355324386748,200.02595556914153,Banerjee,closed_form,200.1517867797853,0.0006290744132967592,0.000758933898926557
256,200.0,10000,11,0.5474796593477933,199.7851110517804,Banerjee,closed_form,199.91073394842246,0.0006287900834086555,0.00044633025788769486
256,200.0,10000,12,0.5481548588125627,200.24235611552257,Banerjee,closed_form,200.36837439353945,0.0006293287816898462,0.0018418719676972727
256,200.0,10000,13,0.5476564867022591,199.90474013934266,Banerjee,closed_form,200.030466522212,0.0006289314739695935,0.00015233261106004648
256,200.0,10000,14,0.5475716772024686,199.84735346095047,Banerjee,closed_form,199.97303020471125,0.0006288636881315248,0.00013484897644374882
256,200.0,10000,15,0.5482646306979507,200.31680955788238,Banerjee,closed_form,200.4428921742942,0.0006294160569454821,0.0022144608714710044
256,200.0,10000,16,0.548057974572303,200.17667076746793,Banerjee,closed_form,200.30263227425417,0.000629251682043214,0.0015131613712708258
256,200.0,10000,17,0.5472751981865707,199.6468913766404,Banerjee,closed_form,199.77239466762398,0.0006286263217933471,0.001138026661880076
256,200.0,10000,18,0.5482099561523178,200.2797221585696,Banerjee,closed_form,200.40577272764173,0.0006293725980523138,0.0020288636382086622
256,200.0,10000,19,0.5487738618429974,200.66262397396173,Banerjee,closed_form,200.7890052696738,0.0006298198100333041,0.00394502634836897
256,200.0,10000,0,0.548507357425276,200.48155580058167,Sra two-step (SciPy),sra,200.48155580057102,5.3162701146449203e-14,0.0024077790028550795
256,200.0,10000,1,0.5474844943468111,199.7883809602983,Sra two-step (SciPy),sra,199.7883809602994,5.548103760878994e-15,0.0010580951985029686
256,200.0,10000,2,0.5477553402648618,199.97165416186303,Sra two-step (SciPy),sra,199.97165416185095,6.040469364795281e-14,0.00014172919074525225
256,200.0,10000,3,0.5476510541670351,199.9010636144441,Sra two-step (SciPy),sra,199.90106361441158,1.6265263926306e-13,0.0004946819279420822
256,200.0,10000,4,0.5479617280871076,200.1114428259548,Sra two-step (SciPy),sra,200.11144282594753,3.635952802814793e-14,0.0005572141297376732
256,200.0,10000,5,0.5477221519130188,199.94918602428766,Sra two-step (SciPy),sra,199.94918602428956,9.523692342542271e-15,0.0002540698785522011
256,200.0,10000,6,0.5474076399282095,199.73641175838875,Sra two-step (SciPy),sra,199.7364117583827,3.0309066110585106e-14,0.0013179412080864949
256,200.0,10000,7,0.5481289599911948,200.22479481806582,Sra two-step (SciPy),sra,200.22479481807085,2.512497302720475e-14,0.0011239740903542384
256,200.0,10000,8,0.5473186427656092,199.67625137539088,Sra two-step (SciPy),sra,199.67625137537132,9.792920266394739e-14,0.0016187431231433891
256,200.0,10000,9,0.5475896873751068,199.85953849989943,Sra two-step (SciPy),sra,199.85953849990196,1.2656549486164402e-14,0.0007023075004902069
256,200.0,10000,10,0.5478355324386748,200.02595556914153,Sra two-step (SciPy),sra,200.02595556913442,3.552252675100917e-14,0.00012977784567212326
256,200.0,10000,11,0.5474796593477933,199.7851110517804,Sra two-step (SciPy),sra,199.78511105176756,6.43021524222244e-14,0.0010744447411622105
256,200.0,10000,12,0.5481548588125627,200.24235611552257,Sra two-step (SciPy),sra,200.24235611553542,6.415532114060436e-14,0.0012117805776770752
256,200.0,10000,13,0.5476564867022591,199.90474013934266,Sra two-step (SciPy),sra,199.9047401393362,3.227401229307801e-14,0.0004762993033189389
256,200.0,10000,14,0.5475716772024686,199.84735346095047,Sra two-step (SciPy),sra,199.8473534609268,1.1846683754134683e-13,0.000763232695366014
256,200.0,10000,15,0.5482646306979507,200.31680955788238,Sra two-step (SciPy),sra,200.31680955787317,4.5970350045885816e-14,0.0015840477893658545
256,200.0,10000,16,0.548057974572303,200.17667076746793,Sra two-step (SciPy),sra,200.17667076747935,5.707721657682425e-14,0.0008833538373967542
256,200.0,10000,17,0.5472751981865707,199.6468913766404,Sra two-step (SciPy),sra,199.64689137663325,3.5874692198186804e-14,0.0017655431168337543
256,200.0,10000,18,0.5482099561523178,200.2797221585696,Sra two-step (SciPy),sra,200.27972215856354,3.022684495179694e-14,0.0013986107928177205
256,200.0,10000,19,0.5487738618429974,200.66262397396173,Sra two-step (SciPy),sra,200.66262397397855,8.38504533110386e-14,0.0033131198698927735
256,200.0,10000,0,0.548507357425276,200.48155580058167,Converged Newton (SciPy),converged,200.48155580057102,5.3162701146449203e-14,0.0024077790028550795
256,200.0,10000,1,0.5474844943468111,199.7883809602983,Converged Newton (SciPy),converged,199.7883809602994,5.548103760878994e-15,0.0010580951985029686
256,200.0,10000,2,0.5477553402648618,199.97165416186303,Converged Newton (SciPy),converged,199.97165416185095,6.040469364795281e-14,0.00014172919074525225
256,200.0,10000,3,0.5476510541670351,199.9010636144441,Converged Newton (SciPy),converged,199.90106361441158,1.6265263926306e-13,0.0004946819279420822
256,200.0,10000,4,0.5479617280871076,200.1114428259548,Converged Newton (SciPy),converged,200.11144282594753,3.635952802814793e-14,0.0005572141297376732
256,200.0,10000,5,0.5477221519130188,199.94918602428766,Converged Newton (SciPy),converged,199.94918602428956,9.523692342542271e-15,0.0002540698785522011
256,200.0,10000,6,0.5474076399282095,199.73641175838875,Converged Newton (SciPy),converged,199.7364117583827,3.0309066110585106e-14,0.0013179412080864949
256,200.0,10000,7,0.5481289599911948,200.22479481806582,Converged Newton (SciPy),converged,200.22479481807085,2.512497302720475e-14,0.0011239740903542384
256,200.0,10000,8,0.5473186427656092,199.67625137539088,Converged Newton (SciPy),converged,199.67625137537132,9.792920266394739e-14,0.0016187431231433891
256,200.0,10000,9,0.5475896873751068,199.85953849989943,Converged Newton (SciPy),converged,199.85953849990196,1.2656549486164402e-14,0.0007023075004902069
256,200.0,10000,10,0.5478355324386748,200.02595556914153,Converged Newton (SciPy),converged,200.02595556913442,3.552252675100917e-14,0.00012977784567212326
256,200.0,10000,11,0.5474796593477933,199.7851110517804,Converged Newton (SciPy),converged,199.78511105176756,6.43021524222244e-14,0.0010744447411622105
256,200.0,10000,12,0.5481548588125627,200.24235611552257,Converged Newton (SciPy),converged,200.24235611553542,6.415532114060436e-14,0.0012117805776770752
256,200.0,10000,13,0.5476564867022591,199.90474013934266,Converged Newton (SciPy),converged,199.9047401393362,3.227401229307801e-14,0.0004762993033189389
256,200.0,10000,14,0.5475716772024686,199.84735346095047,Converged Newton (SciPy),converged,199.8473534609268,1.1846683754134683e-13,0.000763232695366014
256,200.0,10000,15,0.5482646306979507,200.31680955788238,Converged Newton (SciPy),converged,200.31680955787317,4.5970350045885816e-14,0.0015840477893658545
256,200.0,10000,16,0.548057974572303,200.17667076746793,Converged Newton (SciPy),converged,200.17667076747935,5.707721657682425e-14,0.0008833538373967542
256,200.0,10000,17,0.5472751981865707,199.6468913766404,Converged Newton (SciPy),converged,199.64689137663325,3.5874692198186804e-14,0.0017655431168337543
256,200.0,10000,18,0.5482099561523178,200.2797221585696,Converged Newton (SciPy),converged,200.27972215856354,3.022684495179694e-14,0.0013986107928177205
256,200.0,10000,19,0.5487738618429974,200.66262397396173,Converged Newton (SciPy),converged,200.66262397397855,8.38504533110386e-14,0.0033131198698927735
256,200.0,10000,0,0.548507357425276,200.48155580058167,Banerjee (Torch),closed_form,200.60778073959895,0.0006296087363908551,0.003038903697994755
256,200.0,10000,1,0.5474844943468111,199.7883809602983,Banerjee (Torch),closed_form,199.91400668600465,0.0006287939523936622,0.00042996656997672743
256,200.0,10000,2,0.5477553402648618,199.97165416186303,Banerjee (Torch),closed_form,200.09743841617654,0.0006290104207054363,0.00048719208088272126
256,200.0,10000,3,0.5476510541670351,199.9010636144441,Banerjee (Torch),closed_form,200.02678681735088,0.0006289271334207115,0.0001339340867544081
256,200.0,10000,4,0.5479617280871076,200.1114428259548,Banerjee (Torch),closed_form,200.23734794783124,0.0006291750241685745,0.001186739739156195
256,200.0,10000,5,0.5477221519130188,199.94918602428766,Banerjee (Torch),closed_form,200.074950847798,0.0006289839234207281,0.00037475423898996495
256,200.0,10000,6,0.5474076399282095,199.73641175838875,Banerjee (Torch),closed_form,199.86199251864346,0.0006287324336566903,0.0006900374067826931
256,200.0,10000,7,0.5481289599911948,200.22479481806582,Banerjee (Torch),closed_form,200.35079791891005,0.0006293081781340937,0.0017539895945502338
256,200.0,10000,8,0.5473186427656092,199.67625137539088,Banerjee (Torch),closed_form,199.8017800758263,0.0006286611430791364,0.0009910996208685673
256,200.0,10000,9,0.5475896873751068,199.85953849989943,Banerjee (Torch),closed_form,199.98522578422038,0.0006288780874024168,7.387107889812227e-05
256,200.0,10000,10,0.5478355324386748,200.02595556914153,Banerjee (Torch),closed_form,200.1517867797853,0.0006290744132967592,0.000758933898926557
256,200.0,10000,11,0.5474796593477933,199.7851110517804,Banerjee (Torch),closed_form,199.91073394842246,0.0006287900834086555,0.00044633025788769486
256,200.0,10000,12,0.5481548588125627,200.24235611552257,Banerjee (Torch),closed_form,200.36837439353945,0.0006293287816898462,0.0018418719676972727
256,200.0,10000,13,0.5476564867022591,199.90474013934266,Banerjee (Torch),closed_form,200.030466522212,0.0006289314739695935,0.00015233261106004648
256,200.0,10000,14,0.5475716772024686,199.84735346095047,Banerjee (Torch),closed_form,199.97303020471125,0.0006288636881315248,0.00013484897644374882
256,200.0,10000,15,0.5482646306979507,200.31680955788238,Banerjee (Torch),closed_form,200.4428921742942,0.0006294160569454821,0.0022144608714710044
256,200.0,10000,16,0.548057974572303,200.17667076746793,Banerjee (Torch),closed_form,200.30263227425417,0.000629251682043214,0.0015131613712708258
256,200.0,10000,17,0.5472751981865707,199.6468913766404,Banerjee (Torch),closed_form,199.77239466762398,0.0006286263217933471,0.001138026661880076
256,200.0,10000,18,0.5482099561523178,200.2797221585696,Banerjee (Torch),closed_form,200.40577272764173,0.0006293725980523138,0.0020288636382086622
256,200.0,10000,19,0.5487738618429974,200.66262397396173,Banerjee (Torch),closed_form,200.7890052696738,0.0006298198100333041,0.00394502634836897
256,200.0,10000,0,0.548507357425276,200.48155580058167,Sra two-step (CUSF),sra,200.48155580054654,1.7522426297869657e-13,0.002407779002732724
256,200.0,10000,1,0.5474844943468111,199.7883809602983,Sra two-step (CUSF),sra,199.78838096029617,1.0669430309382682e-14,0.001058095198519169
256,200.0,10000,2,0.5477553402648618,199.97165416186303,Sra two-step (CUSF),sra,199.9716541618477,7.66073644146978e-14,0.00014172919076145264
256,200.0,10000,3,0.5476510541670351,199.9010636144441,Sra two-step (CUSF),sra,199.90106361442642,8.843526365526514e-14,0.0004946819278679015
256,200.0,10000,4,0.5479617280871076,200.1114428259548,Sra two-step (CUSF),sra,200.1114428259548,0.0,0.0005572141297740529
256,200.0,10000,5,0.5477221519130188,199.94918602428766,Sra two-step (CUSF),sra,199.94918602429271,2.5301749805560066e-14,0.00025406987853642703
256,200.0,10000,6,0.5474076399282095,199.73641175838875,Sra two-step (CUSF),sra,199.73641175839322,2.2340485349116724e-14,0.0013179412080339147
256,200.0,10000,7,0.5481289599911948,200.22479481806582,Sra two-step (CUSF),sra,200.22479481806033,2.7396157029663937e-14,0.001123974090301658
256,200.0,10000,8,0.5473186427656092,199.67625137539088,Sra two-step (CUSF),sra,199.67625137538508,2.9037147301519284e-14,0.0016187431230746086
256,200.0,10000,9,0.5475896873751068,199.85953849989943,Sra two-step (CUSF),sra,199.85953849988732,6.05807874281577e-14,0.0007023075005633927
256,200.0,10000,10,0.5478355324386748,200.02595556914153,Sra two-step (CUSF),sra,200.0259555691419,1.847171391052477e-15,0.0001297778457094978
256,200.0,10000,11,0.5474796593477933,199.7851110517804,Sra two-step (CUSF),sra,199.7851110517539,1.3272988542021098e-13,0.0010744447412305647
256,200.0,10000,12,0.5481548588125627,200.24235611552257,Sra two-step (CUSF),sra,200.2423561155069,7.820703970901107e-14,0.0012117805775345403
256,200.0,10000,13,0.5476564867022591,199.90474013934266,Sra two-step (CUSF),sra,199.90474013934252,7.108813280413658e-16,0.00047629930328739077
256,200.0,10000,14,0.5475716772024686,199.84735346095047,Sra two-step (CUSF),sra,199.847353460931,9.741870794216397e-14,0.000763232695344982
256,200.0,10000,15,0.5482646306979507,200.31680955788238,Sra two-step (CUSF),sra,200.31680955787735,2.5113431969511697e-14,0.0015840477893867444
256,200.0,10000,16,0.548057974572303,200.17667076746793,Sra two-step (CUSF),sra,200.17667076744766,1.012339687046659e-13,0.0008833538372383032
256,200.0,10000,17,0.5472751981865707,199.6468913766404,Sra two-step (CUSF),sra,199.64689137662592,7.260354373442567e-14,0.0017655431168704184
256,200.0,10000,18,0.5482099561523178,200.2797221585696,Sra two-step (CUSF),sra,200.279722158553,8.287548099459819e-14,0.0013986107927649982
256,200.0,10000,19,0.5487738618429974,200.66262397396173,Sra two-step (CUSF),sra,200.66262397395838,1.6713434950511072e-14,0.0033131198697918763
256,200.0,10000,0,0.548507357425276,200.48155580058167,Converged Newton (CUSF),converged,200.48155580054654,1.7522426297869657e-13,0.002407779002732724
256,200.0,10000,1,0.5474844943468111,199.7883809602983,Converged Newton (CUSF),converged,199.78838096029617,1.0669430309382682e-14,0.001058095198519169
256,200.0,10000,2,0.5477553402648618,199.97165416186303,Converged Newton (CUSF),converged,199.9716541618477,7.66073644146978e-14,0.00014172919076145264
256,200.0,10000,3,0.5476510541670351,199.9010636144441,Converged Newton (CUSF),converged,199.90106361442642,8.843526365526514e-14,0.0004946819278679015
256,200.0,10000,4,0.5479617280871076,200.1114428259548,Converged Newton (CUSF),converged,200.1114428259548,0.0,0.0005572141297740529
256,200.0,10000,5,0.5477221519130188,199.94918602428766,Converged Newton (CUSF),converged,199.94918602429271,2.5301749805560066e-14,0.00025406987853642703
256,200.0,10000,6,0.5474076399282095,199.73641175838875,Converged Newton (CUSF),converged,199.73641175839322,2.2340485349116724e-14,0.0013179412080339147
256,200.0,10000,7,0.5481289599911948,200.22479481806582,Converged Newton (CUSF),converged,200.22479481806033,2.7396157029663937e-14,0.001123974090301658
256,200.0,10000,8,0.5473186427656092,199.67625137539088,Converged Newton (CUSF),converged,199.67625137538508,2.9037147301519284e-14,0.0016187431230746086
256,200.0,10000,9,0.5475896873751068,199.85953849989943,Converged Newton (CUSF),converged,199.85953849988732,6.05807874281577e-14,0.0007023075005633927
256,200.0,10000,10,0.5478355324386748,200.02595556914153,Converged Newton (CUSF),converged,200.0259555691419,1.847171391052477e-15,0.0001297778457094978
256,200.0,10000,11,0.5474796593477933,199.7851110517804,Converged Newton (CUSF),converged,199.7851110517539,1.3272988542021098e-13,0.0010744447412305647
256,200.0,10000,12,0.5481548588125627,200.24235611552257,Converged Newton (CUSF),converged,200.2423561155069,7.820703970901107e-14,0.0012117805775345403
256,200.0,10000,13,0.5476564867022591,199.90474013934266,Converged Newton (CUSF),converged,199.90474013934252,7.108813280413658e-16,0.00047629930328739077
256,200.0,10000,14,0.5475716772024686,199.84735346095047,Converged Newton (CUSF),converged,199.847353460931,9.741870794216397e-14,0.000763232695344982
256,200.0,10000,15,0.5482646306979507,200.31680955788238,Converged Newton (CUSF),converged,200.31680955787735,2.5113431969511697e-14,0.0015840477893867444
256,200.0,10000,16,0.548057974572303,200.17667076746793,Converged Newton (CUSF),converged,200.17667076744766,1.012339687046659e-13,0.0008833538372383032
256,200.0,10000,17,0.5472751981865707,199.6468913766404,Converged Newton (CUSF),converged,199.64689137662592,7.260354373442567e-14,0.0017655431168704184
256,200.0,10000,18,0.5482099561523178,200.2797221585696,Converged Newton (CUSF),converged,200.279722158553,8.287548099459819e-14,0.0013986107927649982
256,200.0,10000,19,0.5487738618429974,200.66262397396173,Converged Newton (CUSF),converged,200.66262397395838,1.6713434950511072e-14,0.0033131198697918763
256,200.0,10000,0,0.548507357425276,200.48155580058167,SciPy Brent,reference,200.48155580057934,1.1624910650690225e-14,0.0024077790028967172
256,200.0,10000,1,0.5474844943468111,199.7883809602983,SciPy Brent,reference,199.7883809602958,1.251879822967568e-14,0.0010580951985210162
256,200.0,10000,2,0.5477553402648618,199.97165416186303,SciPy Brent,reference,199.97165416186613,1.549202731206319e-14,0.00014172919066936628
256,200.0,10000,3,0.5476510541670351,199.9010636144441,SciPy Brent,reference,199.90106361444168,1.2085204840349737e-14,0.0004946819277915893
256,200.0,10000,4,0.5479617280871076,200.1114428259548,SciPy Brent,reference,200.11144282595842,1.803773460771401e-14,0.0005572141297921007
256,200.0,10000,5,0.5477221519130188,199.94918602428766,SciPy Brent,reference,199.94918602428908,7.107233091449457e-15,0.0002540698785546169
256,200.0,10000,6,0.5474076399282095,199.73641175838875,SciPy Brent,reference,199.73641175838802,3.69969821068175e-15,0.0013179412080599206
256,200.0,10000,7,0.5481289599911948,200.22479481806582,SciPy Brent,reference,200.22479481806315,1.3343206014447721e-14,0.001123974090315727
256,200.0,10000,8,0.5473186427656092,199.67625137539088,SciPy Brent,reference,199.67625137539702,3.074521478984395e-14,0.0016187431230149229
256,200.0,10000,9,0.5475896873751068,199.85953849989943,SciPy Brent,reference,199.859538499898,7.110421059642923e-15,0.00070230750050996
256,200.0,10000,10,0.5478355324386748,200.02595556914153,SciPy Brent,reference,200.02595556914795,3.2112364182912293e-14,0.00012977784573976693
256,200.0,10000,11,0.5474796593477933,199.7851110517804,SciPy Brent,reference,199.78511105177992,2.4184437857916255e-15,0.0010744447411003932
256,200.0,10000,12,0.5481548588125627,200.24235611552257,SciPy Brent,reference,200.24235611552402,7.238764110997394e-15,0.0012117805776200895
256,200.0,10000,13,0.5476564867022591,199.90474013934266,SciPy Brent,reference,199.9047401393393,1.6776799341776232e-14,0.00047629930330344905
256,200.0,10000,14,0.5475716772024686,199.84735346095047,SciPy Brent,reference,199.8473534609515,5.119815307909347e-15,0.0007632326952425217
256,200.0,10000,15,0.5482646306979507,200.31680955788238,SciPy Brent,reference,200.31680955788283,2.2701407430067068e-15,0.0015840477894141713
256,200.0,10000,16,0.548057974572303,200.17667076746793,SciPy Brent,reference,200.17667076747455,3.308206831442799e-14,0.0008833538373727379
256,200.0,10000,17,0.5472751981865707,199.6468913766404,SciPy Brent,reference,199.646891376641,2.9895576831822338e-15,0.0017655431167949587
256,200.0,10000,18,0.5482099561523178,200.2797221585696,SciPy Brent,reference,200.27972215857255,1.4758647300407897e-14,0.001398610792862769
256,200.0,10000,19,0.5487738618429974,200.66262397396173,SciPy Brent,reference,200.66262397396576,2.0112777652309935e-14,0.0033131198698288246
256,200.0,10000,0,0.548507357425276,200.48155580058167,Direct likelihood,reference,200.4815517147005,2.038033459412101e-08,0.002407758573502434
256,200.0,10000,1,0.5474844943468111,199.7883809602983,Direct likelihood,reference,199.78838030664693,3.2717186371582633e-09,0.001058098466765358
256,200.0,10000,2,0.5477553402648618,199.97165416186303,Direct likelihood,reference,199.9716594499951,2.6444408236914827e-08,0.00014170275002456378
256,200.0,10000,3,0.5476510541670351,199.9010636144441,Direct likelihood,reference,199.90105389672934,4.8612621589771394e-08,0.0004947305163533145
256,200.0,10000,4,0.5479617280871076,200.1114428259548,Direct likelihood,reference,200.11144813377993,2.6524345859060657e-08,0.0005572406688996523
256,200.0,10000,5,0.5477221519130188,199.94918602428766,Direct likelihood,reference,199.94919131409665,2.645576659424219e-08,0.00025404342951674153
256,200.0,10000,6,0.5474076399282095,199.73641175838875,Direct likelihood,reference,199.7364140749472,1.159807776778679e-08,0.0013179296252640426
256,200.0,10000,7,0.5481289599911948,200.22479481806582,Direct likelihood,reference,200.22480010434774,2.64017347285772e-08,0.0011240005217386794
256,200.0,10000,8,0.5473186427656092,199.67625137539088,Direct likelihood,reference,199.67626210766954,5.3748398187674913e-08,0.0016186894616522806
256,200.0,10000,9,0.5475896873751068,199.85953849989943,Direct likelihood,reference,199.85953788702759,3.0665128546848363e-09,0.0007023105648620743
256,200.0,10000,10,0.5478355324386748,200.02595556914153,Direct likelihood,reference,200.02596084665623,2.6384149434845944e-08,0.0001298042332811633
256,200.0,10000,11,0.5474796593477933,199.7851110517804,Direct likelihood,reference,199.78510393179695,3.5638208539851074e-08,0.0010744803410152315
256,200.0,10000,12,0.5481548588125627,200.24235611552257,Direct likelihood,reference,200.24234634735,4.878175002576697e-08,0.0012117317367500392
256,200.0,10000,13,0.5476564867022591,199.90474013934266,Direct likelihood,reference,199.90473357168537,3.285393477851506e-08,0.0004763321415731525
256,200.0,10000,14,0.5475716772024686,199.84735346095047,Direct likelihood,reference,199.84734985837616,1.8026630063348983e-08,0.0007632507081191875
256,200.0,10000,15,0.5482646306979507,200.31680955788238,Direct likelihood,reference,200.31681187926753,1.1588568920201981e-08,0.0015840593963376648
256,200.0,10000,16,0.548057974572303,200.17667076746793,Direct likelihood,reference,200.17667607260745,2.650228672395152e-08,0.0008833803630372472
256,200.0,10000,17,0.5472751981865707,199.6468913766404,Direct likelihood,reference,199.6468844057619,3.491603828099491e-08,0.0017655779711904529
256,200.0,10000,18,0.5482099561523178,200.2797221585696,Direct likelihood,reference,200.27972743707755,2.635567844399315e-08,0.00139863718538777
256,200.0,10000,19,0.5487738618429974,200.66262397396173,Direct likelihood,reference,200.66261712505403,3.4131456903477326e-08,0.0033130856252701333
256,1000.0,10000,0,0.8806471587272026,1000.9615402442903,Banerjee,closed_form,1001.3459566971853,0.0003840471760795322,0.0013459566971853291
256,1000.0,10000,1,0.8803938813655429,998.6902462393571,Banerjee,closed_form,999.0744269544628,0.00038468455715107543,0.0009255730455372486
256,1000.0,10000,2,0.8805188883459314,999.8100624618639,Banerjee,closed_form,1000.1943595215382,0.00038437006597834674,0.00019435952153821744
256,1000.0,10000,3,0.8804917041923328,999.5663475378049,Banerjee,closed_form,999.9506192961308,0.00038443847101541295,4.9380703869246645e-05
256,1000.0,10000,4,0.8804794048085638,999.456115766862,Banerjee,closed_form,999.8403760778433,0.0003844694178357745,0.0001596239221566975
256,1000.0,10000,5,0.880451175100563,999.2031957560245,Banerjee,closed_form,999.5874297933113,0.00038454044074205104,0.00041257020668865606
256,1000.0,10000,6,0.8806482314147915,1000.9711801062501,Banerjee,closed_form,1001.3555975576442,0.00038404447503995474,0.0013555975576441596
256,1000.0,10000,7,0.8805546861643976,1000.1311702403846,Banerjee,closed_form,1000.5155006192707,0.00038427997278974184,0.0005155006192707106
256,1000.0,10000,8,0.8804887181200385,999.539583141786,Banerjee,closed_form,999.9238521208897,0.0003844459845160385,7.614787911029453e-05
256,1000.0,10000,9,0.8805450297498881,1000.0445329646957,Banerjee,closed_form,1000.4288543556798,0.00038430427677536513,0.00042885435567984587
256,1000.0,10000,10,0.8805362022012465,999.9653444688677,Banerjee,closed_form,1000.3496576434904,0.00038432649366154154,0.00034965764349044546
256,1000.0,10000,11,0.8805335163089618,999.9412526888542,Banerjee,closed_form,1000.3255633635565,0.00038433325324751795,0.00032556336355651184
256,1000.0,10000,12,0.8804861172312075,999.516272259921,Banerjee,closed_form,999.900538818309,0.00038445252874083066,9.946118169102647e-05
256,1000.0,10000,13,0.880405221126763,998.7917320226775,Banerjee,closed_form,999.1759232912991,0.0003846560361924498,0.0008240767087008863
256,1000.0,10000,14,0.8806468730845026,1000.9589733039975,Banerjee,closed_form,1001.3433894910052,0.0003840478953285967,0.001343389491005155
256,1000.0,10000,15,0.8804778033360874,999.4417644215283,Banerjee,closed_form,999.8260232419872,0.0003844734472160674,0.00017397675801282731
256,1000.0,10000,16,0.8805922221766798,1000.4680755790519,Banerjee,closed_form,1000.8524408959579,0.0003841854890607863,0.0008524408959578977
256,1000.0,10000,17,0.8803872677554493,998.631066237376,Banerjee,closed_form,999.0152407974697,0.00038470119054195194,0.0009847592025303128
256,1000.0,10000,18,0.8806352269497844,1000.8543252351366,Banerjee,closed_form,1001.2387305815255,0.0003840772195280329,0.0012387305815254877
256,1000.0,10000,19,0.8806953876020717,1001.3951265730327,Banerjee,closed_form,1001.7795879200281,0.0003839257220185495,0.0017795879200281205
256,1000.0,10000,0,0.8806471587272026,1000.9615402442903,Sra two-step (SciPy),sra,1000.9615402444748,1.8433649066791438e-13,0.0009615402444748042
256,1000.0,10000,1,0.8803938813655429,998.6902462393571,Sra two-step (SciPy),sra,998.6902462393641,7.057827955446811e-15,0.0013097537606358855
256,1000.0,10000,2,0.8805188883459314,999.8100624618639,Sra two-step (SciPy),sra,999.8100624617676,9.631104463292167e-14,0.00018993753823235693
256,1000.0,10000,3,0.8804917041923328,999.5663475378049,Sra two-step (SciPy),sra,999.5663475378569,5.209116113678571e-14,0.00043365246214307265
256,1000.0,10000,4,0.8804794048085638,999.456115766862,Sra two-step (SciPy),sra,999.4561157668513,1.069237816172882e-14,0.000543884233148674
256,1000.0,10000,5,0.880451175100563,999.2031957560245,Sra two-step (SciPy),sra,999.2031957563236,2.9934859227432405e-13,0.0007968042436764335
256,1000.0,10000,6,0.8806482314147915,1000.9711801062501,Sra two-step (SciPy),sra,1000.9711801055086,7.408597342227025e-13,0.0009711801055085516
256,1000.0,10000,7,0.8805546861643976,1000.1311702403846,Sra two-step (SciPy),sra,1000.1311702411049,7.202253316742723e-13,0.00013117024110488273
256,1000.0,10000,8,0.8804887181200385,999.539583141786,Sra two-step (SciPy),sra,999.5395831414301,3.561174513845014e-13,0.00046041685856994263
256,1000.0,10000,9,0.8805450297498881,1000.0445329646957,Sra two-step (SciPy),sra,1000.0445329652366,5.408978860929837e-13,4.4532965236612656e-05
256,1000.0,10000,10,0.8805362022012465,999.9653444688677,Sra two-step (SciPy),sra,999.965344469327,4.593107420530494e-13,3.465553067303517e-05
256,1000.0,10000,11,0.8805335163089618,999.9412526888542,Sra two-step (SciPy),sra,999.9412526881586,6.956906299724687e-13,5.8747311841443664e-05
256,1000.0,10000,12,0.8804861172312075,999.516272259921,Sra two-step (SciPy),sra,999.5162722600305,1.0953340907435092e-13,0.00048372773996948124
256,1000.0,10000,13,0.880405221126763,998.7917320226775,Sra two-step (SciPy),sra,998.7917320226024,7.512408291998452e-14,0.0012082679773975542
256,1000.0,10000,14,0.8806468730845026,1000.9589733039975,Sra two-step (SciPy),sra,1000.9589733039093,8.813646555439867e-14,0.0009589733039092607
256,1000.0,10000,15,0.8804778033360874,999.4417644215283,Sra two-step (SciPy),sra,999.4417644216519,1.2364661654390908e-13,0.0005582355783481035
256,1000.0,10000,16,0.8805922221766798,1000.4680755790519,Sra two-step (SciPy),sra,1000.4680755787352,3.164697113113262e-13,0.0004680755787352382
256,1000.0,10000,17,0.8803872677554493,998.631066237376,Sra two-step (SciPy),sra,998.6310662379979,6.22719464036202e-13,0.0013689337620021434
256,1000.0,10000,18,0.8806352269497844,1000.8543252351366,Sra two-step (SciPy),sra,1000.8543252348245,3.118039875308722e-13,0.0008543252348245005
256,1000.0,10000,19,0.8806953876020717,1001.3951265730327,Sra two-step (SciPy),sra,1001.39512657309,5.721833938595233e-14,0.0013951265730900103
256,1000.0,10000,0,0.8806471587272026,1000.9615402442903,Converged Newton (SciPy),converged,1000.9615402444748,1.8433649066791438e-13,0.0009615402444748042
256,1000.0,10000,1,0.8803938813655429,998.6902462393571,Converged Newton (SciPy),converged,998.6902462393641,7.057827955446811e-15,0.0013097537606358855
256,1000.0,10000,2,0.8805188883459314,999.8100624618639,Converged Newton (SciPy),converged,999.8100624617676,9.631104463292167e-14,0.00018993753823235693
256,1000.0,10000,3,0.8804917041923328,999.5663475378049,Converged Newton (SciPy),converged,999.5663475378569,5.209116113678571e-14,0.00043365246214307265
256,1000.0,10000,4,0.8804794048085638,999.456115766862,Converged Newton (SciPy),converged,999.4561157668513,1.069237816172882e-14,0.000543884233148674
256,1000.0,10000,5,0.880451175100563,999.2031957560245,Converged Newton (SciPy),converged,999.2031957563236,2.9934859227432405e-13,0.0007968042436764335
256,1000.0,10000,6,0.8806482314147915,1000.9711801062501,Converged Newton (SciPy),converged,1000.9711801055086,7.408597342227025e-13,0.0009711801055085516
256,1000.0,10000,7,0.8805546861643976,1000.1311702403846,Converged Newton (SciPy),converged,1000.1311702411049,7.202253316742723e-13,0.00013117024110488273
256,1000.0,10000,8,0.8804887181200385,999.539583141786,Converged Newton (SciPy),converged,999.5395831414301,3.561174513845014e-13,0.00046041685856994263
256,1000.0,10000,9,0.8805450297498881,1000.0445329646957,Converged Newton (SciPy),converged,1000.0445329652366,5.408978860929837e-13,4.4532965236612656e-05
256,1000.0,10000,10,0.8805362022012465,999.9653444688677,Converged Newton (SciPy),converged,999.965344469327,4.593107420530494e-13,3.465553067303517e-05
256,1000.0,10000,11,0.8805335163089618,999.9412526888542,Converged Newton (SciPy),converged,999.9412526881586,6.956906299724687e-13,5.8747311841443664e-05
256,1000.0,10000,12,0.8804861172312075,999.516272259921,Converged Newton (SciPy),converged,999.5162722600305,1.0953340907435092e-13,0.00048372773996948124
256,1000.0,10000,13,0.880405221126763,998.7917320226775,Converged Newton (SciPy),converged,998.7917320226024,7.512408291998452e-14,0.0012082679773975542
256,1000.0,10000,14,0.8806468730845026,1000.9589733039975,Converged Newton (SciPy),converged,1000.9589733039093,8.813646555439867e-14,0.0009589733039092607
256,1000.0,10000,15,0.8804778033360874,999.4417644215283,Converged Newton (SciPy),converged,999.4417644216519,1.2364661654390908e-13,0.0005582355783481035
256,1000.0,10000,16,0.8805922221766798,1000.4680755790519,Converged Newton (SciPy),converged,1000.4680755787352,3.164697113113262e-13,0.0004680755787352382
256,1000.0,10000,17,0.8803872677554493,998.631066237376,Converged Newton (SciPy),converged,998.6310662379979,6.22719464036202e-13,0.0013689337620021434
256,1000.0,10000,18,0.8806352269497844,1000.8543252351366,Converged Newton (SciPy),converged,1000.8543252348245,3.118039875308722e-13,0.0008543252348245005
256,1000.0,10000,19,0.8806953876020717,1001.3951265730327,Converged Newton (SciPy),converged,1001.39512657309,5.721833938595233e-14,0.0013951265730900103
256,1000.0,10000,0,0.8806471587272026,1000.9615402442903,Banerjee (Torch),closed_form,1001.3459566971853,0.0003840471760795322,0.0013459566971853291
256,1000.0,10000,1,0.8803938813655429,998.6902462393571,Banerjee (Torch),closed_form,999.0744269544628,0.00038468455715107543,0.0009255730455372486
256,1000.0,10000,2,0.8805188883459314,999.8100624618639,Banerjee (Torch),closed_form,1000.1943595215382,0.00038437006597834674,0.00019435952153821744
256,1000.0,10000,3,0.8804917041923328,999.5663475378049,Banerjee (Torch),closed_form,999.9506192961308,0.00038443847101541295,4.9380703869246645e-05
256,1000.0,10000,4,0.8804794048085638,999.456115766862,Banerjee (Torch),closed_form,999.8403760778433,0.0003844694178357745,0.0001596239221566975
256,1000.0,10000,5,0.880451175100563,999.2031957560245,Banerjee (Torch),closed_form,999.5874297933113,0.00038454044074205104,0.00041257020668865606
256,1000.0,10000,6,0.8806482314147915,1000.9711801062501,Banerjee (Torch),closed_form,1001.3555975576442,0.00038404447503995474,0.0013555975576441596
256,1000.0,10000,7,0.8805546861643976,1000.1311702403846,Banerjee (Torch),closed_form,1000.5155006192707,0.00038427997278974184,0.0005155006192707106
256,1000.0,10000,8,0.8804887181200385,999.539583141786,Banerjee (Torch),closed_form,999.9238521208897,0.0003844459845160385,7.614787911029453e-05
256,1000.0,10000,9,0.8805450297498881,1000.0445329646957,Banerjee (Torch),closed_form,1000.4288543556798,0.00038430427677536513,0.00042885435567984587
256,1000.0,10000,10,0.8805362022012465,999.9653444688677,Banerjee (Torch),closed_form,1000.3496576434904,0.00038432649366154154,0.00034965764349044546
256,1000.0,10000,11,0.8805335163089618,999.9412526888542,Banerjee (Torch),closed_form,1000.3255633635565,0.00038433325324751795,0.00032556336355651184
256,1000.0,10000,12,0.8804861172312075,999.516272259921,Banerjee (Torch),closed_form,999.900538818309,0.00038445252874083066,9.946118169102647e-05
256,1000.0,10000,13,0.880405221126763,998.7917320226775,Banerjee (Torch),closed_form,999.1759232912991,0.0003846560361924498,0.0008240767087008863
256,1000.0,10000,14,0.8806468730845026,1000.9589733039975,Banerjee (Torch),closed_form,1001.3433894910052,0.0003840478953285967,0.001343389491005155
256,1000.0,10000,15,0.8804778033360874,999.4417644215283,Banerjee (Torch),closed_form,999.8260232419872,0.0003844734472160674,0.00017397675801282731
256,1000.0,10000,16,0.8805922221766798,1000.4680755790519,Banerjee (Torch),closed_form,1000.8524408959579,0.0003841854890607863,0.0008524408959578977
256,1000.0,10000,17,0.8803872677554493,998.631066237376,Banerjee (Torch),closed_form,999.0152407974697,0.00038470119054195194,0.0009847592025303128
256,1000.0,10000,18,0.8806352269497844,1000.8543252351366,Banerjee (Torch),closed_form,1001.2387305815255,0.0003840772195280329,0.0012387305815254877
256,1000.0,10000,19,0.8806953876020717,1001.3951265730327,Banerjee (Torch),closed_form,1001.7795879200281,0.0003839257220185495,0.0017795879200281205
256,1000.0,10000,0,0.8806471587272026,1000.9615402442903,Sra two-step (CUSF),sra,1000.9615402440721,2.1795546863322715e-13,0.0009615402440721255
256,1000.0,10000,1,0.8803938813655429,998.6902462393571,Sra two-step (CUSF),sra,998.690246238267,1.0914589425294198e-12,0.0013097537617329635
256,1000.0,10000,2,0.8805188883459314,999.8100624618639,Sra two-step (CUSF),sra,999.8100624610713,7.927752103668594e-13,0.0001899375389286888
256,1000.0,10000,3,0.8804917041923328,999.5663475378049,Sra two-step (CUSF),sra,999.5663475369596,8.45628347275113e-13,0.0004336524630404028
256,1000.0,10000,4,0.8804794048085638,999.456115766862,Sra two-step (CUSF),sra,999.4561157659541,9.08397148931557e-13,0.0005438842340458904
256,1000.0,10000,5,0.880451175100563,999.2031957560245,Sra two-step (CUSF),sra,999.2031957552266,7.984904677237576e-13,0.0007968042447733979
256,1000.0,10000,6,0.8806482314147915,1000.9711801062501,Sra two-step (CUSF),sra,1000.9711801057094,5.401699978481026e-13,0.0009711801057094362
256,1000.0,10000,7,0.8805546861643976,1000.1311702403846,Sra two-step (CUSF),sra,1000.1311702411049,7.202253316742723e-13,0.00013117024110488273
256,1000.0,10000,8,0.8804887181200385,999.539583141786,Sra two-step (CUSF),sra,999.539583140934,8.523616035373534e-13,0.0004604168590659583
256,1000.0,10000,9,0.8805450297498881,1000.0445329646957,Sra two-step (CUSF),sra,1000.0445329645393,1.5642612258594904e-13,4.4532964539257593e-05
256,1000.0,10000,10,0.8805362022012465,999.9653444688677,Sra two-step (CUSF),sra,999.965344469327,4.593107420530494e-13,3.465553067303517e-05
256,1000.0,10000,11,0.8805335163089618,999.9412526888542,Sra two-step (CUSF),sra,999.9412526890566,2.0237446009985197e-13,5.874731094343133e-05
256,1000.0,10000,12,0.8804861172312075,999.516272259921,Sra two-step (CUSF),sra,999.516272260232,3.1108398111978166e-13,0.0004837277397680282
256,1000.0,10000,13,0.880405221126763,998.7917320226775,Sra two-step (CUSF),sra,998.7917320210128,1.6667302215111111e-12,0.0012082679789872373
256,1000.0,10000,14,0.8806468730845026,1000.9589733039975,Sra two-step (CUSF),sra,1000.9589733037093,2.8792002600567094e-13,0.0009589733037092856
256,1000.0,10000,15,0.8804778033360874,999.4417644215283,Sra two-step (CUSF),sra,999.4417644216519,1.2364661654390908e-13,0.0005582355783481035
256,1000.0,10000,16,0.8805922221766798,1000.4680755790519,Sra two-step (CUSF),sra,1000.4680755780378,1.01361214538493e-12,0.00046807557803776943
256,1000.0,10000,17,0.8803872677554493,998.631066237376,Sra two-step (CUSF),sra,998.631066237103,2.73336276627225e-13,0.0013689337628969725
256,1000.0,10000,18,0.8806352269497844,1000.8543252351366,Sra two-step (CUSF),sra,1000.8543252323269,2.8072581959336884e-12,0.0008543252323269144
256,1000.0,10000,19,0.8806953876020717,1001.3951265730327,Sra two-step (CUSF),sra,1001.39512657309,5.721833938595233e-14,0.0013951265730900103
256,1000.0,10000,0,0.8806471587272026,1000.9615402442903,Converged Newton (CUSF),converged,1000.9615402440721,2.1795546863322715e-13,0.0009615402440721255
256,1000.0,10000,1,0.8803938813655429,998.6902462393571,Converged Newton (CUSF),converged,998.690246238267,1.0914589425294198e-12,0.0013097537617329635
256,1000.0,10000,2,0.8805188883459314,999.8100624618639,Converged Newton (CUSF),converged,999.8100624610713,7.927752103668594e-13,0.0001899375389286888
256,1000.0,10000,3,0.8804917041923328,999.5663475378049,Converged Newton (CUSF),converged,999.5663475369596,8.45628347275113e-13,0.0004336524630404028
256,1000.0,10000,4,0.8804794048085638,999.456115766862,Converged Newton (CUSF),converged,999.4561157659541,9.08397148931557e-13,0.0005438842340458904
256,1000.0,10000,5,0.880451175100563,999.2031957560245,Converged Newton (CUSF),converged,999.2031957552266,7.984904677237576e-13,0.0007968042447733979
256,1000.0,10000,6,0.8806482314147915,1000.9711801062501,Converged Newton (CUSF),converged,1000.9711801057094,5.401699978481026e-13,0.0009711801057094362
256,1000.0,10000,7,0.8805546861643976,1000.1311702403846,Converged Newton (CUSF),converged,1000.1311702411049,7.202253316742723e-13,0.00013117024110488273
256,1000.0,10000,8,0.8804887181200385,999.539583141786,Converged Newton (CUSF),converged,999.539583140934,8.523616035373534e-13,0.0004604168590659583
256,1000.0,10000,9,0.8805450297498881,1000.0445329646957,Converged Newton (CUSF),converged,1000.0445329645393,1.5642612258594904e-13,4.4532964539257593e-05
256,1000.0,10000,10,0.8805362022012465,999.9653444688677,Converged Newton (CUSF),converged,999.965344469327,4.593107420530494e-13,3.465553067303517e-05
256,1000.0,10000,11,0.8805335163089618,999.9412526888542,Converged Newton (CUSF),converged,999.9412526890566,2.0237446009985197e-13,5.874731094343133e-05
256,1000.0,10000,12,0.8804861172312075,999.516272259921,Converged Newton (CUSF),converged,999.516272260232,3.1108398111978166e-13,0.0004837277397680282
256,1000.0,10000,13,0.880405221126763,998.7917320226775,Converged Newton (CUSF),converged,998.7917320210128,1.6667302215111111e-12,0.0012082679789872373
256,1000.0,10000,14,0.8806468730845026,1000.9589733039975,Converged Newton (CUSF),converged,1000.9589733037093,2.8792002600567094e-13,0.0009589733037092856
256,1000.0,10000,15,0.8804778033360874,999.4417644215283,Converged Newton (CUSF),converged,999.4417644216519,1.2364661654390908e-13,0.0005582355783481035
256,1000.0,10000,16,0.8805922221766798,1000.4680755790519,Converged Newton (CUSF),converged,1000.4680755780378,1.01361214538493e-12,0.00046807557803776943
256,1000.0,10000,17,0.8803872677554493,998.631066237376,Converged Newton (CUSF),converged,998.631066237103,2.73336276627225e-13,0.0013689337628969725
256,1000.0,10000,18,0.8806352269497844,1000.8543252351366,Converged Newton (CUSF),converged,1000.8543252323269,2.8072581959336884e-12,0.0008543252323269144
256,1000.0,10000,19,0.8806953876020717,1001.3951265730327,Converged Newton (CUSF),converged,1001.39512657309,5.721833938595233e-14,0.0013951265730900103
256,1000.0,10000,0,0.8806471587272026,1000.9615402442903,SciPy Brent,reference,1000.9615402442734,1.6923066610917585e-14,0.0009615402442733512
256,1000.0,10000,1,0.8803938813655429,998.6902462393571,SciPy Brent,reference,998.6902462391922,1.6506210540964317e-13,0.0013097537608077801
256,1000.0,10000,2,0.8805188883459314,999.8100624618639,SciPy Brent,reference,999.8100624619206,5.662680074048995e-14,0.00018993753807944813
256,1000.0,10000,3,0.8804917041923328,999.5663475378049,SciPy Brent,reference,999.5663475378036,1.2510977565603556e-15,0.00043365246219639176
256,1000.0,10000,4,0.8804794048085638,999.456115766862,SciPy Brent,reference,999.4561157670043,1.4241337721792002e-13,0.0005438842329956514
256,1000.0,10000,5,0.880451175100563,999.2031957560245,SciPy Brent,reference,999.2031957559996,2.491727164883199e-14,0.0007968042440004411
256,1000.0,10000,6,0.8806482314147915,1000.9711801062501,SciPy Brent,reference,1000.9711801061256,1.243663052236485e-13,0.0009711801061256437
256,1000.0,10000,7,0.8805546861643976,1000.1311702403846,SciPy Brent,reference,1000.1311702403619,2.2620713542168594e-14,0.00013117024036193926
256,1000.0,10000,8,0.8804887181200385,999.539583141786,SciPy Brent,reference,999.5395831417126,7.347552653924877e-14,0.0004604168582874308
256,1000.0,10000,9,0.8805450297498881,1000.0445329646957,SciPy Brent,reference,1000.0445329650023,3.0659974753946557e-13,4.453296500230408e-05
256,1000.0,10000,10,0.8805362022012465,999.9653444688677,SciPy Brent,reference,999.9653444689484,8.072045219249135e-14,3.4655531051612345e-05
256,1000.0,10000,11,0.8805335163089618,999.9412526888542,SciPy Brent,reference,999.9412526888963,4.2066601256710804e-14,5.874731110372977e-05
256,1000.0,10000,12,0.8804861172312075,999.516272259921,SciPy Brent,reference,999.5162722598265,9.463322570078916e-14,0.0004837277401735491
256,1000.0,10000,13,0.880405221126763,998.7917320226775,SciPy Brent,reference,998.7917320225677,1.0995433954652279e-13,0.0012082679774323424
256,1000.0,10000,14,0.8806468730845026,1000.9589733039975,SciPy Brent,reference,1000.9589733038559,1.4140450981343603e-13,0.0009589733038559416
256,1000.0,10000,15,0.8804778033360874,999.4417644215283,SciPy Brent,reference,999.4417644215089,1.945130766238128e-14,0.0005582355784911215
256,1000.0,10000,16,0.8805922221766798,1000.4680755790519,SciPy Brent,reference,1000.4680755791233,7.136193131185382e-14,0.0004680755791232514
256,1000.0,10000,17,0.8803872677554493,998.631066237376,SciPy Brent,reference,998.6310662374456,6.967172065633558e-14,0.001368933762554434
256,1000.0,10000,18,0.8806352269497844,1000.8543252351366,SciPy Brent,reference,1000.854325235196,5.940746283375088e-14,0.0008543252351960291
256,1000.0,10000,19,0.8806953876020717,1001.3951265730327,SciPy Brent,reference,1001.3951265729382,9.434214291612378e-14,0.0013951265729382385
256,1000.0,10000,0,0.8806471587272026,1000.9615402442903,Direct likelihood,reference,1000.9615080230999,3.2190238185432415e-08,0.0009615080230998956
256,1000.0,10000,1,0.8803938813655429,998.6902462393571,Direct likelihood,reference,998.6902647979978,1.8582979831932585e-08,0.0013097352020022299
256,1000.0,10000,2,0.8805188883459314,999.8100624618639,Direct likelihood,reference,999.8100958753013,3.341978500778334e-08,0.00018990412469872809
256,1000.0,10000,3,0.8804917041923328,999.5663475378049,Direct likelihood,reference,999.5663512958491,3.759674664392642e-09,0.000433648704150869
256,1000.0,10000,4,0.8804794048085638,999.456115766862,Direct likelihood,reference,999.4561343205153,1.8563749793463493e-08,0.0005438656794847247
256,1000.0,10000,5,0.880451175100563,999.2031957560245,Direct likelihood,reference,999.2032254551189,2.9722777633344563e-08,0.0007967745448811456
256,1000.0,10000,6,0.8806482314147915,1000.9711801062501,Direct likelihood,reference,1000.9712135183042,3.3379636469446374e-08,0.0009712135183042392
256,1000.0,10000,7,0.8805546861643976,1000.1311702403846,Direct likelihood,reference,1000.1311591160905,1.1122835034337176e-08,0.00013115911609054364
256,1000.0,10000,8,0.8804887181200385,999.539583141786,Direct likelihood,reference,999.5396165561524,3.342975800908518e-08,0.0004603834438476042
256,1000.0,10000,9,0.8805450297498881,1000.0445329646957,Direct likelihood,reference,1000.0445366687327,3.703872054493769e-09,4.453666873268958e-05
256,1000.0,10000,10,0.8805362022012465,999.9653444688677,Direct likelihood,reference,999.9653481735669,3.7048276174957753e-09,3.465182643310527e-05
256,1000.0,10000,11,0.8805335163089618,999.9412526888542,Direct likelihood,reference,999.941256409676,3.721040438425688e-09,5.87435903239566e-05
256,1000.0,10000,12,0.8804861172312075,999.516272259921,Direct likelihood,reference,999.5162611623284,1.1102963430488797e-08,0.00048373883767158075
256,1000.0,10000,13,0.880405221126763,998.7917320226775,Direct likelihood,reference,998.7917765313973,4.456256335692338e-08,0.0012082234686026823
256,1000.0,10000,14,0.8806468730845026,1000.9589733039975,Direct likelihood,reference,1000.958991844308,1.8522547891670423e-08,0.0009589918443080023
256,1000.0,10000,15,0.8804778033360874,999.4417644215283,Direct likelihood,reference,999.4417829965435,1.8585390159164263e-08,0.0005582170034565479
256,1000.0,10000,16,0.8805922221766798,1000.4680755790519,Direct likelihood,reference,1000.4681053329318,2.973995942266704e-08,0.0004681053329318274
256,1000.0,10000,17,0.8803872677554493,998.631066237376,Direct likelihood,reference,998.6310847907315,1.8578788647863634e-08,0.0013689152092684934
256,1000.0,10000,18,0.8806352269497844,1000.8543252351366,Direct likelihood,reference,1000.8543289623437,3.7240256431494997e-09,0.0008543289623437431
256,1000.0,10000,19,0.8806953876020717,1001.3951265730327,Direct likelihood,reference,1001.3951302868444,3.7086376605676676e-09,0.0013951302868443918
1024,1.0,10000,0,0.009989990648008575,10.23076946354788,Banerjee,closed_form,10.230770456563576,9.70616823960222e-08,9.230770456563576
1024,1.0,10000,1,0.010042208211582243,10.284256312932682,Banerjee,closed_form,10.284257321600318,9.807881151870571e-08,9.284257321600318
1024,1.0,10000,2,0.01043829020124302,10.689971652970652,Banerjee,closed_form,10.6899727857493,1.0596647816716902e-07,9.6899727857493
1024,1.0,10000,3,0.010156082298091507,10.400898993631753,Banerjee,closed_form,10.400900037001097,1.0031530402695701e-07,9.400900037001097
1024,1.0,10000,4,0.010128837478668936,10.372991704070907,Banerjee,closed_form,10.372992739066458,9.97779213677657e-08,9.372992739066458
1024,1.0,10000,5,0.009246449478477189,9.469172272284737,Banerjee,closed_form,9.469173059678528,8.3153391702676e-08,8.469173059678528
1024,1.0,10000,6,0.009842451748266935,10.079645141268797,Banerjee,closed_form,10.079646090937233,9.421645534384443e-08,9.079646090937233
1024,1.0,10000,7,0.010235498813980037,10.48224682242353,Banerjee,closed_form,10.482247890459261,1.0188996205297953e-07,9.482247890459261
1024,1.0,10000,8,0.009685107767684355,9.918478907206607,Banerjee,closed_form,9.918479812057054,9.122875145269833e-08,8.918479812057054
1024,1.0,10000,9,0.010104820730095651,10.348391015616068,Banerjee,closed_form,10.34839204326724,9.930540600172429e-08,9.34839204326724
1024,1.0,10000,10,0.010070333890489204,10.313065730300277,Banerjee,closed_form,10.313066747466173,9.86288580912747e-08,9.313066747466173
1024,1.0,10000,11,0.010041747952232937,10.283784865031727,Banerjee,closed_form,10.28378587356069,9.80698231915072e-08,9.28378587356069
1024,1.0,10000,12,0.010088552097387592,10.331726849954048,Banerjee,closed_form,10.33172787265002,9.898596693514432e-08,9.33172787265002
1024,1.0,10000,13,0.010048394362398797,10.29059284559586,Banerjee,closed_form,10.290593856128583,9.819966036477646e-08,9.290593856128583
1024,1.0,10000,14,0.010206352735230196,10.452391900716776,Banerjee,closed_form,10.452392959655235,1.0131063480553668e-07,9.452392959655235
1024,1.0,10000,15,0.010222013385690653,10.468433417121728,Banerjee,closed_form,10.46843448094185,1.0162171161462441e-07,9.46843448094185
1024,1.0,10000,16,0.010052419983638103,10.294716328689905,Banerjee,closed_form,10.294717340437565,9.827834275084071e-08,9.294717340437565
1024,1.0,10000,17,0.010473357320722125,10.725892139602257,Banerjee,closed_form,10.725893283835081,1.0667950126232852e-07,9.725893283835081
1024,1.0,10000,18,0.010118876042078784,10.3627880621535,Banerjee,closed_form,10.362789094098586,9.958179976645706e-08,9.362789094098586
1024,1.0,10000,19,0.01008793518999054,10.33109494424933,Banerjee,closed_form,10.331095966757717,9.897386412686709e-08,9.331095966757717
1024,1.0,10000,0,0.009989990648008575,10.23076946354788,Sra two-step (SciPy),sra,,,
1024,1.0,10000,1,0.010042208211582243,10.284256312932682,Sra two-step (SciPy),sra,,,
1024,1.0,10000,2,0.01043829020124302,10.689971652970652,Sra two-step (SciPy),sra,,,
1024,1.0,10000,3,0.010156082298091507,10.400898993631753,Sra two-step (SciPy),sra,,,
1024,1.0,10000,4,0.010128837478668936,10.372991704070907,Sra two-step (SciPy),sra,,,
1024,1.0,10000,5,0.009246449478477189,9.469172272284737,Sra two-step (SciPy),sra,,,
1024,1.0,10000,6,0.009842451748266935,10.079645141268797,Sra two-step (SciPy),sra,,,
1024,1.0,10000,7,0.010235498813980037,10.48224682242353,Sra two-step (SciPy),sra,,,
1024,1.0,10000,8,0.009685107767684355,9.918478907206607,Sra two-step (SciPy),sra,,,
1024,1.0,10000,9,0.010104820730095651,10.348391015616068,Sra two-step (SciPy),sra,,,
1024,1.0,10000,10,0.010070333890489204,10.313065730300277,Sra two-step (SciPy),sra,,,
1024,1.0,10000,11,0.010041747952232937,10.283784865031727,Sra two-step (SciPy),sra,,,
1024,1.0,10000,12,0.010088552097387592,10.331726849954048,Sra two-step (SciPy),sra,,,
1024,1.0,10000,13,0.010048394362398797,10.29059284559586,Sra two-step (SciPy),sra,,,
1024,1.0,10000,14,0.010206352735230196,10.452391900716776,Sra two-step (SciPy),sra,,,
1024,1.0,10000,15,0.010222013385690653,10.468433417121728,Sra two-step (SciPy),sra,,,
1024,1.0,10000,16,0.010052419983638103,10.294716328689905,Sra two-step (SciPy),sra,,,
1024,1.0,10000,17,0.010473357320722125,10.725892139602257,Sra two-step (SciPy),sra,,,
1024,1.0,10000,18,0.010118876042078784,10.3627880621535,Sra two-step (SciPy),sra,,,
1024,1.0,10000,19,0.01008793518999054,10.33109494424933,Sra two-step (SciPy),sra,,,
1024,1.0,10000,0,0.009989990648008575,10.23076946354788,Converged Newton (SciPy),converged,10.220780465915567,0.0009763681674094344,9.220780465915567
1024,1.0,10000,1,0.010042208211582243,10.284256312932682,Converged Newton (SciPy),converged,10.274215113388735,0.000976366130754623,9.274215113388735
1024,1.0,10000,2,0.01043829020124302,10.689971652970652,Converged Newton (SciPy),converged,10.679534495548054,0.0009763503366911934,9.679534495548054
1024,1.0,10000,3,0.010156082298091507,10.400898993631753,Converged Newton (SciPy),converged,10.390743954703007,0.0009763616524844063,9.390743954703007
1024,1.0,10000,4,0.010128837478668936,10.372991704070907,Converged Newton (SciPy),converged,10.36286390158779,0.0009763627285214528,9.36286390158779
1024,1.0,10000,5,0.009246449478477189,9.469172272284737,Converged Newton (SciPy),converged,9.459926610200052,0.0009763960163389109,8.459926610200052
1024,1.0,10000,6,0.009842451748266935,10.079645141268797,Converged Newton (SciPy),converged,10.069803639188965,0.0009763738645458781,9.069803639188965
1024,1.0,10000,7,0.010235498813980037,10.48224682242353,Converged Newton (SciPy),converged,10.472012391645283,0.00097635849943487,9.472012391645283
1024,1.0,10000,8,0.009685107767684355,9.918478907206607,Converged Newton (SciPy),converged,9.908794704289368,0.0009763798469342117,8.908794704289368
1024,1.0,10000,9,0.010104820730095651,10.348391015616068,Converged Newton (SciPy),converged,10.338287222537144,0.0009763636746695523,9.338287222537144
1024,1.0,10000,10,0.010070333890489204,10.313065730300277,Converged Newton (SciPy),converged,10.302996413575684,0.0009763650293635528,9.302996413575684
1024,1.0,10000,11,0.010041747952232937,10.283784865031727,Converged Newton (SciPy),converged,10.273744125608456,0.0009763661487525808,9.273744125608456
1024,1.0,10000,12,0.010088552097387592,10.331726849954048,Converged Newton (SciPy),converged,10.321639320552633,0.0009763643143024457,9.321639320552633
1024,1.0,10000,13,0.010048394362398797,10.29059284559586,Converged Newton (SciPy),converged,10.280545461766184,0.00097636588877149,9.280545461766184
1024,1.0,10000,14,0.010206352735230196,10.452391900716776,Converged Newton (SciPy),converged,10.442186606920005,0.0009763596594642705,9.442186606920005
1024,1.0,10000,15,0.010222013385690653,10.468433417121728,Converged Newton (SciPy),converged,10.458212467556159,0.0009763590365730055,9.458212467556159
1024,1.0,10000,16,0.010052419983638103,10.294716328689905,Converged Newton (SciPy),converged,10.284664920453928,0.0009763657312213098,9.284664920453928
1024,1.0,10000,17,0.010473357320722125,10.725892139602257,Converged Newton (SciPy),converged,10.71541992651436,0.0009763489089389558,9.71541992651436
1024,1.0,10000,18,0.010118876042078784,10.3627880621535,Converged Newton (SciPy),converged,10.352670218056508,0.0009763631212283868,9.352670218056508
1024,1.0,10000,19,0.01008793518999054,10.33109494424933,Converged Newton (SciPy),converged,10.321008031567725,0.000976364338536941,9.321008031567725
1024,1.0,10000,0,0.009989990648008575,10.23076946354788,Banerjee (Torch),closed_form,10.230770456563576,9.70616823960222e-08,9.230770456563576
1024,1.0,10000,1,0.010042208211582243,10.284256312932682,Banerjee (Torch),closed_form,10.284257321600318,9.807881151870571e-08,9.284257321600318
1024,1.0,10000,2,0.01043829020124302,10.689971652970652,Banerjee (Torch),closed_form,10.6899727857493,1.0596647816716902e-07,9.6899727857493
1024,1.0,10000,3,0.010156082298091507,10.400898993631753,Banerjee (Torch),closed_form,10.400900037001097,1.0031530402695701e-07,9.400900037001097
1024,1.0,10000,4,0.010128837478668936,10.372991704070907,Banerjee (Torch),closed_form,10.372992739066458,9.97779213677657e-08,9.372992739066458
1024,1.0,10000,5,0.009246449478477189,9.469172272284737,Banerjee (Torch),closed_form,9.469173059678528,8.3153391702676e-08,8.469173059678528
1024,1.0,10000,6,0.009842451748266935,10.079645141268797,Banerjee (Torch),closed_form,10.079646090937233,9.421645534384443e-08,9.079646090937233
1024,1.0,10000,7,0.010235498813980037,10.48224682242353,Banerjee (Torch),closed_form,10.482247890459261,1.0188996205297953e-07,9.482247890459261
1024,1.0,10000,8,0.009685107767684355,9.918478907206607,Banerjee (Torch),closed_form,9.918479812057054,9.122875145269833e-08,8.918479812057054
1024,1.0,10000,9,0.010104820730095651,10.348391015616068,Banerjee (Torch),closed_form,10.34839204326724,9.930540600172429e-08,9.34839204326724
1024,1.0,10000,10,0.010070333890489204,10.313065730300277,Banerjee (Torch),closed_form,10.313066747466173,9.86288580912747e-08,9.313066747466173
1024,1.0,10000,11,0.010041747952232937,10.283784865031727,Banerjee (Torch),closed_form,10.28378587356069,9.80698231915072e-08,9.28378587356069
1024,1.0,10000,12,0.010088552097387592,10.331726849954048,Banerjee (Torch),closed_form,10.33172787265002,9.898596693514432e-08,9.33172787265002
1024,1.0,10000,13,0.010048394362398797,10.29059284559586,Banerjee (Torch),closed_form,10.290593856128583,9.819966036477646e-08,9.290593856128583
1024,1.0,10000,14,0.010206352735230196,10.452391900716776,Banerjee (Torch),closed_form,10.452392959655235,1.0131063480553668e-07,9.452392959655235
1024,1.0,10000,15,0.010222013385690653,10.468433417121728,Banerjee (Torch),closed_form,10.46843448094185,1.0162171161462441e-07,9.46843448094185
1024,1.0,10000,16,0.010052419983638103,10.294716328689905,Banerjee (Torch),closed_form,10.294717340437565,9.827834275084071e-08,9.294717340437565
1024,1.0,10000,17,0.010473357320722125,10.725892139602257,Banerjee (Torch),closed_form,10.725893283835081,1.0667950126232852e-07,9.725893283835081
1024,1.0,10000,18,0.010118876042078784,10.3627880621535,Banerjee (Torch),closed_form,10.362789094098586,9.958179976645706e-08,9.362789094098586
1024,1.0,10000,19,0.01008793518999054,10.33109494424933,Banerjee (Torch),closed_form,10.331095966757717,9.897386412686709e-08,9.331095966757717
1024,1.0,10000,0,0.009989990648008575,10.23076946354788,Sra two-step (CUSF),sra,10.230769463545048,2.767644029212708e-13,9.230769463545048
1024,1.0,10000,1,0.010042208211582243,10.284256312932682,Sra two-step (CUSF),sra,10.284256312930344,2.273072091475431e-13,9.284256312930344
1024,1.0,10000,2,0.01043829020124302,10.689971652970652,Sra two-step (CUSF),sra,10.689971652972183,1.4323888269034868e-13,9.689971652972183
1024,1.0,10000,3,0.010156082298091507,10.400898993631753,Sra two-step (CUSF),sra,10.400898993630179,1.5131885817488064e-13,9.400898993630179
1024,1.0,10000,4,0.010128837478668936,10.372991704070907,Sra two-step (CUSF),sra,10.37299170407301,2.0275794658396264e-13,9.37299170407301
1024,1.0,10000,5,0.009246449478477189,9.469172272284737,Sra two-step (CUSF),sra,9.469172272289924,5.477735352043831e-13,8.469172272289924
1024,1.0,10000,6,0.009842451748266935,10.079645141268797,Sra two-step (CUSF),sra,10.07964514126817,6.220992460746061e-14,9.07964514126817
1024,1.0,10000,7,0.010235498813980037,10.48224682242353,Sra two-step (CUSF),sra,10.48224682242414,5.812593485309822e-14,9.48224682242414
1024,1.0,10000,8,0.009685107767684355,9.918478907206607,Sra two-step (CUSF),sra,9.918478907201989,4.656487981322321e-13,8.918478907201989
1024,1.0,10000,9,0.010104820730095651,10.348391015616068,Sra two-step (CUSF),sra,10.348391015613796,2.1954721213804698e-13,9.348391015613796
1024,1.0,10000,10,0.010070333890489204,10.313065730300277,Sra two-step (CUSF),sra,10.313065730299732,5.2878703962259983e-14,9.313065730299732
1024,1.0,10000,11,0.010041747952232937,10.283784865031727,Sra two-step (CUSF),sra,10.283784865031796,6.736616687906183e-15,9.283784865031796
1024,1.0,10000,12,0.010088552097387592,10.331726849954048,Sra two-step (CUSF),sra,10.33172684994988,4.033530121106059e-13,9.33172684994988
1024,1.0,10000,13,0.010048394362398797,10.29059284559586,Sra two-step (CUSF),sra,10.290592845594594,1.2307769294695494e-13,9.290592845594594
1024,1.0,10000,14,0.010206352735230196,10.452391900716776,Sra two-step (CUSF),sra,10.45239190071393,2.722557366533544e-13,9.45239190071393
1024,1.0,10000,15,0.010222013385690653,10.468433417121728,Sra two-step (CUSF),sra,10.46843341712137,3.427676971914184e-14,9.46843341712137
1024,1.0,10000,16,0.010052419983638103,10.294716328689905,Sra two-step (CUSF),sra,10.294716328685674,4.1101491836733935e-13,9.294716328685674
1024,1.0,10000,17,0.010473357320722125,10.725892139602257,Sra two-step (CUSF),sra,10.725892139602513,2.3848401750115082e-14,9.725892139602513
1024,1.0,10000,18,0.010118876042078784,10.3627880621535,Sra two-step (CUSF),sra,10.362788062152186,1.26848494176674e-13,9.362788062152186
1024,1.0,10000,19,0.01008793518999054,10.33109494424933,Sra two-step (CUSF),sra,10.331094944248008,1.2792540342003566e-13,9.331094944248008
1024,1.0,10000,0,0.009989990648008575,10.23076946354788,Converged Newton (CUSF),converged,10.230769463549654,1.7345523119093449e-13,9.230769463549654
1024,1.0,10000,1,0.010042208211582243,10.284256312932682,Converged Newton (CUSF),converged,10.284256312928392,4.1713291040373604e-13,9.284256312928392
1024,1.0,10000,2,0.01043829020124302,10.689971652970652,Converged Newton (CUSF),converged,10.689971652974,3.1323119938666734e-13,9.689971652974
1024,1.0,10000,3,0.010156082298091507,10.400898993631753,Converged Newton (CUSF),converged,10.400898993630403,1.2979947202359965e-13,9.400898993630403
1024,1.0,10000,4,0.010128837478668936,10.372991704070907,Converged Newton (CUSF),converged,10.37299170407203,1.082289039198179e-13,9.37299170407203
1024,1.0,10000,5,0.009246449478477189,9.469172272284737,Converged Newton (CUSF),converged,9.469172272284167,6.021757013719416e-14,8.469172272284167
1024,1.0,10000,6,0.009842451748266935,10.079645141268797,Converged Newton (CUSF),converged,10.07964514126873,6.696819079556666e-15,9.07964514126873
1024,1.0,10000,7,0.010235498813980037,10.48224682242353,Converged Newton (CUSF),converged,10.482246822423916,3.677355062134785e-14,9.482246822423916
1024,1.0,10000,8,0.009685107767684355,9.918478907206607,Converged Newton (CUSF),converged,9.918478907202218,4.425454539172098e-13,8.918478907202218
1024,1.0,10000,9,0.010104820730095651,10.348391015616068,Converged Newton (CUSF),converged,10.348391015612302,3.63909374302314e-13,9.348391015612302
1024,1.0,10000,10,0.010070333890489204,10.313065730300277,Converged Newton (CUSF),converged,10.3130657302994,8.508820767868544e-14,9.3130657302994
1024,1.0,10000,11,0.010041747952232937,10.283784865031727,Converged Newton (CUSF),converged,10.283784865031546,1.7618843645293094e-14,9.283784865031546
1024,1.0,10000,12,0.010088552097387592,10.331726849954048,Converged Newton (CUSF),converged,10.331726849952467,1.5301968490129552e-13,9.331726849952467
1024,1.0,10000,13,0.010048394362398797,10.29059284559586,Converged Newton (CUSF),converged,10.290592845594777,1.0529788597144812e-13,9.290592845594777
1024,1.0,10000,14,0.010206352735230196,10.452391900716776,Converged Newton (CUSF),converged,10.452391900712053,4.5189013967619813e-13,9.452391900712053
1024,1.0,10000,15,0.010222013385690653,10.468433417121728,Converged Newton (CUSF),converged,10.4684334171201,1.5560295956659935e-13,9.4684334171201
1024,1.0,10000,16,0.010052419983638103,10.294716328689905,Converged Newton (CUSF),converged,10.294716328687233,2.595157167189246e-13,9.294716328687233
1024,1.0,10000,17,0.010473357320722125,10.725892139602257,Converged Newton (CUSF),converged,10.725892139605635,3.1499763978277006e-13,9.725892139605635
1024,1.0,10000,18,0.010118876042078784,10.3627880621535,Converged Newton (CUSF),converged,10.362788062150322,3.0666480551631056e-13,9.362788062150322
1024,1.0,10000,19,0.01008793518999054,10.33109494424933,Converged Newton (CUSF),converged,10.331094944245406,3.7982152708986395e-13,9.331094944245406
1024,1.0,10000,0,0.009989990648008575,10.23076946354788,SciPy Brent,reference,,,
1024,1.0,10000,1,0.010042208211582243,10.284256312932682,SciPy Brent,reference,,,
1024,1.0,10000,2,0.01043829020124302,10.689971652970652,SciPy Brent,reference,,,
1024,1.0,10000,3,0.010156082298091507,10.400898993631753,SciPy Brent,reference,,,
1024,1.0,10000,4,0.010128837478668936,10.372991704070907,SciPy Brent,reference,,,
1024,1.0,10000,5,0.009246449478477189,9.469172272284737,SciPy Brent,reference,,,
1024,1.0,10000,6,0.009842451748266935,10.079645141268797,SciPy Brent,reference,,,
1024,1.0,10000,7,0.010235498813980037,10.48224682242353,SciPy Brent,reference,,,
1024,1.0,10000,8,0.009685107767684355,9.918478907206607,SciPy Brent,reference,,,
1024,1.0,10000,9,0.010104820730095651,10.348391015616068,SciPy Brent,reference,,,
1024,1.0,10000,10,0.010070333890489204,10.313065730300277,SciPy Brent,reference,,,
1024,1.0,10000,11,0.010041747952232937,10.283784865031727,SciPy Brent,reference,,,
1024,1.0,10000,12,0.010088552097387592,10.331726849954048,SciPy Brent,reference,,,
1024,1.0,10000,13,0.010048394362398797,10.29059284559586,SciPy Brent,reference,,,
1024,1.0,10000,14,0.010206352735230196,10.452391900716776,SciPy Brent,reference,,,
1024,1.0,10000,15,0.010222013385690653,10.468433417121728,SciPy Brent,reference,,,
1024,1.0,10000,16,0.010052419983638103,10.294716328689905,SciPy Brent,reference,,,
1024,1.0,10000,17,0.010473357320722125,10.725892139602257,SciPy Brent,reference,,,
1024,1.0,10000,18,0.010118876042078784,10.3627880621535,SciPy Brent,reference,,,
1024,1.0,10000,19,0.01008793518999054,10.33109494424933,SciPy Brent,reference,,,
1024,1.0,10000,0,0.009989990648008575,10.23076946354788,Direct likelihood,reference,10.230771298967916,1.7940195436322935e-07,9.230771298967916
1024,1.0,10000,1,0.010042208211582243,10.284256312932682,Direct likelihood,reference,10.284258178914303,1.8144059860858517e-07,9.284258178914303
1024,1.0,10000,2,0.01043829020124302,10.689971652970652,Direct likelihood,reference,10.689973761568506,1.972500884937663e-07,9.689973761568506
1024,1.0,10000,3,0.010156082298091507,10.400898993631753,Direct likelihood,reference,10.400900927400619,1.8592324251094978e-07,9.400900927400619
1024,1.0,10000,4,0.010128837478668936,10.372991704070907,Direct likelihood,reference,10.372993621478532,1.848461542605584e-07,9.372993621478532
1024,1.0,10000,5,0.009246449478477189,9.469172272284737,Direct likelihood,reference,9.469173707108911,1.5152582853939427e-07,8.469173707108911
1024,1.0,10000,6,0.009842451748266935,10.079645141268797,Direct likelihood,reference,10.079646892095637,1.7369925383425105e-07,9.079646892095637
1024,1.0,10000,7,0.010235498813980037,10.48224682242353,Direct likelihood,reference,10.48224880440017,1.890793713670207e-07,9.48224880440017
1024,1.0,10000,8,0.009685107767684355,9.918478907206607,Direct likelihood,reference,9.918480570644853,1.6771102316958917e-07,8.918480570644853
1024,1.0,10000,9,0.010104820730095651,10.348391015616068,Direct likelihood,reference,10.34839291867568,1.838990824029127e-07,9.34839291867568
1024,1.0,10000,10,0.010070333890489204,10.313065730300277,Direct likelihood,reference,10.313067612878905,1.8254306501386685e-07,9.313067612878905
1024,1.0,10000,11,0.010041747952232937,10.283784865031727,Direct likelihood,reference,10.28378673074254,1.81422582929927e-07,9.28378673074254
1024,1.0,10000,12,0.010088552097387592,10.331726849954048,Direct likelihood,reference,10.33172874333417,1.8325882484400447e-07,9.33172874333417
1024,1.0,10000,13,0.010048394362398797,10.29059284559586,Direct likelihood,reference,10.290594715219767,1.8168281793005287e-07,9.290594715219767
1024,1.0,10000,14,0.010206352735230196,10.452391900716776,Direct likelihood,reference,10.452393864911544,1.879182091888671e-07,9.452393864911544
1024,1.0,10000,15,0.010222013385690653,10.468433417121728,Direct likelihood,reference,10.468435390858053,1.8854170876921182e-07,9.468435390858053
1024,1.0,10000,16,0.010052419983638103,10.294716328689905,Direct likelihood,reference,10.294718200686496,1.8184052204538821e-07,9.294718200686496
1024,1.0,10000,17,0.010473357320722125,10.725892139602257,Direct likelihood,reference,10.725894270614303,1.9867923508833223e-07,9.725894270614303
1024,1.0,10000,18,0.010118876042078784,10.3627880621535,Direct likelihood,reference,10.362789973601512,1.8445306417176903e-07,9.362789973601512
1024,1.0,10000,19,0.01008793518999054,10.33109494424933,Direct likelihood,reference,10.331096837263033,1.8323456645594968e-07,9.331096837263033
1024,10.0,10000,0,0.013993173594510784,14.33181058871576,Banerjee,closed_form,14.331813317495566,1.9040021424149838e-07,0.43318133174955664
1024,10.0,10000,1,0.014005835877576856,14.344784377779167,Banerjee,closed_form,14.34478711397246,1.9074481854965821e-07,0.43447871139724603
1024,10.0,10000,2,0.013759170568367757,14.092053297405318,Banerjee,closed_form,14.092055891580895,1.8408783459918913e-07,0.40920558915808947
1024,10.0,10000,3,0.013271362356270307,13.592264380534479,Banerjee,closed_form,13.592266708490442,1.712706505653695e-07,0.3592266708490442
1024,10.0,10000,4,0.013913262296565379,14.249933702617895,Banerjee,closed_form,14.249936384920048,1.8823260576585057e-07,0.4249936384920048
1024,10.0,10000,5,0.013675028993774698,14.005843768578082,Banerjee,closed_form,14.005846315457344,1.8184404340344938e-07,0.40058463154573437
1024,10.0,10000,6,0.013850787863226981,14.185922957727527,Banerjee,closed_form,14.185925604063344,1.865466085663014e-07,0.4185925604063344
1024,10.0,10000,7,0.0140442616711802,14.38415557229303,Banerjee,closed_form,14.38415833106594,1.9179248276390244e-07,0.43841583310659404
1024,10.0,10000,8,0.014053290352041125,14.393406406848062,Banerjee,closed_form,14.393409170944325,1.9203906189705715e-07,0.43934091709443257
1024,10.0,10000,9,0.013863601750955827,14.19905192524614,Banerjee,closed_form,14.199054578932504,1.868917993930622e-07,0.4199054578932504
1024,10.0,10000,10,0.014522972131480323,14.874654662945128,Banerjee,closed_form,14.874657713507302,2.050845712755906e-07,0.4874657713507302
1024,10.0,10000,11,0.013937842173646334,14.27511811579813,Banerjee,closed_form,14.275120812339669,1.888980194432789e-07,0.4275120812339669
1024,10.0,10000,12,0.013891479909340754,14.227615625987168,Banerjee,closed_form,14.227618295712514,1.8764390435223532e-07,0.42276182957125136
1024,10.0,10000,13,0.01415396117972338,14.496554750902265,Banerjee,closed_form,14.496557574819038,1.947991658592746e-07,0.4496557574819038
1024,10.0,10000,14,0.014343969246889774,14.691241333872851,Banerjee,closed_form,14.69124427303546,2.0006223725409918e-07,0.46912442730354603
1024,10.0,10000,15,0.013989283267181647,14.327824557849173,Banerjee,closed_form,14.32782728435397,1.9029440142331114e-07,0.43278272843539706
1024,10.0,10000,16,0.013936196124560691,14.273431580922288,Banerjee,closed_form,14.273434276508683,1.888534217447639e-07,0.42734342765086825
1024,10.0,10000,17,0.014166356940448748,14.50925563293409,Banerjee,closed_form,14.509258464275778,1.9514038203994737e-07,0.45092584642757777
1024,10.0,10000,18,0.01380701941253173,14.141078392815768,Banerjee,closed_form,14.141081014146659,1.8536994267346528e-07,0.41410810141466586
1024,10.0,10000,19,0.014166767719351532,14.509676523376754,Banerjee,closed_form,14.509679354964716,1.9515169458645186e-07,0.4509679354964716
1024,10.0,10000,0,0.013993173594510784,14.33181058871576,Sra two-step (SciPy),sra,,,
1024,10.0,10000,1,0.014005835877576856,14.344784377779167,Sra two-step (SciPy),sra,,,
1024,10.0,10000,2,0.013759170568367757,14.092053297405318,Sra two-step (SciPy),sra,,,
1024,10.0,10000,3,0.013271362356270307,13.592264380534479,Sra two-step (SciPy),sra,,,
1024,10.0,10000,4,0.013913262296565379,14.249933702617895,Sra two-step (SciPy),sra,,,
1024,10.0,10000,5,0.013675028993774698,14.005843768578082,Sra two-step (SciPy),sra,,,
1024,10.0,10000,6,0.013850787863226981,14.185922957727527,Sra two-step (SciPy),sra,,,
1024,10.0,10000,7,0.0140442616711802,14.38415557229303,Sra two-step (SciPy),sra,,,
1024,10.0,10000,8,0.014053290352041125,14.393406406848062,Sra two-step (SciPy),sra,,,
1024,10.0,10000,9,0.013863601750955827,14.19905192524614,Sra two-step (SciPy),sra,,,
1024,10.0,10000,10,0.014522972131480323,14.874654662945128,Sra two-step (SciPy),sra,,,
1024,10.0,10000,11,0.013937842173646334,14.27511811579813,Sra two-step (SciPy),sra,,,
1024,10.0,10000,12,0.013891479909340754,14.227615625987168,Sra two-step (SciPy),sra,,,
1024,10.0,10000,13,0.01415396117972338,14.496554750902265,Sra two-step (SciPy),sra,,,
1024,10.0,10000,14,0.014343969246889774,14.691241333872851,Sra two-step (SciPy),sra,,,
1024,10.0,10000,15,0.013989283267181647,14.327824557849173,Sra two-step (SciPy),sra,,,
1024,10.0,10000,16,0.013936196124560691,14.273431580922288,Sra two-step (SciPy),sra,,,
1024,10.0,10000,17,0.014166356940448748,14.50925563293409,Sra two-step (SciPy),sra,,,
1024,10.0,10000,18,0.01380701941253173,14.141078392815768,Sra two-step (SciPy),sra,,,
1024,10.0,10000,19,0.014166767719351532,14.509676523376754,Sra two-step (SciPy),sra,,,
1024,10.0,10000,0,0.013993173594510784,14.33181058871576,Converged Newton (SciPy),converged,14.317820143901056,0.0009761812527524868,0.43178201439010555
1024,10.0,10000,1,0.014005835877576856,14.344784377779167,Converged Newton (SciPy),converged,14.330781278094882,0.000976180562600588,0.43307812780948823
1024,10.0,10000,2,0.013759170568367757,14.092053297405318,Converged Newton (SciPy),converged,14.078296721012528,0.0009761938947054066,0.40782967210125276
1024,10.0,10000,3,0.013271362356270307,13.592264380534479,Converged Newton (SciPy),converged,13.578995346134171,0.0009762195634827639,0.3578995346134171
1024,10.0,10000,4,0.013913262296565379,14.249933702617895,Converged Newton (SciPy),converged,14.236023122623482,0.0009761855938920639,0.42360231226234824
1024,10.0,10000,5,0.013675028993774698,14.005843768578082,Converged Newton (SciPy),converged,13.992171286463568,0.0009761983883603896,0.39921712864635683
1024,10.0,10000,6,0.013850787863226981,14.185922957727527,Converged Newton (SciPy),converged,14.172074816200116,0.0009761889704799152,0.4172074816200116
1024,10.0,10000,7,0.0140442616711802,14.38415557229303,Converged Newton (SciPy),converged,14.37011406939476,0.000976178464401356,0.43701140693947593
1024,10.0,10000,8,0.014053290352041125,14.393406406848062,Converged Newton (SciPy),converged,14.379355880592284,0.0009761779705666348,0.4379355880592284
1024,10.0,10000,9,0.013863601750955827,14.19905192524614,Converged Newton (SciPy),converged,14.185190977181549,0.0009761882791587301,0.4185190977181549
1024,10.0,10000,10,0.014522972131480323,14.874654662945128,Converged Newton (SciPy),converged,14.860134741375822,0.000976151843408999,0.48601347413758217
1024,10.0,10000,11,0.013937842173646334,14.27511811579813,Converged Newton (SciPy),converged,14.261182970166022,0.0009761842612486273,0.4261182970166022
1024,10.0,10000,12,0.013891479909340754,14.227615625987168,Converged Newton (SciPy),converged,14.213726815803172,0.0009761867729001397,0.4213726815803172
1024,10.0,10000,13,0.01415396117972338,14.496554750902265,Converged Newton (SciPy),converged,14.482403613639313,0.0009761724427709616,0.4482403613639313
1024,10.0,10000,14,0.014343969246889774,14.691241333872851,Converged Newton (SciPy),converged,14.676900303788571,0.0009761619020725299,0.4676900303788571
1024,10.0,10000,15,0.013989283267181647,14.327824557849173,Converged Newton (SciPy),converged,14.31383800108679,0.000976181464667691,0.431383800108679
1024,10.0,10000,16,0.013936196124560691,14.273431580922288,Converged Newton (SciPy),converged,14.259498080384123,0.0009761843505656128,0.4259498080384123
1024,10.0,10000,17,0.014166356940448748,14.50925563293409,Converged Newton (SciPy),converged,14.495092107335328,0.0009761717593984168,0.4495092107335328
1024,10.0,10000,18,0.01380701941253173,14.141078392815768,Converged Newton (SciPy),converged,14.127273994734127,0.0009761913270103995,0.4127273994734127
1024,10.0,10000,19,0.014166767719351532,14.509676523376754,Converged Newton (SciPy),converged,14.495512587245363,0.0009761717367421163,0.44955125872453633
1024,10.0,10000,0,0.013993173594510784,14.33181058871576,Banerjee (Torch),closed_form,14.331813317495566,1.9040021424149838e-07,0.43318133174955664
1024,10.0,10000,1,0.014005835877576856,14.344784377779167,Banerjee (Torch),closed_form,14.34478711397246,1.9074481854965821e-07,0.43447871139724603
1024,10.0,10000,2,0.013759170568367757,14.092053297405318,Banerjee (Torch),closed_form,14.092055891580895,1.8408783459918913e-07,0.40920558915808947
1024,10.0,10000,3,0.013271362356270307,13.592264380534479,Banerjee (Torch),closed_form,13.592266708490442,1.712706505653695e-07,0.3592266708490442
1024,10.0,10000,4,0.013913262296565379,14.249933702617895,Banerjee (Torch),closed_form,14.249936384920048,1.8823260576585057e-07,0.4249936384920048
1024,10.0,10000,5,0.013675028993774698,14.005843768578082,Banerjee (Torch),closed_form,14.005846315457344,1.8184404340344938e-07,0.40058463154573437
1024,10.0,10000,6,0.013850787863226981,14.185922957727527,Banerjee (Torch),closed_form,14.185925604063344,1.865466085663014e-07,0.4185925604063344
1024,10.0,10000,7,0.0140442616711802,14.38415557229303,Banerjee (Torch),closed_form,14.38415833106594,1.9179248276390244e-07,0.43841583310659404
1024,10.0,10000,8,0.014053290352041125,14.393406406848062,Banerjee (Torch),closed_form,14.393409170944325,1.9203906189705715e-07,0.43934091709443257
1024,10.0,10000,9,0.013863601750955827,14.19905192524614,Banerjee (Torch),closed_form,14.199054578932504,1.868917993930622e-07,0.4199054578932504
1024,10.0,10000,10,0.014522972131480323,14.874654662945128,Banerjee (Torch),closed_form,14.874657713507302,2.050845712755906e-07,0.4874657713507302
1024,10.0,10000,11,0.013937842173646334,14.27511811579813,Banerjee (Torch),closed_form,14.275120812339669,1.888980194432789e-07,0.4275120812339669
1024,10.0,10000,12,0.013891479909340754,14.227615625987168,Banerjee (Torch),closed_form,14.227618295712514,1.8764390435223532e-07,0.42276182957125136
1024,10.0,10000,13,0.01415396117972338,14.496554750902265,Banerjee (Torch),closed_form,14.496557574819038,1.947991658592746e-07,0.4496557574819038
1024,10.0,10000,14,0.014343969246889774,14.691241333872851,Banerjee (Torch),closed_form,14.69124427303546,2.0006223725409918e-07,0.46912442730354603
1024,10.0,10000,15,0.013989283267181647,14.327824557849173,Banerjee (Torch),closed_form,14.32782728435397,1.9029440142331114e-07,0.43278272843539706
1024,10.0,10000,16,0.013936196124560691,14.273431580922288,Banerjee (Torch),closed_form,14.273434276508683,1.888534217447639e-07,0.42734342765086825
1024,10.0,10000,17,0.014166356940448748,14.50925563293409,Banerjee (Torch),closed_form,14.509258464275778,1.9514038203994737e-07,0.45092584642757777
1024,10.0,10000,18,0.01380701941253173,14.141078392815768,Banerjee (Torch),closed_form,14.141081014146659,1.8536994267346528e-07,0.41410810141466586
1024,10.0,10000,19,0.014166767719351532,14.509676523376754,Banerjee (Torch),closed_form,14.509679354964716,1.9515169458645186e-07,0.4509679354964716
1024,10.0,10000,0,0.013993173594510784,14.33181058871576,Sra two-step (CUSF),sra,14.331810588715165,4.15215884633323e-14,0.4331810588715165
1024,10.0,10000,1,0.014005835877576856,14.344784377779167,Sra two-step (CUSF),sra,14.344784377785276,4.258614845518667e-13,0.43447843777852757
1024,10.0,10000,2,0.013759170568367757,14.092053297405318,Sra two-step (CUSF),sra,14.092053297399458,4.1585147951863256e-13,0.4092053297399458
1024,10.0,10000,3,0.013271362356270307,13.592264380534479,Sra two-step (CUSF),sra,13.592264380536363,1.3866082602857335e-13,0.35922643805363635
1024,10.0,10000,4,0.013913262296565379,14.249933702617895,Sra two-step (CUSF),sra,14.24993370261674,8.102718017544476e-14,0.42499337026167405
1024,10.0,10000,5,0.013675028993774698,14.005843768578082,Sra two-step (CUSF),sra,14.005843768576373,1.220101628819275e-13,0.40058437685763726
1024,10.0,10000,6,0.013850787863226981,14.185922957727527,Sra two-step (CUSF),sra,14.18592295772408,2.430514134011774e-13,0.4185922957724079
1024,10.0,10000,7,0.0140442616711802,14.38415557229303,Sra two-step (CUSF),sra,14.38415557229128,1.216415852856574e-13,0.43841555722912806
1024,10.0,10000,8,0.014053290352041125,14.393406406848062,Sra two-step (CUSF),sra,14.393406406840082,5.543784908893774e-13,0.43934064068400824
1024,10.0,10000,9,0.013863601750955827,14.19905192524614,Sra two-step (CUSF),sra,14.19905192524052,3.9582875458531455e-13,0.41990519252405195
1024,10.0,10000,10,0.014522972131480323,14.874654662945128,Sra two-step (CUSF),sra,14.874654662939452,3.8155239435724013e-13,0.4874654662939452
1024,10.0,10000,11,0.013937842173646334,14.27511811579813,Sra two-step (CUSF),sra,14.275118115796781,9.444789389256893e-14,0.4275118115796781
1024,10.0,10000,12,0.013891479909340754,14.227615625987168,Sra two-step (CUSF),sra,14.227615625982626,3.1924846423669735e-13,0.4227615625982626
1024,10.0,10000,13,0.01415396117972338,14.496554750902265,Sra two-step (CUSF),sra,14.496554750905808,2.4446028421911297e-13,0.44965547509058085
1024,10.0,10000,14,0.014343969246889774,14.691241333872851,Sra two-step (CUSF),sra,14.691241333873815,6.565556591670676e-14,0.46912413338738157
1024,10.0,10000,15,0.013989283267181647,14.327824557849173,Sra two-step (CUSF),sra,14.32782455784917,2.479590439187942e-16,0.4327824557849169
1024,10.0,10000,16,0.013936196124560691,14.273431580922288,Sra two-step (CUSF),sra,14.273431580917972,3.0241831442356567e-13,0.4273431580917972
1024,10.0,10000,17,0.014166356940448748,14.50925563293409,Sra two-step (CUSF),sra,14.509255632936352,1.558523961369639e-13,0.4509255632936352
1024,10.0,10000,18,0.01380701941253173,14.141078392815768,Sra two-step (CUSF),sra,14.141078392814164,1.1343195910669357e-13,0.41410783928141637
1024,10.0,10000,19,0.014166767719351532,14.509676523376754,Sra two-step (CUSF),sra,14.509676523372002,3.2748866163487847e-13,0.45096765233720026
1024,10.0,10000,0,0.013993173594510784,14.33181058871576,Converged Newton (CUSF),converged,14.331810588714948,5.664288336639659e-14,0.4331810588714948
1024,10.0,10000,1,0.014005835877576856,14.344784377779167,Converged Newton (CUSF),converged,14.344784377780726,1.0872532231361994e-13,0.43447843777807266
1024,10.0,10000,2,0.013759170568367757,14.092053297405318,Converged Newton (CUSF),converged,14.092053297408624,2.345861180309716e-13,0.4092053297408624
1024,10.0,10000,3,0.013271362356270307,13.592264380534479,Converged Newton (CUSF),converged,13.59226438053611,1.1997232638476e-13,0.35922643805361093
1024,10.0,10000,4,0.013913262296565379,14.249933702617895,Converged Newton (CUSF),converged,14.249933702615458,1.710296787703234e-13,0.42499337026154577
1024,10.0,10000,5,0.013675028993774698,14.005843768578082,Converged Newton (CUSF),converged,14.005843768572458,4.0154280216650984e-13,0.4005843768572458
1024,10.0,10000,6,0.013850787863226981,14.185922957727527,Converged Newton (CUSF),converged,14.185922957724937,1.8257030434771592e-13,0.41859229577249374
1024,10.0,10000,7,0.0140442616711802,14.38415557229303,Converged Newton (CUSF),converged,14.384155572285842,4.997801986305132e-13,0.43841555722858416
1024,10.0,10000,8,0.014053290352041125,14.393406406848062,Converged Newton (CUSF),converged,14.393406406840393,5.327809316939988e-13,0.43934064068403933
1024,10.0,10000,9,0.013863601750955827,14.19905192524614,Converged Newton (CUSF),converged,14.19905192523762,5.999983271147815e-13,0.41990519252376207
1024,10.0,10000,10,0.014522972131480323,14.874654662945128,Converged Newton (CUSF),converged,14.874654662950292,3.471589390912354e-13,0.4874654662950292
1024,10.0,10000,11,0.013937842173646334,14.27511811579813,Converged Newton (CUSF),converged,14.2751181158025,3.061157035253222e-13,0.4275118115802499
1024,10.0,10000,12,0.013891479909340754,14.227615625987168,Converged Newton (CUSF),converged,14.227615625984434,1.9214837170914242e-13,0.42276156259844344
1024,10.0,10000,13,0.01415396117972338,14.496554750902265,Converged Newton (CUSF),converged,14.496554750907627,3.6993764313659245e-13,0.44965547509076276
1024,10.0,10000,14,0.014343969246889774,14.691241333872851,Converged Newton (CUSF),converged,14.691241333882767,6.74934381117969e-13,0.46912413338827663
1024,10.0,10000,15,0.013989283267181647,14.327824557849173,Converged Newton (CUSF),converged,14.327824557848647,3.669793849998154e-14,0.4327824557848647
1024,10.0,10000,16,0.013936196124560691,14.273431580922288,Converged Newton (CUSF),converged,14.273431580920318,1.3801724719989066e-13,0.4273431580920318
1024,10.0,10000,17,0.014166356940448748,14.50925563293409,Converged Newton (CUSF),converged,14.50925563293301,7.443696531914694e-14,0.450925563293301
1024,10.0,10000,18,0.01380701941253173,14.141078392815768,Converged Newton (CUSF),converged,14.141078392815583,1.3064145899331264e-14,0.4141078392815583
1024,10.0,10000,19,0.014166767719351532,14.509676523376754,Converged Newton (CUSF),converged,14.509676523374996,1.2120141122188028e-13,0.4509676523374996
1024,10.0,10000,0,0.013993173594510784,14.33181058871576,SciPy Brent,reference,,,
1024,10.0,10000,1,0.014005835877576856,14.344784377779167,SciPy Brent,reference,,,
1024,10.0,10000,2,0.013759170568367757,14.092053297405318,SciPy Brent,reference,,,
1024,10.0,10000,3,0.013271362356270307,13.592264380534479,SciPy Brent,reference,,,
1024,10.0,10000,4,0.013913262296565379,14.249933702617895,SciPy Brent,reference,,,
1024,10.0,10000,5,0.013675028993774698,14.005843768578082,SciPy Brent,reference,,,
1024,10.0,10000,6,0.013850787863226981,14.185922957727527,SciPy Brent,reference,,,
1024,10.0,10000,7,0.0140442616711802,14.38415557229303,SciPy Brent,reference,,,
1024,10.0,10000,8,0.014053290352041125,14.393406406848062,SciPy Brent,reference,,,
1024,10.0,10000,9,0.013863601750955827,14.19905192524614,SciPy Brent,reference,,,
1024,10.0,10000,10,0.014522972131480323,14.874654662945128,SciPy Brent,reference,,,
1024,10.0,10000,11,0.013937842173646334,14.27511811579813,SciPy Brent,reference,,,
1024,10.0,10000,12,0.013891479909340754,14.227615625987168,SciPy Brent,reference,,,
1024,10.0,10000,13,0.01415396117972338,14.496554750902265,SciPy Brent,reference,,,
1024,10.0,10000,14,0.014343969246889774,14.691241333872851,SciPy Brent,reference,,,
1024,10.0,10000,15,0.013989283267181647,14.327824557849173,SciPy Brent,reference,,,
1024,10.0,10000,16,0.013936196124560691,14.273431580922288,SciPy Brent,reference,,,
1024,10.0,10000,17,0.014166356940448748,14.50925563293409,SciPy Brent,reference,,,
1024,10.0,10000,18,0.01380701941253173,14.141078392815768,SciPy Brent,reference,,,
1024,10.0,10000,19,0.014166767719351532,14.509676523376754,SciPy Brent,reference,,,
1024,10.0,10000,0,0.013993173594510784,14.33181058871576,Direct likelihood,reference,14.331815841313269,3.6649922746523206e-07,0.43318158413132685
1024,10.0,10000,1,0.014005835877576856,14.344784377779167,Direct likelihood,reference,14.344789645041317,3.671900539793868e-07,0.4344789645041317
1024,10.0,10000,2,0.013759170568367757,14.092053297405318,Direct likelihood,reference,14.092058283806807,3.5384492123422113e-07,0.4092058283806807
1024,10.0,10000,3,0.013271362356270307,13.592264380534479,Direct likelihood,reference,13.592268840850458,3.281510611328612e-07,0.35922688408504583
1024,10.0,10000,4,0.013913262296565379,14.249933702617895,Direct likelihood,reference,14.249938863286188,3.6215384579332653e-07,0.4249938863286188
1024,10.0,10000,5,0.013675028993774698,14.005843768578082,Direct likelihood,reference,14.005848661475834,3.493468750320312e-07,0.40058486614758343
1024,10.0,10000,6,0.013850787863226981,14.185922957727527,Direct likelihood,reference,14.18592804726726,3.587739584394046e-07,0.4185928047267261
1024,10.0,10000,7,0.0140442616711802,14.38415557229303,Direct likelihood,reference,14.384160884222208,3.6929030353658297e-07,0.4384160884222208
1024,10.0,10000,8,0.014053290352041125,14.393406406848062,Direct likelihood,reference,14.393411729308394,3.6978462092838845e-07,0.43934117293083935
1024,10.0,10000,9,0.013863601750955827,14.19905192524614,Direct likelihood,reference,14.199057029321901,3.5946595505281575e-07,0.4199057029321901
1024,10.0,10000,10,0.014522972131480323,14.874654662945128,Direct likelihood,reference,14.874660552375888,3.9593731037237487e-07,0.4874660552375888
1024,10.0,10000,11,0.013937842173646334,14.27511811579813,Direct likelihood,reference,14.275123304629288,3.6348779158455963e-07,0.4275123304629288
1024,10.0,10000,12,0.013891479909340754,14.227615625987168,Direct likelihood,reference,14.22762076178202,3.6097368578933974e-07,0.42276207617820205
1024,10.0,10000,13,0.01415396117972338,14.496554750902265,Direct likelihood,reference,14.496560191717567,3.7531781832195053e-07,0.4496560191717567
1024,10.0,10000,14,0.014343969246889774,14.691241333872851,Direct likelihood,reference,14.691247002764769,3.8586881726560354e-07,0.46912470027647685
1024,10.0,10000,15,0.013989283267181647,14.327824557849173,Direct likelihood,reference,14.327829805946555,3.662871052935695e-07,0.43278298059465553
1024,10.0,10000,16,0.013936196124560691,14.273431580922288,Direct likelihood,reference,14.273436767864307,3.6339838738860253e-07,0.42734367678643076
1024,10.0,10000,17,0.014166356940448748,14.50925563293409,Direct likelihood,reference,14.509261088441177,3.760018586825095e-07,0.45092610884411766
1024,10.0,10000,18,0.01380701941253173,14.141078392815768,Direct likelihood,reference,14.141083432909996,3.5641512536647024e-07,0.4141083432909996
1024,10.0,10000,19,0.014166767719351532,14.509676523376754,Direct likelihood,reference,14.509681979371152,3.7602453706098287e-07,0.4509681979371152
1024,50.0,10000,0,0.0498277913272799,51.15040866555284,Banerjee,closed_form,51.15053159564132,2.4033060866427796e-06,0.02301063191282637
1024,50.0,10000,1,0.04989083316087225,51.21544600687189,Banerjee,closed_form,51.215569403380385,2.409361200829497e-06,0.024311388067607707
1024,50.0,10000,2,0.04963976211449644,50.95643489729723,Banerjee,closed_form,50.9565564432033,2.385290617638532e-06,0.01913112886406594
1024,50.0,10000,3,0.04899829154004725,50.29476559073611,Banerjee,closed_form,50.29488249249962,2.3243326046342367e-06,0.005897649849992348
1024,50.0,10000,4,0.04978908100651596,51.11047362650497,Banerjee,closed_form,51.1105962707739,2.3995917123271054e-06,0.022211925415477937
1024,50.0,10000,5,0.04973121229466601,51.05077492277825,Banerjee,closed_form,51.05089714059542,2.394044308815195e-06,0.02101794281190834
1024,50.0,10000,6,0.04961474069523578,50.93062324323491,Banerjee,closed_form,50.930744605730354,2.3828982979866034e-06,0.018614892114607075
1024,50.0,10000,7,0.049763101242354904,51.0836721725026,Banerjee,closed_form,51.08379462519672,2.3971004610018272e-06,0.021675892503934334
1024,50.0,10000,8,0.049974082434466244,51.30133230731687,Banerjee,closed_form,51.30145632155293,2.4173687208421167e-06,0.02602912643105853
1024,50.0,10000,9,0.048623956395329716,49.90870101042892,Banerjee,closed_form,49.9088152574063,2.2891194334755327e-06,0.0018236948518739382
1024,50.0,10000,10,0.05021591398058892,51.55083633541051,Banerjee,closed_form,51.5509621557453,2.4407040455334393e-06,0.031019243114906062
1024,50.0,10000,11,0.049656689904957356,50.97389741584138,Banerjee,closed_form,50.97401908593509,2.38690976912234e-06,0.019480381718701808
1024,50.0,10000,12,0.049547306285927815,50.86106005391914,Banerjee,closed_form,50.86118092302725,2.376456723096169e-06,0.01722361846054497
1024,50.0,10000,13,0.049419075159229026,50.72878474826893,Banerjee,closed_form,50.72890468285109,2.3642313285075996e-06,0.014578093657021753
1024,50.0,10000,14,0.05014946609943249,51.48227848617811,Banerjee,closed_form,51.482403808521546,2.4342812152290914e-06,0.029648076170430925
1024,50.0,10000,15,0.049469472266599805,50.78077068974545,Banerjee,closed_form,50.78089099103753,2.369032420033528e-06,0.015617819820750611
1024,50.0,10000,16,0.04955901551339518,50.87313882012159,Banerjee,closed_form,50.873259774804964,2.3775746136402748e-06,0.017465195496099283
1024,50.0,10000,17,0.04968542357612812,51.003538949770764,Banerjee,closed_form,51.003660830856965,2.3896593983684247e-06,0.02007321661713931
1024,50.0,10000,18,0.049135707394232564,50.436497872195915,Banerjee,closed_form,50.43661575871296,2.337325588002508e-06,0.008732315174259214
1024,50.0,10000,19,0.04980981022869638,51.13185862303947,Banerjee,closed_form,51.1319814203086,2.4015803930291006e-06,0.022639628406171966
1024,50.0,10000,0,0.0498277913272799,51.15040866555284,Sra two-step (SciPy),sra,,,
1024,50.0,10000,1,0.04989083316087225,51.21544600687189,Sra two-step (SciPy),sra,,,
1024,50.0,10000,2,0.04963976211449644,50.95643489729723,Sra two-step (SciPy),sra,,,
1024,50.0,10000,3,0.04899829154004725,50.29476559073611,Sra two-step (SciPy),sra,,,
1024,50.0,10000,4,0.04978908100651596,51.11047362650497,Sra two-step (SciPy),sra,,,
1024,50.0,10000,5,0.04973121229466601,51.05077492277825,Sra two-step (SciPy),sra,,,
1024,50.0,10000,6,0.04961474069523578,50.93062324323491,Sra two-step (SciPy),sra,,,
1024,50.0,10000,7,0.049763101242354904,51.0836721725026,Sra two-step (SciPy),sra,,,
1024,50.0,10000,8,0.049974082434466244,51.30133230731687,Sra two-step (SciPy),sra,,,
1024,50.0,10000,9,0.048623956395329716,49.90870101042892,Sra two-step (SciPy),sra,,,
1024,50.0,10000,10,0.05021591398058892,51.55083633541051,Sra two-step (SciPy),sra,,,
1024,50.0,10000,11,0.049656689904957356,50.97389741584138,Sra two-step (SciPy),sra,,,
1024,50.0,10000,12,0.049547306285927815,50.86106005391914,Sra two-step (SciPy),sra,,,
1024,50.0,10000,13,0.049419075159229026,50.72878474826893,Sra two-step (SciPy),sra,,,
1024,50.0,10000,14,0.05014946609943249,51.48227848617811,Sra two-step (SciPy),sra,,,
1024,50.0,10000,15,0.049469472266599805,50.78077068974545,Sra two-step (SciPy),sra,,,
1024,50.0,10000,16,0.04955901551339518,50.87313882012159,Sra two-step (SciPy),sra,,,
1024,50.0,10000,17,0.04968542357612812,51.003538949770764,Sra two-step (SciPy),sra,,,
1024,50.0,10000,18,0.049135707394232564,50.436497872195915,Sra two-step (SciPy),sra,,,
1024,50.0,10000,19,0.04980981022869638,51.13185862303947,Sra two-step (SciPy),sra,,,
1024,50.0,10000,0,0.0498277913272799,51.15040866555284,Converged Newton (SciPy),converged,51.10070380431404,0.0009717392790309223,0.02201407608628074
1024,50.0,10000,1,0.04989083316087225,51.21544600687189,Converged Newton (SciPy),converged,51.16567857021951,0.0009717270966595396,0.023313571404390245
1024,50.0,10000,2,0.04963976211449644,50.95643489729723,Converged Newton (SciPy),converged,50.9069166810888,0.0009717755237043224,0.01813833362177604
1024,50.0,10000,3,0.04899829154004725,50.29476559073611,Converged Newton (SciPy),converged,50.245884200959566,0.0009718981528676281,0.004917684019191313
1024,50.0,10000,4,0.04978908100651596,51.11047362650497,Converged Newton (SciPy),converged,51.06080718976739,0.0009717467519578082,0.021216143795347763
1024,50.0,10000,5,0.04973121229466601,51.05077492277825,Converged Newton (SciPy),converged,51.00116592830075,0.0009717579126378212,0.020023318566015007
1024,50.0,10000,6,0.04961474069523578,50.93062324323491,Converged Newton (SciPy),converged,50.881129865035106,0.0009717803366244862,0.017622597300702127
1024,50.0,10000,7,0.049763101242354904,51.0836721725026,Converged Newton (SciPy),converged,51.034031523954354,0.0009717517640591384,0.020680630479087084
1024,50.0,10000,8,0.049974082434466244,51.30133230731687,Converged Newton (SciPy),converged,51.25148223911845,0.0009717109859797341,0.025029644782369048
1024,50.0,10000,9,0.048623956395329716,49.90870101042892,Converged Newton (SciPy),converged,49.86019130101097,0.0009719689840818101,0.0027961739797805764
1024,50.0,10000,10,0.05021591398058892,51.55083633541051,Converged Newton (SciPy),converged,51.500746241764716,0.0009716640350873474,0.03001492483529432
1024,50.0,10000,11,0.049656689904957356,50.97389741584138,Converged Newton (SciPy),converged,50.92436239603013,0.0009717722662472056,0.01848724792060267
1024,50.0,10000,12,0.049547306285927815,50.86106005391914,Converged Newton (SciPy),converged,50.81163361674132,0.0009717932958027852,0.01623267233482636
1024,50.0,10000,13,0.049419075159229026,50.72878474826893,Converged Newton (SciPy),converged,50.67948560769186,0.0009718178904088927,0.013589712153837183
1024,50.0,10000,14,0.05014946609943249,51.48227848617811,Converged Newton (SciPy),converged,51.43225434242211,0.0009716769581095416,0.028645086848442247
1024,50.0,10000,15,0.049469472266599805,50.78077068974545,Converged Newton (SciPy),converged,50.73142151877093,0.000971808231821269,0.014628430375418588
1024,50.0,10000,16,0.04955901551339518,50.87313882012159,Converged Newton (SciPy),converged,50.82370075929157,0.0009717910468395645,0.016474015185831376
1024,50.0,10000,17,0.04968542357612812,51.003538949770764,Converged Newton (SciPy),converged,50.953975407280836,0.0009717667344365803,0.01907950814561673
1024,50.0,10000,18,0.049135707394232564,50.436497872195915,Converged Newton (SciPy),converged,50.38748005131873,0.0009718720162012741,0.007749601026374648
1024,50.0,10000,19,0.04980981022869638,51.13185862303947,Converged Newton (SciPy),converged,51.0821716100799,0.0009717427509506766,0.021643432201597933
1024,50.0,10000,0,0.0498277913272799,51.15040866555284,Banerjee (Torch),closed_form,51.15053159564132,2.4033060866427796e-06,0.02301063191282637
1024,50.0,10000,1,0.04989083316087225,51.21544600687189,Banerjee (Torch),closed_form,51.215569403380385,2.409361200829497e-06,0.024311388067607707
1024,50.0,10000,2,0.04963976211449644,50.95643489729723,Banerjee (Torch),closed_form,50.9565564432033,2.385290617638532e-06,0.01913112886406594
1024,50.0,10000,3,0.04899829154004725,50.29476559073611,Banerjee (Torch),closed_form,50.29488249249962,2.3243326046342367e-06,0.005897649849992348
1024,50.0,10000,4,0.04978908100651596,51.11047362650497,Banerjee (Torch),closed_form,51.1105962707739,2.3995917123271054e-06,0.022211925415477937
1024,50.0,10000,5,0.04973121229466601,51.05077492277825,Banerjee (Torch),closed_form,51.05089714059542,2.394044308815195e-06,0.02101794281190834
1024,50.0,10000,6,0.04961474069523578,50.93062324323491,Banerjee (Torch),closed_form,50.930744605730354,2.3828982979866034e-06,0.018614892114607075
1024,50.0,10000,7,0.049763101242354904,51.0836721725026,Banerjee (Torch),closed_form,51.08379462519672,2.3971004610018272e-06,0.021675892503934334
1024,50.0,10000,8,0.049974082434466244,51.30133230731687,Banerjee (Torch),closed_form,51.30145632155293,2.4173687208421167e-06,0.02602912643105853
1024,50.0,10000,9,0.048623956395329716,49.90870101042892,Banerjee (Torch),closed_form,49.9088152574063,2.2891194334755327e-06,0.0018236948518739382
1024,50.0,10000,10,0.05021591398058892,51.55083633541051,Banerjee (Torch),closed_form,51.5509621557453,2.4407040455334393e-06,0.031019243114906062
1024,50.0,10000,11,0.049656689904957356,50.97389741584138,Banerjee (Torch),closed_form,50.97401908593509,2.38690976912234e-06,0.019480381718701808
1024,50.0,10000,12,0.049547306285927815,50.86106005391914,Banerjee (Torch),closed_form,50.86118092302725,2.376456723096169e-06,0.01722361846054497
1024,50.0,10000,13,0.049419075159229026,50.72878474826893,Banerjee (Torch),closed_form,50.72890468285109,2.3642313285075996e-06,0.014578093657021753
1024,50.0,10000,14,0.05014946609943249,51.48227848617811,Banerjee (Torch),closed_form,51.482403808521546,2.4342812152290914e-06,0.029648076170430925
1024,50.0,10000,15,0.049469472266599805,50.78077068974545,Banerjee (Torch),closed_form,50.78089099103753,2.369032420033528e-06,0.015617819820750611
1024,50.0,10000,16,0.04955901551339518,50.87313882012159,Banerjee (Torch),closed_form,50.873259774804964,2.3775746136402748e-06,0.017465195496099283
1024,50.0,10000,17,0.04968542357612812,51.003538949770764,Banerjee (Torch),closed_form,51.003660830856965,2.3896593983684247e-06,0.02007321661713931
1024,50.0,10000,18,0.049135707394232564,50.436497872195915,Banerjee (Torch),closed_form,50.43661575871296,2.337325588002508e-06,0.008732315174259214
1024,50.0,10000,19,0.04980981022869638,51.13185862303947,Banerjee (Torch),closed_form,51.1319814203086,2.4015803930291006e-06,0.022639628406171966
1024,50.0,10000,0,0.0498277913272799,51.15040866555284,Sra two-step (CUSF),sra,51.15040866556097,1.5891581532113437e-13,0.02300817331121934
1024,50.0,10000,1,0.04989083316087225,51.21544600687189,Sra two-step (CUSF),sra,51.2154460068772,1.0363581009166208e-13,0.024308920137544023
1024,50.0,10000,2,0.04963976211449644,50.95643489729723,Sra two-step (CUSF),sra,50.956434897300724,6.860507935819342e-14,0.019128697946014482
1024,50.0,10000,3,0.04899829154004725,50.29476559073611,Sra two-step (CUSF),sra,50.294765590722015,2.8029095497120624e-13,0.0058953118144403046
1024,50.0,10000,4,0.04978908100651596,51.11047362650497,Sra two-step (CUSF),sra,51.11047362652074,3.086265419715087e-13,0.022209472530414873
1024,50.0,10000,5,0.04973121229466601,51.05077492277825,Sra two-step (CUSF),sra,51.05077492276379,2.832384952939541e-13,0.02101549845527586
1024,50.0,10000,6,0.04961474069523578,50.93062324323491,Sra two-step (CUSF),sra,50.93062324323652,3.1529686474652115e-14,0.018612464864730355
1024,50.0,10000,7,0.049763101242354904,51.0836721725026,Sra two-step (CUSF),sra,51.08367217250526,5.202111983588408e-14,0.021673443450105197
1024,50.0,10000,8,0.049974082434466244,51.30133230731687,Sra two-step (CUSF),sra,51.30133230730736,1.8531802931586229e-13,0.026026646146147244
1024,50.0,10000,9,0.048623956395329716,49.90870101042892,Sra two-step (CUSF),sra,49.90870101042889,5.694740366908169e-16,0.0018259797914221565
1024,50.0,10000,10,0.05021591398058892,51.55083633541051,Sra two-step (CUSF),sra,51.55083633540038,1.964126036424041e-13,0.031016726708007668
1024,50.0,10000,11,0.049656689904957356,50.97389741584138,Sra two-step (CUSF),sra,50.97389741582775,2.6735663472425446e-13,0.019477948316555
1024,50.0,10000,12,0.049547306285927815,50.86106005391914,Sra two-step (CUSF),sra,50.861060053903756,3.024563430824679e-13,0.017221201078075125
1024,50.0,10000,13,0.049419075159229026,50.72878474826893,Sra two-step (CUSF),sra,50.72878474825484,2.7775280878581654e-13,0.014575694965096773
1024,50.0,10000,14,0.05014946609943249,51.48227848617811,Sra two-step (CUSF),sra,51.48227848617614,3.8230696774306484e-14,0.02964556972352284
1024,50.0,10000,15,0.049469472266599805,50.78077068974545,Sra two-step (CUSF),sra,50.78077068976398,3.649207031898299e-13,0.015615413795279665
1024,50.0,10000,16,0.04955901551339518,50.87313882012159,Sra two-step (CUSF),sra,50.87313882010899,2.4763407560855644e-13,0.017462776402179827
1024,50.0,10000,17,0.04968542357612812,51.003538949770764,Sra two-step (CUSF),sra,51.00353894975835,2.4337882918190605e-13,0.02007077899516702
1024,50.0,10000,18,0.049135707394232564,50.436497872195915,Sra two-step (CUSF),sra,50.43649787219558,6.621298065806949e-15,0.008729957443911616
1024,50.0,10000,19,0.04980981022869638,51.13185862303947,Sra two-step (CUSF),sra,51.13185862303062,1.7314767594975742e-13,0.022637172460612334
1024,50.0,10000,0,0.0498277913272799,51.15040866555284,Converged Newton (CUSF),converged,51.15040866553615,3.263052886270495e-13,0.023008173310722954
1024,50.0,10000,1,0.04989083316087225,51.21544600687189,Converged Newton (CUSF),converged,51.21544600686921,5.2442217154816957e-14,0.02430892013738415
1024,50.0,10000,2,0.04963976211449644,50.95643489729723,Converged Newton (CUSF),converged,50.95643489727985,3.4107321973605914e-13,0.01912869794559697
1024,50.0,10000,3,0.04899829154004725,50.29476559073611,Converged Newton (CUSF),converged,50.29476559073221,7.756034993910898e-14,0.005895311814644231
1024,50.0,10000,4,0.04978908100651596,51.11047362650497,Converged Newton (CUSF),converged,51.11047362649883,1.2011411363215472e-13,0.02220947252997661
1024,50.0,10000,5,0.04973121229466601,51.05077492277825,Converged Newton (CUSF),converged,51.05077492276693,2.218585560189498e-13,0.02101549845533853
1024,50.0,10000,6,0.04961474069523578,50.93062324323491,Converged Newton (CUSF),converged,50.93062324324467,1.915498209278644e-13,0.018612464864893354
1024,50.0,10000,7,0.049763101242354904,51.0836721725026,Converged Newton (CUSF),converged,51.08367217248484,3.4773475826125724e-13,0.021673443449696777
1024,50.0,10000,8,0.049974082434466244,51.30133230731687,Converged Newton (CUSF),converged,51.301332307317004,2.6315714177887768e-15,0.026026646146340083
1024,50.0,10000,9,0.048623956395329716,49.90870101042892,Converged Newton (CUSF),converged,49.90870101041804,2.1796618754341014e-13,0.0018259797916391563
1024,50.0,10000,10,0.05021591398058892,51.55083633541051,Converged Newton (CUSF),converged,51.55083633541714,1.2859856785850037e-13,0.031016726708342757
1024,50.0,10000,11,0.049656689904957356,50.97389741584138,Converged Newton (CUSF),converged,50.973897415827636,2.6958692990443595e-13,0.019477948316552727
1024,50.0,10000,12,0.049547306285927815,50.86106005391914,Converged Newton (CUSF),converged,50.861060053911196,1.5618761735159312e-13,0.017221201078223912
1024,50.0,10000,13,0.049419075159229026,50.72878474826893,Converged Newton (CUSF),converged,50.72878474823403,6.880089746625975e-13,0.014575694964680537
1024,50.0,10000,14,0.05014946609943249,51.48227848617811,Converged Newton (CUSF),converged,51.482278486161164,3.2917043973545475e-13,0.029645569723223276
1024,50.0,10000,15,0.049469472266599805,50.78077068974545,Converged Newton (CUSF),converged,50.78077068972996,3.0503340987493446e-13,0.015615413794599249
1024,50.0,10000,16,0.04955901551339518,50.87313882012159,Converged Newton (CUSF),converged,50.87313882011146,1.991687489102095e-13,0.017462776402229138
1024,50.0,10000,17,0.04968542357612812,51.003538949770764,Converged Newton (CUSF),converged,51.00353894976346,1.4321318626159097e-13,0.020070778995269194
1024,50.0,10000,18,0.049135707394232564,50.436497872195915,Converged Newton (CUSF),converged,50.436497872199006,6.128222677927707e-14,0.008729957443980111
1024,50.0,10000,19,0.04980981022869638,51.13185862303947,Converged Newton (CUSF),converged,51.131858623031526,1.5536043476069727e-13,0.022637172460630524
1024,50.0,10000,0,0.0498277913272799,51.15040866555284,SciPy Brent,reference,,,
1024,50.0,10000,1,0.04989083316087225,51.21544600687189,SciPy Brent,reference,,,
1024,50.0,10000,2,0.04963976211449644,50.95643489729723,SciPy Brent,reference,,,
1024,50.0,10000,3,0.04899829154004725,50.29476559073611,SciPy Brent,reference,,,
1024,50.0,10000,4,0.04978908100651596,51.11047362650497,SciPy Brent,reference,,,
1024,50.0,10000,5,0.04973121229466601,51.05077492277825,SciPy Brent,reference,,,
1024,50.0,10000,6,0.04961474069523578,50.93062324323491,SciPy Brent,reference,,,
1024,50.0,10000,7,0.049763101242354904,51.0836721725026,SciPy Brent,reference,,,
1024,50.0,10000,8,0.049974082434466244,51.30133230731687,SciPy Brent,reference,,,
1024,50.0,10000,9,0.048623956395329716,49.90870101042892,SciPy Brent,reference,,,
1024,50.0,10000,10,0.05021591398058892,51.55083633541051,SciPy Brent,reference,,,
1024,50.0,10000,11,0.049656689904957356,50.97389741584138,SciPy Brent,reference,,,
1024,50.0,10000,12,0.049547306285927815,50.86106005391914,SciPy Brent,reference,,,
1024,50.0,10000,13,0.049419075159229026,50.72878474826893,SciPy Brent,reference,,,
1024,50.0,10000,14,0.05014946609943249,51.48227848617811,SciPy Brent,reference,,,
1024,50.0,10000,15,0.049469472266599805,50.78077068974545,SciPy Brent,reference,,,
1024,50.0,10000,16,0.04955901551339518,50.87313882012159,SciPy Brent,reference,,,
1024,50.0,10000,17,0.04968542357612812,51.003538949770764,SciPy Brent,reference,,,
1024,50.0,10000,18,0.049135707394232564,50.436497872195915,SciPy Brent,reference,,,
1024,50.0,10000,19,0.04980981022869638,51.13185862303947,SciPy Brent,reference,,,
1024,50.0,10000,0,0.0498277913272799,51.15040866555284,Direct likelihood,reference,51.1506548429977,4.812814819807257e-06,0.02301309685995406
1024,50.0,10000,1,0.04989083316087225,51.21544600687189,Direct likelihood,reference,51.215693121864916,4.825009099595324e-06,0.024313862437298325
1024,50.0,10000,2,0.04963976211449644,50.95643489729723,Direct likelihood,reference,50.95667829247759,4.776534717410866e-06,0.019133565849551816
1024,50.0,10000,3,0.04899829154004725,50.29476559073611,Direct likelihood,reference,50.29499965179624,4.653785684800769e-06,0.00589999303592478
1024,50.0,10000,4,0.04978908100651596,51.11047362650497,Direct likelihood,reference,51.11071922943171,4.805334588249385e-06,0.022214384588634176
1024,50.0,10000,5,0.04973121229466601,51.05077492277825,Direct likelihood,reference,51.05101966851444,4.794162998697152e-06,0.021020393370288843
1024,50.0,10000,6,0.04961474069523578,50.93062324323491,Direct likelihood,reference,50.93086626976039,4.77171709289584e-06,0.01861732539520787
1024,50.0,10000,7,0.049763101242354904,51.0836721725026,Direct likelihood,reference,51.083917390352575,4.800317587668076e-06,0.021678347807051496
1024,50.0,10000,8,0.049974082434466244,51.30133230731687,Direct likelihood,reference,51.30158066401931,4.841135527532845e-06,0.026031613280386237
1024,50.0,10000,9,0.048623956395329716,49.90870101042892,Direct likelihood,reference,49.9089297362778,4.582885233378285e-06,0.0018214052744440323
1024,50.0,10000,10,0.05021591398058892,51.55083633541051,Direct likelihood,reference,51.551088322719416,4.888132314043262e-06,0.031021766454388314
1024,50.0,10000,11,0.049656689904957356,50.97389741584138,Direct likelihood,reference,50.97414106063966,4.779795358671785e-06,0.019482821212793197
1024,50.0,10000,12,0.049547306285927815,50.86106005391914,Direct likelihood,reference,50.86130208874692,4.758745246785713e-06,0.01722604177493835
1024,50.0,10000,13,0.049419075159229026,50.72878474826893,Direct likelihood,reference,50.72902490475817,4.734126599575442e-06,0.014580498095163392
1024,50.0,10000,14,0.05014946609943249,51.48227848617811,Direct likelihood,reference,51.48252947241022,4.875196659718363e-06,0.029650589448204413
1024,50.0,10000,15,0.049469472266599805,50.78077068974545,Direct likelihood,reference,50.78101158329268,4.743794628495833e-06,0.015620231665853624
1024,50.0,10000,16,0.04955901551339518,50.87313882012159,Direct likelihood,reference,50.8733810269528,4.7609964084664165e-06,0.017467620539055987
1024,50.0,10000,17,0.04968542357612812,51.003538949770764,Direct likelihood,reference,51.00378301866722,4.785332576573922e-06,0.02007566037334442
1024,50.0,10000,18,0.049135707394232564,50.436497872195915,Direct likelihood,reference,50.436733912378195,4.6799478995938074e-06,0.008734678247563892
1024,50.0,10000,19,0.04980981022869638,51.13185862303947,Direct likelihood,reference,51.132104533507174,4.8093395062620786e-06,0.02264209067014349
1024,200.0,10000,0,0.18872437839013786,200.3776317441947,Banerjee,closed_form,200.38410035615377,3.228210605524377e-05,0.0019205017807688307
1024,200.0,10000,1,0.18859576033295108,200.23101339421527,Banerjee,closed_form,200.23746908821508,3.224122922007736e-05,0.0011873454410753937
1024,200.0,10000,2,0.18852978540929619,200.15581355616052,Banerjee,closed_form,200.16226263031285,3.2220268988185756e-05,0.0008113131515642636
1024,200.0,10000,3,0.18795600114214384,199.50203926415364,Banerjee,closed_form,199.50843094965995,3.203819635072762e-05,0.0024578452517002346
1024,200.0,10000,4,0.1884257883999113,200.03728673693647,Banerjee,closed_form,200.04372538502514,3.2187239657687544e-05,0.00021862692512570448
1024,200.0,10000,5,0.18863584066753536,200.27670071670548,Banerjee,closed_form,200.28316043445463,3.225396526922758e-05,0.0014158021722731461
1024,200.0,10000,6,0.18916884231261213,200.8844654954452,Banerjee,closed_form,200.89097887590725,3.2423514909372855e-05,0.004454894379536256
1024,200.0,10000,7,0.18819639136017274,199.77588960552737,Banerjee,closed_form,199.78230529414228,3.211442896125296e-05,0.0010884735292886205
1024,200.0,10000,8,0.18913233047017197,200.84282034976948,Banerjee,closed_form,200.84933004509233,3.241188961353425e-05,0.0042466502254616505
1024,200.0,10000,9,0.1889729740015158,200.66107993356724,Banerjee,closed_form,200.6675735607557,3.2361169343909423e-05,0.003337867803778494
1024,200.0,10000,10,0.1883088949129567,199.90407845063285,Banerjee,closed_form,199.91050539270103,3.2150129792179895e-05,0.0004474730364948698
1024,200.0,10000,11,0.18863390375571124,200.27449279483596,Banerjee,closed_form,200.28095231809735,3.225334974634648e-05,0.0014047615904867429
1024,200.0,10000,12,0.18845599644125505,200.07171380337883,Banerjee,closed_form,200.07815547881023,3.2196832370488996e-05,0.0003907773940511561
1024,200.0,10000,13,0.1883501445751757,199.9510832870614,Banerjee,closed_form,199.95751435841325,3.216322335502497e-05,0.0002124282079337547
1024,200.0,10000,14,0.189099984915135,200.80592869979148,Banerjee,closed_form,200.8124351315995,3.2401592174838554e-05,0.0040621756579975
1024,200.0,10000,15,0.18893238967633325,200.6148002543987,Banerjee,closed_form,200.62128979349598,3.234825690357109e-05,0.003106448967479878
1024,200.0,10000,16,0.18872768219556807,200.38139820671952,Banerjee,closed_form,200.3878671507205,3.2283156315228294e-05,0.001939335753602478
1024,200.0,10000,17,0.1887719336827836,200.43184794166976,Banerjee,closed_form,200.43832133413014,3.229722485152408e-05,0.002191606670650685
1024,200.0,10000,18,0.18820761089958823,199.78867263823048,Banerjee,closed_form,199.79508944853836,3.211798858838248e-05,0.0010245527573081858
1024,200.0,10000,19,0.18800623241191616,199.55925605886756,Banerjee,closed_form,199.56565275520944,3.2054120005306705e-05,0.0021717362239527917
1024,200.0,10000,0,0.18872437839013786,200.3776317441947,Sra two-step (SciPy),sra,200.37763174424623,2.571572422969079e-13,0.0018881587212311501
1024,200.0,10000,1,0.18859576033295108,200.23101339421527,Sra two-step (SciPy),sra,200.23101339424534,1.5017737795775535e-13,0.0011550669712266882
1024,200.0,10000,2,0.18852978540929619,200.15581355616052,Sra two-step (SciPy),sra,200.15581355613602,1.224022080284672e-13,0.0007790677806801227
1024,200.0,10000,3,0.18795600114214384,199.50203926415364,Sra two-step (SciPy),sra,199.50203926412954,1.2080883827493364e-13,0.0024898036793523206
1024,200.0,10000,4,0.1884257883999113,200.03728673693647,Sra two-step (SciPy),sra,200.03728673694275,3.1400134877751644e-14,0.00018643368471373377
1024,200.0,10000,5,0.18863584066753536,200.27670071670548,Sra two-step (SciPy),sra,200.2767007167072,8.656644877064479e-15,0.0013835035835360542
1024,200.0,10000,6,0.18916884231261213,200.8844654954452,Sra two-step (SciPy),sra,200.88446549536167,4.158181361109346e-13,0.004422327476808334
1024,200.0,10000,7,0.18819639136017274,199.77588960552737,Sra two-step (SciPy),sra,199.77588960552043,3.471338365561559e-14,0.0011205519723978341
1024,200.0,10000,8,0.18913233047017197,200.84282034976948,Sra two-step (SciPy),sra,200.8428203497751,2.801941566753373e-14,0.00421410174887555
1024,200.0,10000,9,0.1889729740015158,200.66107993356724,Sra two-step (SciPy),sra,200.66107993352426,2.141602381139288e-13,0.003305399667621316
1024,200.0,10000,10,0.1883088949129567,199.90407845063285,Sra two-step (SciPy),sra,199.90407845066431,1.5738964699125492e-13,0.0004796077466784254
1024,200.0,10000,11,0.18863390375571124,200.27449279483596,Sra two-step (SciPy),sra,200.27449279486203,1.3013493223213144e-13,0.0013724639743101362
1024,200.0,10000,12,0.18845599644125505,200.07171380337883,Sra two-step (SciPy),sra,200.07171380337257,3.125267413280529e-14,0.000358569016862873
1024,200.0,10000,13,0.1883501445751757,199.9510832870614,Sra two-step (SciPy),sra,199.9510832870396,1.0902392112486489e-13,0.00024458356480195676
1024,200.0,10000,14,0.189099984915135,200.80592869979148,Sra two-step (SciPy),sra,200.80592869978278,4.33106887929881e-14,0.004029643498913913
1024,200.0,10000,15,0.18893238967633325,200.6148002543987,Sra two-step (SciPy),sra,200.6148002543521,2.322021191724651e-13,0.0030740012717605223
1024,200.0,10000,16,0.18872768219556807,200.38139820671952,Sra two-step (SciPy),sra,200.38139820668292,1.8268742544951855e-13,0.0019069910334145845
1024,200.0,10000,17,0.1887719336827836,200.43184794166976,Sra two-step (SciPy),sra,200.43184794165612,6.806513369354445e-14,0.0021592397082805803
1024,200.0,10000,18,0.18820761089958823,199.78867263823048,Sra two-step (SciPy),sra,199.7886726382298,3.4142127144758317e-15,0.0010566368088510104
1024,200.0,10000,19,0.18800623241191616,199.55925605886756,Sra two-step (SciPy),sra,199.5592560588423,1.2661351912524534e-13,0.0022037197057885294
1024,200.0,10000,0,0.18872437839013786,200.3776317441947,Converged Newton (SciPy),converged,200.37763172318196,1.0486568801707113e-10,0.0018881586159098162
1024,200.0,10000,1,0.18859576033295108,200.23101339421527,Converged Newton (SciPy),converged,200.23101337326588,1.0462608099835524e-10,0.0011550668663294062
1024,200.0,10000,2,0.18852978540929619,200.15581355616052,Converged Newton (SciPy),converged,200.15581353528148,1.0431394484111421e-10,0.0007790676764074078
1024,200.0,10000,3,0.18795600114214384,199.50203926415364,Converged Newton (SciPy),converged,199.5020392436701,1.0267326620842532e-10,0.0024898037816494423
1024,200.0,10000,4,0.1884257883999113,200.03728673693647,Converged Newton (SciPy),converged,200.0372867161283,1.0402140066501941e-10,0.00018643358064153405
1024,200.0,10000,5,0.18863584066753536,200.27670071670548,Converged Newton (SciPy),converged,200.27670069576797,1.0454289428724134e-10,0.001383503478839856
1024,200.0,10000,6,0.18916884231261213,200.8844654954452,Converged Newton (SciPy),converged,200.88446547411988,1.0615713924820831e-10,0.004422327370599391
1024,200.0,10000,7,0.18819639136017274,199.77588960552737,Converged Newton (SciPy),converged,199.77588958483636,1.0357107910363995e-10,0.001120552075818182
1024,200.0,10000,8,0.18913233047017197,200.84282034976948,Converged Newton (SciPy),converged,200.84282032837905,1.0650335558649946e-10,0.0042141016418952406
1024,200.0,10000,9,0.1889729740015158,200.66107993356724,Converged Newton (SciPy),converged,200.66107991234557,1.0575875605341622e-10,0.003305399561727853
1024,200.0,10000,10,0.1883088949129567,199.90407845063285,Converged Newton (SciPy),converged,199.90407842986306,1.038987778781331e-10,0.0004796078506846868
1024,200.0,10000,11,0.18863390375571124,200.27449279483596,Converged Newton (SciPy),converged,200.2744927738689,1.0469163714477904e-10,0.0013724638693445002
1024,200.0,10000,12,0.18845599644125505,200.07171380337883,Converged Newton (SciPy),converged,200.07171378251365,1.0428846888985494e-10,0.0003585689125682734
1024,200.0,10000,13,0.1883501445751757,199.9510832870614,Converged Newton (SciPy),converged,199.95108326630225,1.038211915798684e-10,0.0002445836684887581
1024,200.0,10000,14,0.189099984915135,200.80592869979148,Converged Newton (SciPy),converged,200.80592867849776,1.0604126767267792e-10,0.004029643392488822
1024,200.0,10000,15,0.18893238967633325,200.6148002543987,Converged Newton (SciPy),converged,200.61480023323227,1.0550774106464455e-10,0.0030740011661613666
1024,200.0,10000,16,0.18872768219556807,200.38139820671952,Converged Newton (SciPy),converged,200.3813981856978,1.049085377405125e-10,0.001906990928489023
1024,200.0,10000,17,0.1887719336827836,200.43184794166976,Converged Newton (SciPy),converged,200.4318479205697,1.0527293902712052e-10,0.002159239602848544
1024,200.0,10000,18,0.18820761089958823,199.78867263823048,Converged Newton (SciPy),converged,199.7886726176056,1.0323341596465917e-10,0.0010566369119719354
1024,200.0,10000,19,0.18800623241191616,199.55925605886756,Converged Newton (SciPy),converged,199.5592560383944,1.0259184398097144e-10,0.002203719808027955
1024,200.0,10000,0,0.18872437839013786,200.3776317441947,Banerjee (Torch),closed_form,200.38410035615377,3.228210605524377e-05,0.0019205017807688307
1024,200.0,10000,1,0.18859576033295108,200.23101339421527,Banerjee (Torch),closed_form,200.23746908821508,3.224122922007736e-05,0.0011873454410753937
1024,200.0,10000,2,0.18852978540929619,200.15581355616052,Banerjee (Torch),closed_form,200.16226263031285,3.2220268988185756e-05,0.0008113131515642636
1024,200.0,10000,3,0.18795600114214384,199.50203926415364,Banerjee (Torch),closed_form,199.50843094965995,3.203819635072762e-05,0.0024578452517002346
1024,200.0,10000,4,0.1884257883999113,200.03728673693647,Banerjee (Torch),closed_form,200.04372538502514,3.2187239657687544e-05,0.00021862692512570448
1024,200.0,10000,5,0.18863584066753536,200.27670071670548,Banerjee (Torch),closed_form,200.28316043445463,3.225396526922758e-05,0.0014158021722731461
1024,200.0,10000,6,0.18916884231261213,200.8844654954452,Banerjee (Torch),closed_form,200.89097887590725,3.2423514909372855e-05,0.004454894379536256
1024,200.0,10000,7,0.18819639136017274,199.77588960552737,Banerjee (Torch),closed_form,199.78230529414228,3.211442896125296e-05,0.0010884735292886205
1024,200.0,10000,8,0.18913233047017197,200.84282034976948,Banerjee (Torch),closed_form,200.84933004509233,3.241188961353425e-05,0.0042466502254616505
1024,200.0,10000,9,0.1889729740015158,200.66107993356724,Banerjee (Torch),closed_form,200.6675735607557,3.2361169343909423e-05,0.003337867803778494
1024,200.0,10000,10,0.1883088949129567,199.90407845063285,Banerjee (Torch),closed_form,199.91050539270103,3.2150129792179895e-05,0.0004474730364948698
1024,200.0,10000,11,0.18863390375571124,200.27449279483596,Banerjee (Torch),closed_form,200.28095231809735,3.225334974634648e-05,0.0014047615904867429
1024,200.0,10000,12,0.18845599644125505,200.07171380337883,Banerjee (Torch),closed_form,200.07815547881023,3.2196832370488996e-05,0.0003907773940511561
1024,200.0,10000,13,0.1883501445751757,199.9510832870614,Banerjee (Torch),closed_form,199.95751435841325,3.216322335502497e-05,0.0002124282079337547
1024,200.0,10000,14,0.189099984915135,200.80592869979148,Banerjee (Torch),closed_form,200.8124351315995,3.2401592174838554e-05,0.0040621756579975
1024,200.0,10000,15,0.18893238967633325,200.6148002543987,Banerjee (Torch),closed_form,200.62128979349598,3.234825690357109e-05,0.003106448967479878
1024,200.0,10000,16,0.18872768219556807,200.38139820671952,Banerjee (Torch),closed_form,200.3878671507205,3.2283156315228294e-05,0.001939335753602478
1024,200.0,10000,17,0.1887719336827836,200.43184794166976,Banerjee (Torch),closed_form,200.43832133413014,3.229722485152408e-05,0.002191606670650685
1024,200.0,10000,18,0.18820761089958823,199.78867263823048,Banerjee (Torch),closed_form,199.79508944853836,3.211798858838248e-05,0.0010245527573081858
1024,200.0,10000,19,0.18800623241191616,199.55925605886756,Banerjee (Torch),closed_form,199.56565275520944,3.2054120005306705e-05,0.0021717362239527917
1024,200.0,10000,0,0.18872437839013786,200.3776317441947,Sra two-step (CUSF),sra,200.37763174420957,7.418270144582617e-14,0.0018881587210478302
1024,200.0,10000,1,0.18859576033295108,200.23101339421527,Sra two-step (CUSF),sra,200.23101339423357,9.141231701776413e-14,0.001155066971167855
1024,200.0,10000,2,0.18852978540929619,200.15581355616052,Sra two-step (CUSF),sra,200.15581355619625,1.784913868814191e-13,0.0007790677809812507
1024,200.0,10000,3,0.18795600114214384,199.50203926415364,Sra two-step (CUSF),sra,199.50203926412954,1.2080883827493364e-13,0.0024898036793523206
1024,200.0,10000,4,0.1884257883999113,200.03728673693647,Sra two-step (CUSF),sra,200.03728673694405,3.793590955818864e-14,0.00018643368472027078
1024,200.0,10000,5,0.18863584066753536,200.27670071670548,Sra two-step (CUSF),sra,200.27670071675524,2.484882816350804e-13,0.0013835035837762178
1024,200.0,10000,6,0.18916884231261213,200.8844654954452,Sra two-step (CUSF),sra,200.88446549545847,6.607249729969597e-14,0.004422327477292356
1024,200.0,10000,7,0.18819639136017274,199.77588960552737,Sra two-step (CUSF),sra,199.77588960553393,3.286390010019345e-14,0.0011205519723303326
1024,200.0,10000,8,0.18913233047017197,200.84282034976948,Sra two-step (CUSF),sra,200.84282034974095,1.4207824914244376e-13,0.004214101748704735
1024,200.0,10000,9,0.1889729740015158,200.66107993356724,Sra two-step (CUSF),sra,200.66107993354916,9.008327476220814e-14,0.003305399667745803
1024,200.0,10000,10,0.1883088949129567,199.90407845063285,Sra two-step (CUSF),sra,199.9040784506185,7.179925178914521e-14,0.0004796077469075044
1024,200.0,10000,11,0.18863390375571124,200.27449279483596,Sra two-step (CUSF),sra,200.27449279480223,1.6845165164617232e-13,0.00137246397401114
1024,200.0,10000,12,0.18845599644125505,200.07171380337883,Sra two-step (CUSF),sra,200.07171380339918,1.0171324854131178e-13,0.0003585690169958866
1024,200.0,10000,13,0.1883501445751757,199.9510832870614,Sra two-step (CUSF),sra,199.95108328708835,1.3475186079057615e-13,0.0002445835645582406
1024,200.0,10000,14,0.189099984915135,200.80592869979148,Sra two-step (CUSF),sra,200.80592869977187,9.766135708222807e-14,0.004029643498859343
1024,200.0,10000,15,0.18893238967633325,200.6148002543987,Sra two-step (CUSF),sra,200.61480025441205,6.658633069619195e-14,0.0030740012720602296
1024,200.0,10000,16,0.18872768219556807,200.38139820671952,Sra two-step (CUSF),sra,200.3813982066956,1.1942764924572564e-13,0.001906991033477965
1024,200.0,10000,17,0.1887719336827836,200.43184794166976,Sra two-step (CUSF),sra,200.43184794166874,5.104885027015833e-15,0.0021592397083436765
1024,200.0,10000,18,0.18820761089958823,199.78867263823048,Sra two-step (CUSF),sra,199.78867263824196,5.74725806936765e-14,0.001056636808790188
1024,200.0,10000,19,0.18800623241191616,199.55925605886756,Sra two-step (CUSF),sra,199.55925605890317,1.7845527498755054e-13,0.0022037197054841327
1024,200.0,10000,0,0.18872437839013786,200.3776317441947,Converged Newton (CUSF),converged,200.37763172318196,1.0486568801707113e-10,0.0018881586159098162
1024,200.0,10000,1,0.18859576033295108,200.23101339421527,Converged Newton (CUSF),converged,200.23101337327853,1.0456291565507433e-10,0.0011550668663926444
1024,200.0,10000,2,0.18852978540929619,200.15581355616052,Converged Newton (CUSF),converged,200.1558135352562,1.0444032299093479e-10,0.0007790676762809313
1024,200.0,10000,3,0.18795600114214384,199.50203926415364,Converged Newton (CUSF),converged,199.5020392436701,1.0267326620842532e-10,0.0024898037816494423
1024,200.0,10000,4,0.1884257883999113,200.03728673693647,Converged Newton (CUSF),converged,200.03728671616625,1.0383172111722847e-10,0.00018643358083124894
1024,200.0,10000,5,0.18863584066753536,200.27670071670548,Converged Newton (CUSF),converged,200.27670069574265,1.0466933806733092e-10,0.0013835034787132371
1024,200.0,10000,6,0.18916884231261213,200.8844654954452,Converged Newton (CUSF),converged,200.8844654740818,1.06346726285428e-10,0.004422327370408965
1024,200.0,10000,7,0.18819639136017274,199.77588960552737,Converged Newton (CUSF),converged,199.77588958487422,1.0338157817319208e-10,0.0011205520756288933
1024,200.0,10000,8,0.18913233047017197,200.84282034976948,Converged Newton (CUSF),converged,200.84282032845525,1.0612396137738503e-10,0.0042141016422762335
1024,200.0,10000,9,0.1889729740015158,200.66107993356724,Converged Newton (CUSF),converged,200.66107991235825,1.0569558444878738e-10,0.0033053995617912334
1024,200.0,10000,10,0.1883088949129567,199.90407845063285,Converged Newton (CUSF),converged,199.90407842995143,1.0345675040523716e-10,0.00047960785024287134
1024,200.0,10000,11,0.18863390375571124,200.27449279483596,Converged Newton (CUSF),converged,200.27449277390687,1.0450204034056735e-10,0.0013724638695343573
1024,200.0,10000,12,0.18845599644125505,200.07171380337883,Converged Newton (CUSF),converged,200.07171378257686,1.0397253276589421e-10,0.0003585689128843228
1024,200.0,10000,13,0.1883501445751757,199.9510832870614,Converged Newton (CUSF),converged,199.9510832663022,1.0382147586649454e-10,0.0002445836684890423
1024,200.0,10000,14,0.189099984915135,200.80592869979148,Converged Newton (CUSF),converged,200.80592867853588,1.0585146494826159e-10,0.004029643392679389
1024,200.0,10000,15,0.18893238967633325,200.6148002543987,Converged Newton (CUSF),converged,200.61480023319422,1.0569744127060668e-10,0.003074001165971083
1024,200.0,10000,16,0.18872768219556807,200.38139820671952,Converged Newton (CUSF),converged,200.38139818571048,1.048452779643087e-10,0.0019069909285524033
1024,200.0,10000,17,0.1887719336827836,200.43184794166976,Converged Newton (CUSF),converged,200.43184792058236,1.0520983697609214e-10,0.002159239602911782
1024,200.0,10000,18,0.18820761089958823,199.78867263823048,Converged Newton (CUSF),converged,199.7886726176056,1.0323341596465917e-10,0.0010566369119719354
1024,200.0,10000,19,0.18800623241191616,199.55925605886756,Converged Newton (CUSF),converged,199.5592560383944,1.0259184398097144e-10,0.002203719808027955
1024,200.0,10000,0,0.18872437839013786,200.3776317441947,SciPy Brent,reference,200.3776317441947,0.0,0.0018881587209735073
1024,200.0,10000,1,0.18859576033295108,200.23101339421527,SciPy Brent,reference,200.23101339422007,2.398863598758096e-14,0.0011550669711003535
1024,200.0,10000,2,0.18852978540929619,200.15581355616052,SciPy Brent,reference,200.15581355616413,1.8033735985632637e-14,0.000779067780820668
1024,200.0,10000,3,0.18795600114214384,199.50203926415364,SciPy Brent,reference,199.50203926416472,5.556066854625486e-14,0.00248980367917639
1024,200.0,10000,4,0.1884257883999113,200.03728673693647,SciPy Brent,reference,200.03728673692578,5.342285390965891e-14,0.00018643368462889498
1024,200.0,10000,5,0.18863584066753536,200.27670071670548,SciPy Brent,reference,200.2767007166896,7.932892600457449e-14,0.001383503583447947
1024,200.0,10000,6,0.18916884231261213,200.8844654954452,SciPy Brent,reference,200.88446549542775,8.687047824842254e-14,0.004422327477138737
1024,200.0,10000,7,0.18819639136017274,199.77588960552737,SciPy Brent,reference,199.77588960555067,1.1665973195739664e-13,0.0011205519722466307
1024,200.0,10000,8,0.18913233047017197,200.84282034976948,SciPy Brent,reference,200.842820349777,3.750073309038605e-14,0.004214101748885071
1024,200.0,10000,9,0.1889729740015158,200.66107993356724,SciPy Brent,reference,200.66107993356337,1.9263090200723755e-14,0.0033053996678168575
1024,200.0,10000,10,0.1883088949129567,199.90407845063285,SciPy Brent,reference,199.90407845060813,1.2369376050803234e-13,0.000479607746959374
1024,200.0,10000,11,0.18863390375571124,200.27449279483596,SciPy Brent,reference,200.2744927948322,1.8732618380197766e-14,0.0013724639741610645
1024,200.0,10000,12,0.18845599644125505,200.07171380337883,SciPy Brent,reference,200.0717138033637,7.557464835751099e-14,0.00035856901681853516
1024,200.0,10000,13,0.1883501445751757,199.9510832870614,SciPy Brent,reference,199.9510832870676,3.098724224930971e-14,0.0002445835646619798
1024,200.0,10000,14,0.189099984915135,200.80592869979148,SciPy Brent,reference,200.80592869977426,8.577214839395682e-14,0.0040296434988712805
1024,200.0,10000,15,0.18893238967633325,200.6148002543987,SciPy Brent,reference,200.61480025439505,1.8134149636409722e-14,0.0030740012719752486
1024,200.0,10000,16,0.18872768219556807,200.38139820671952,SciPy Brent,reference,200.38139820669574,1.187184589295396e-13,0.0019069910334786756
1024,200.0,10000,17,0.1887719336827836,200.43184794166976,SciPy Brent,reference,200.43184794167712,3.672681172214169e-14,0.0021592397083855987
1024,200.0,10000,18,0.18820761089958823,199.78867263823048,SciPy Brent,reference,199.78867263821647,7.01336195098577e-14,0.001056636808917659
1024,200.0,10000,19,0.18800623241191616,199.55925605886756,SciPy Brent,reference,199.55925605886566,9.542301216413316e-15,0.002203719705671716
1024,200.0,10000,0,0.18872437839013786,200.3776317441947,Direct likelihood,reference,5.113022673219991e-12,0.9999999999999745,0.9999999999999745
1024,200.0,10000,1,0.18859576033295108,200.23101339421527,Direct likelihood,reference,5.1068416436594375e-12,0.9999999999999745,0.9999999999999745
1024,200.0,10000,2,0.18852978540929619,200.15581355616052,Direct likelihood,reference,5.103671424234342e-12,0.9999999999999745,0.9999999999999745
1024,200.0,10000,3,0.18795600114214384,199.50203926415364,Direct likelihood,reference,5.0761101045484185e-12,0.9999999999999745,0.9999999999999746
1024,200.0,10000,4,0.1884257883999113,200.03728673693647,Direct likelihood,reference,5.098674658584356e-12,0.9999999999999746,0.9999999999999746
1024,200.0,10000,5,0.18863584066753536,200.27670071670548,Direct likelihood,reference,5.1087676963572114e-12,0.9999999999999745,0.9999999999999745
1024,200.0,10000,6,0.18916884231261213,200.8844654954452,Direct likelihood,reference,5.134389412129418e-12,0.9999999999999744,0.9999999999999742
1024,200.0,10000,7,0.18819639136017274,199.77588960552737,Direct likelihood,reference,5.0876548756596875e-12,0.9999999999999746,0.9999999999999746
1024,200.0,10000,8,0.18913233047017197,200.84282034976948,Direct likelihood,reference,5.132633764884403e-12,0.9999999999999744,0.9999999999999742
1024,200.0,10000,9,0.1889729740015158,200.66107993356724,Direct likelihood,reference,5.124972079472095e-12,0.9999999999999745,0.9999999999999745
1024,200.0,10000,10,0.1883088949129567,199.90407845063285,Direct likelihood,reference,5.093058963652022e-12,0.9999999999999746,0.9999999999999746
1024,200.0,10000,11,0.18863390375571124,200.27449279483596,Direct likelihood,reference,5.1086746164001026e-12,0.9999999999999745,0.9999999999999745
1024,200.0,10000,12,0.18845599644125505,200.07171380337883,Direct likelihood,reference,5.100126009197013e-12,0.9999999999999746,0.9999999999999746
1024,200.0,10000,13,0.1883501445751757,199.9510832870614,Direct likelihood,reference,5.095040558125096e-12,0.9999999999999746,0.9999999999999746
1024,200.0,10000,14,0.189099984915135,200.80592869979148,Direct likelihood,reference,5.131078512318763e-12,0.9999999999999744,0.9999999999999742
1024,200.0,10000,15,0.18893238967633325,200.6148002543987,Direct likelihood,reference,5.123021053460455e-12,0.9999999999999745,0.9999999999999745
1024,200.0,10000,16,0.18872768219556807,200.38139820671952,Direct likelihood,reference,5.11318145702127e-12,0.9999999999999745,0.9999999999999745
1024,200.0,10000,17,0.1887719336827836,200.43184794166976,Direct likelihood,reference,5.115308280526576e-12,0.9999999999999745,0.9999999999999745
1024,200.0,10000,18,0.18820761089958823,199.78867263823048,Direct likelihood,reference,5.088193772996953e-12,0.9999999999999746,0.9999999999999746
1024,200.0,10000,19,0.18800623241191616,199.55925605886756,Direct likelihood,reference,5.0785222055645515e-12,0.9999999999999745,0.9999999999999746
1024,1000.0,10000,0,0.6117025228316361,1000.368050191134,Banerjee,closed_form,1000.53445554634,0.000166344132216396,0.0005344555463400411
1024,1000.0,10000,1,0.6115606065661424,999.8587841329554,Banerjee,closed_form,1000.0250946028852,0.00016633395892406852,2.5094602885246785e-05
1024,1000.0,10000,2,0.611773538634926,1000.6230204034438,Banerjee,closed_form,1000.7894732492272,0.00016634920683344278,0.0007894732492271714
1024,1000.0,10000,3,0.611468826651175,999.5296167824113,Banerjee,closed_form,999.695865901558,0.0001663273567439935,0.00030413409844197756
1024,1000.0,10000,4,0.6117783198491198,1000.640189666042,Banerjee,closed_form,1000.8066457094038,0.00016634954810014629,0.0008066457094038241
1024,1000.0,10000,5,0.6116786115195644,1000.28222023022,Banerjee,closed_form,1000.4486095965618,0.00016634242114544107,0.0004486095965618233
1024,1000.0,10000,6,0.6117801591600568,1000.6467947067315,Banerjee,closed_form,1000.8132519801943,0.00016634967937072744,0.000813251980194309
1024,1000.0,10000,7,0.6117249740553693,1000.4486481124915,Banerjee,closed_form,1000.6150684808846,0.00016634573769188266,0.0006150684808845881
1024,1000.0,10000,8,0.6112423935333253,998.7181369631719,Banerjee,closed_form,998.8842347665873,0.00016631099132776993,0.0011157652334127307
1024,1000.0,10000,9,0.6117847416285055,1000.6632507917177,Banerjee,closed_form,1000.8297111298785,0.00016635000638740713,0.0008297111298785466
1024,1000.0,10000,10,0.6115931509893687,999.9755390492523,Banerjee,closed_form,1000.1418712761891,0.00016633629568072437,0.00014187127618913565
1024,1000.0,10000,11,0.6116393835199363,1000.1414321536809,Banerjee,closed_form,1000.3077952908301,0.00016633961137975302,0.00030779529083008585
1024,1000.0,10000,12,0.6113021511688009,998.9322078735108,Banerjee,closed_form,999.0983456042592,0.00016631532093855898,0.0009016543957408203
1024,1000.0,10000,13,0.6118956379649498,1001.0616006174159,Banerjee,closed_form,1001.228135129618,0.00016635790654571892,0.0012281351296179537
1024,1000.0,10000,14,0.6114010506546591,999.28663212874,Banerjee,closed_form,999.4528359493645,0.00016632246973062047,0.0005471640506355016
1024,1000.0,10000,15,0.6117587803199983,1000.5700260193249,Banerjee,closed_form,1000.7364689952282,0.00016634815312768788,0.0007364689952281651
1024,1000.0,10000,16,0.6116774602199209,1000.2780878739261,Banerjee,closed_form,1000.444476470442,0.000166342338728637,0.00044447647044205496
1024,1000.0,10000,17,0.6114482802967457,999.4559474239309,Banerjee,closed_form,999.6221828101876,0.00016632587627820038,0.0003778171898123901
1024,1000.0,10000,18,0.6118115241666939,1000.7594367037124,Banerjee,closed_form,1000.9259149542247,0.00016635191676101998,0.0009259149542247087
1024,1000.0,10000,19,0.6116937252107757,1000.3364698731272,Banerjee,closed_form,1000.5028693455133,0.00016634350280887497,0.000502869345513318
1024,1000.0,10000,0,0.6117025228316361,1000.368050191134,Sra two-step (SciPy),sra,1000.3680501910783,5.568605522032452e-14,0.0003680501910782823
1024,1000.0,10000,1,0.6115606065661424,999.8587841329554,Sra two-step (SciPy),sra,999.8587841328939,6.151326585656695e-14,0.0001412158671060979
1024,1000.0,10000,2,0.611773538634926,1000.6230204034438,Sra two-step (SciPy),sra,1000.6230204037122,2.682475001949412e-13,0.0006230204037121894
1024,1000.0,10000,3,0.611468826651175,999.5296167824113,Sra two-step (SciPy),sra,999.529616782226,1.8539675300744427e-13,0.00047038321777404234
1024,1000.0,10000,4,0.6117783198491198,1000.640189666042,Sra two-step (SciPy),sra,1000.6401896658851,1.567874623426734e-13,0.0006401896658851456
1024,1000.0,10000,5,0.6116786115195644,1000.28222023022,Sra two-step (SciPy),sra,1000.282220230266,4.6030178629644566e-14,0.0002822202302660344
1024,1000.0,10000,6,0.6117801591600568,1000.6467947067315,Sra two-step (SciPy),sra,1000.6467947065273,2.040495823582423e-13,0.0006467947065273165
1024,1000.0,10000,7,0.6117249740553693,1000.4486481124915,Sra two-step (SciPy),sra,1000.4486481125797,8.818142364269994e-14,0.00044864811257968993
1024,1000.0,10000,8,0.6112423935333253,998.7181369631719,Sra two-step (SciPy),sra,998.7181369631173,5.4639722747308005e-14,0.0012818630368826689
1024,1000.0,10000,9,0.6117847416285055,1000.6632507917177,Sra two-step (SciPy),sra,1000.6632507917059,1.1815594420693926e-14,0.0006632507917058774
1024,1000.0,10000,10,0.6115931509893687,999.9755390492523,Sra two-step (SciPy),sra,999.9755390493109,5.85501536190562e-14,2.4460950689103812e-05
1024,1000.0,10000,11,0.6116393835199363,1000.1414321536809,Sra two-step (SciPy),sra,1000.1414321534239,2.5689591990762787e-13,0.0001414321534239207
1024,1000.0,10000,12,0.6113021511688009,998.9322078735108,Sra two-step (SciPy),sra,998.9322078733372,1.737853678483952e-13,0.0010677921266627663
1024,1000.0,10000,13,0.6118956379649498,1001.0616006174159,Sra two-step (SciPy),sra,1001.0616006173117,1.0414027481068501e-13,0.0010616006173116829
1024,1000.0,10000,14,0.6114010506546591,999.28663212874,Sra two-step (SciPy),sra,999.2866321285601,1.8009473791312838e-13,0.0007133678714399138
1024,1000.0,10000,15,0.6117587803199983,1000.5700260193249,Sra two-step (SciPy),sra,1000.570026019577,2.5190012960067905e-13,0.0005700260195769715
1024,1000.0,10000,16,0.6116774602199209,1000.2780878739261,Sra two-step (SciPy),sra,1000.2780878738581,6.796582848478343e-14,0.0002780878738581123
1024,1000.0,10000,17,0.6114482802967457,999.4559474239309,Sra two-step (SciPy),sra,999.455947423651,2.80049356044201e-13,0.0005440525763490314
1024,1000.0,10000,18,0.6118115241666939,1000.7594367037124,Sra two-step (SciPy),sra,1000.7594367039623,2.4969404249154565e-13,0.0007594367039622512
1024,1000.0,10000,19,0.6116937252107757,1000.3364698731272,Sra two-step (SciPy),sra,1000.336469873092,3.511741690316939e-14,0.00033646987309202814
1024,1000.0,10000,0,0.6117025228316361,1000.368050191134,Converged Newton (SciPy),converged,1000.3680501910783,5.568605522032452e-14,0.0003680501910782823
1024,1000.0,10000,1,0.6115606065661424,999.8587841329554,Converged Newton (SciPy),converged,999.8587841328939,6.151326585656695e-14,0.0001412158671060979
1024,1000.0,10000,2,0.611773538634926,1000.6230204034438,Converged Newton (SciPy),converged,1000.6230204037122,2.682475001949412e-13,0.0006230204037121894
1024,1000.0,10000,3,0.611468826651175,999.5296167824113,Converged Newton (SciPy),converged,999.529616782226,1.8539675300744427e-13,0.00047038321777404234
1024,1000.0,10000,4,0.6117783198491198,1000.640189666042,Converged Newton (SciPy),converged,1000.6401896658851,1.567874623426734e-13,0.0006401896658851456
1024,1000.0,10000,5,0.6116786115195644,1000.28222023022,Converged Newton (SciPy),converged,1000.282220230266,4.6030178629644566e-14,0.0002822202302660344
1024,1000.0,10000,6,0.6117801591600568,1000.6467947067315,Converged Newton (SciPy),converged,1000.6467947065273,2.040495823582423e-13,0.0006467947065273165
1024,1000.0,10000,7,0.6117249740553693,1000.4486481124915,Converged Newton (SciPy),converged,1000.4486481125797,8.818142364269994e-14,0.00044864811257968993
1024,1000.0,10000,8,0.6112423935333253,998.7181369631719,Converged Newton (SciPy),converged,998.7181369631173,5.4639722747308005e-14,0.0012818630368826689
1024,1000.0,10000,9,0.6117847416285055,1000.6632507917177,Converged Newton (SciPy),converged,1000.6632507917059,1.1815594420693926e-14,0.0006632507917058774
1024,1000.0,10000,10,0.6115931509893687,999.9755390492523,Converged Newton (SciPy),converged,999.9755390493109,5.85501536190562e-14,2.4460950689103812e-05
1024,1000.0,10000,11,0.6116393835199363,1000.1414321536809,Converged Newton (SciPy),converged,1000.1414321534239,2.5689591990762787e-13,0.0001414321534239207
1024,1000.0,10000,12,0.6113021511688009,998.9322078735108,Converged Newton (SciPy),converged,998.9322078733372,1.737853678483952e-13,0.0010677921266627663
1024,1000.0,10000,13,0.6118956379649498,1001.0616006174159,Converged Newton (SciPy),converged,1001.0616006173117,1.0414027481068501e-13,0.0010616006173116829
1024,1000.0,10000,14,0.6114010506546591,999.28663212874,Converged Newton (SciPy),converged,999.2866321285601,1.8009473791312838e-13,0.0007133678714399138
1024,1000.0,10000,15,0.6117587803199983,1000.5700260193249,Converged Newton (SciPy),converged,1000.570026019577,2.5190012960067905e-13,0.0005700260195769715
1024,1000.0,10000,16,0.6116774602199209,1000.2780878739261,Converged Newton (SciPy),converged,1000.2780878738581,6.796582848478343e-14,0.0002780878738581123
1024,1000.0,10000,17,0.6114482802967457,999.4559474239309,Converged Newton (SciPy),converged,999.455947423651,2.80049356044201e-13,0.0005440525763490314
1024,1000.0,10000,18,0.6118115241666939,1000.7594367037124,Converged Newton (SciPy),converged,1000.7594367039623,2.4969404249154565e-13,0.0007594367039622512
1024,1000.0,10000,19,0.6116937252107757,1000.3364698731272,Converged Newton (SciPy),converged,1000.336469873092,3.511741690316939e-14,0.00033646987309202814
1024,1000.0,10000,0,0.6117025228316361,1000.368050191134,Banerjee (Torch),closed_form,1000.53445554634,0.000166344132216396,0.0005344555463400411
1024,1000.0,10000,1,0.6115606065661424,999.8587841329554,Banerjee (Torch),closed_form,1000.0250946028852,0.00016633395892406852,2.5094602885246785e-05
1024,1000.0,10000,2,0.611773538634926,1000.6230204034438,Banerjee (Torch),closed_form,1000.7894732492272,0.00016634920683344278,0.0007894732492271714
1024,1000.0,10000,3,0.611468826651175,999.5296167824113,Banerjee (Torch),closed_form,999.695865901558,0.0001663273567439935,0.00030413409844197756
1024,1000.0,10000,4,0.6117783198491198,1000.640189666042,Banerjee (Torch),closed_form,1000.8066457094038,0.00016634954810014629,0.0008066457094038241
1024,1000.0,10000,5,0.6116786115195644,1000.28222023022,Banerjee (Torch),closed_form,1000.4486095965618,0.00016634242114544107,0.0004486095965618233
1024,1000.0,10000,6,0.6117801591600568,1000.6467947067315,Banerjee (Torch),closed_form,1000.8132519801943,0.00016634967937072744,0.000813251980194309
1024,1000.0,10000,7,0.6117249740553693,1000.4486481124915,Banerjee (Torch),closed_form,1000.6150684808846,0.00016634573769188266,0.0006150684808845881
1024,1000.0,10000,8,0.6112423935333253,998.7181369631719,Banerjee (Torch),closed_form,998.8842347665873,0.00016631099132776993,0.0011157652334127307
1024,1000.0,10000,9,0.6117847416285055,1000.6632507917177,Banerjee (Torch),closed_form,1000.8297111298785,0.00016635000638740713,0.0008297111298785466
1024,1000.0,10000,10,0.6115931509893687,999.9755390492523,Banerjee (Torch),closed_form,1000.1418712761891,0.00016633629568072437,0.00014187127618913565
1024,1000.0,10000,11,0.6116393835199363,1000.1414321536809,Banerjee (Torch),closed_form,1000.3077952908301,0.00016633961137975302,0.00030779529083008585
1024,1000.0,10000,12,0.6113021511688009,998.9322078735108,Banerjee (Torch),closed_form,999.0983456042592,0.00016631532093855898,0.0009016543957408203
1024,1000.0,10000,13,0.6118956379649498,1001.0616006174159,Banerjee (Torch),closed_form,1001.228135129618,0.00016635790654571892,0.0012281351296179537
1024,1000.0,10000,14,0.6114010506546591,999.28663212874,Banerjee (Torch),closed_form,999.4528359493645,0.00016632246973062047,0.0005471640506355016
1024,1000.0,10000,15,0.6117587803199983,1000.5700260193249,Banerjee (Torch),closed_form,1000.7364689952282,0.00016634815312768788,0.0007364689952281651
1024,1000.0,10000,16,0.6116774602199209,1000.2780878739261,Banerjee (Torch),closed_form,1000.444476470442,0.000166342338728637,0.00044447647044205496
1024,1000.0,10000,17,0.6114482802967457,999.4559474239309,Banerjee (Torch),closed_form,999.6221828101876,0.00016632587627820038,0.0003778171898123901
1024,1000.0,10000,18,0.6118115241666939,1000.7594367037124,Banerjee (Torch),closed_form,1000.9259149542247,0.00016635191676101998,0.0009259149542247087
1024,1000.0,10000,19,0.6116937252107757,1000.3364698731272,Banerjee (Torch),closed_form,1000.5028693455133,0.00016634350280887497,0.000502869345513318
1024,1000.0,10000,0,0.6117025228316361,1000.368050191134,Sra two-step (CUSF),sra,1000.3680501910156,1.1830445609052616e-13,0.00036805019101564083
1024,1000.0,10000,1,0.6115606065661424,999.8587841329554,Sra two-step (CUSF),sra,999.8587841325514,4.0410008660672634e-13,0.00014121586744863634
1024,1000.0,10000,2,0.611773538634926,1000.6230204034438,Sra two-step (CUSF),sra,1000.6230204037122,2.682475001949412e-13,0.0006230204037121894
1024,1000.0,10000,3,0.611468826651175,999.5296167824113,Sra two-step (CUSF),sra,999.5296167825684,1.5718914886888834e-13,0.0004703832174316176
1024,1000.0,10000,4,0.6117783198491198,1000.640189666042,Sra two-step (CUSF),sra,1000.6401896662908,2.4858765768534013e-13,0.0006401896662907802
1024,1000.0,10000,5,0.6116786115195644,1000.28222023022,Sra two-step (CUSF),sra,1000.2822202301095,1.1047242871114696e-13,0.0002822202301094876
1024,1000.0,10000,6,0.6117801591600568,1000.6467947067315,Sra two-step (CUSF),sra,1000.6467947072769,5.450032553298933e-13,0.0006467947072768539
1024,1000.0,10000,7,0.6117249740553693,1000.4486481124915,Sra two-step (CUSF),sra,1000.4486481131725,6.806787727058925e-13,0.00044864811317245313
1024,1000.0,10000,8,0.6112423935333253,998.7181369631719,Sra two-step (CUSF),sra,998.7181369630543,1.1770306941815933e-13,0.0012818630369456515
1024,1000.0,10000,9,0.6117847416285055,1000.6632507917177,Sra two-step (CUSF),sra,1000.6632507912993,4.18090264116862e-13,0.0006632507912993332
1024,1000.0,10000,10,0.6115931509893687,999.9755390492523,Sra two-step (CUSF),sra,999.9755390493742,1.2187527122257912e-13,2.4460950625780242e-05
1024,1000.0,10000,11,0.6116393835199363,1000.1414321536809,Sra two-step (CUSF),sra,1000.1414321541724,4.915123706551251e-13,0.0001414321541724348
1024,1000.0,10000,12,0.6113021511688009,998.9322078735108,Sra two-step (CUSF),sra,998.9322078733372,1.737853678483952e-13,0.0010677921266627663
1024,1000.0,10000,13,0.6118956379649498,1001.0616006174159,Sra two-step (CUSF),sra,1001.0616006174054,1.056166363946969e-14,0.001061600617405361
1024,1000.0,10000,14,0.6114010506546591,999.28663212874,Sra two-step (CUSF),sra,999.2866321283104,4.2992925746918015e-13,0.0007133678716895702
1024,1000.0,10000,15,0.6117587803199983,1000.5700260193249,Sra two-step (CUSF),sra,1000.5700260185785,7.460425128362916e-13,0.00057002601857846
1024,1000.0,10000,16,0.6116774602199209,1000.2780878739261,Sra two-step (CUSF),sra,1000.2780878736087,3.1732540657109587e-13,0.0002780878736086834
1024,1000.0,10000,17,0.6114482802967457,999.4559474239309,Sra two-step (CUSF),sra,999.4559474239002,3.071215521199605e-14,0.0005440525760998298
1024,1000.0,10000,18,0.6118115241666939,1000.7594367037124,Sra two-step (CUSF),sra,1000.7594367038997,1.8721373158601784e-13,0.0007594367038997234
1024,1000.0,10000,19,0.6116937252107757,1000.3364698731272,Sra two-step (CUSF),sra,1000.3364698729355,1.9161153688913783e-13,0.0003364698729354814
1024,1000.0,10000,0,0.6117025228316361,1000.368050191134,Converged Newton (CUSF),converged,1000.3680501910156,1.1830445609052616e-13,0.00036805019101564083
1024,1000.0,10000,1,0.6115606065661424,999.8587841329554,Converged Newton (CUSF),converged,999.8587841325514,4.0410008660672634e-13,0.00014121586744863634
1024,1000.0,10000,2,0.611773538634926,1000.6230204034438,Converged Newton (CUSF),converged,1000.6230204037122,2.682475001949412e-13,0.0006230204037121894
1024,1000.0,10000,3,0.611468826651175,999.5296167824113,Converged Newton (CUSF),converged,999.5296167825684,1.5718914886888834e-13,0.0004703832174316176
1024,1000.0,10000,4,0.6117783198491198,1000.640189666042,Converged Newton (CUSF),converged,1000.6401896662908,2.4858765768534013e-13,0.0006401896662907802
1024,1000.0,10000,5,0.6116786115195644,1000.28222023022,Converged Newton (CUSF),converged,1000.2822202301095,1.1047242871114696e-13,0.0002822202301094876
1024,1000.0,10000,6,0.6117801591600568,1000.6467947067315,Converged Newton (CUSF),converged,1000.6467947072769,5.450032553298933e-13,0.0006467947072768539
1024,1000.0,10000,7,0.6117249740553693,1000.4486481124915,Converged Newton (CUSF),converged,1000.4486481131725,6.806787727058925e-13,0.00044864811317245313
1024,1000.0,10000,8,0.6112423935333253,998.7181369631719,Converged Newton (CUSF),converged,998.7181369630543,1.1770306941815933e-13,0.0012818630369456515
1024,1000.0,10000,9,0.6117847416285055,1000.6632507917177,Converged Newton (CUSF),converged,1000.6632507912993,4.18090264116862e-13,0.0006632507912993332
1024,1000.0,10000,10,0.6115931509893687,999.9755390492523,Converged Newton (CUSF),converged,999.9755390493742,1.2187527122257912e-13,2.4460950625780242e-05
1024,1000.0,10000,11,0.6116393835199363,1000.1414321536809,Converged Newton (CUSF),converged,1000.1414321541724,4.915123706551251e-13,0.0001414321541724348
1024,1000.0,10000,12,0.6113021511688009,998.9322078735108,Converged Newton (CUSF),converged,998.9322078733372,1.737853678483952e-13,0.0010677921266627663
1024,1000.0,10000,13,0.6118956379649498,1001.0616006174159,Converged Newton (CUSF),converged,1001.0616006174054,1.056166363946969e-14,0.001061600617405361
1024,1000.0,10000,14,0.6114010506546591,999.28663212874,Converged Newton (CUSF),converged,999.2866321283104,4.2992925746918015e-13,0.0007133678716895702
1024,1000.0,10000,15,0.6117587803199983,1000.5700260193249,Converged Newton (CUSF),converged,1000.5700260185785,7.460425128362916e-13,0.00057002601857846
1024,1000.0,10000,16,0.6116774602199209,1000.2780878739261,Converged Newton (CUSF),converged,1000.2780878736087,3.1732540657109587e-13,0.0002780878736086834
1024,1000.0,10000,17,0.6114482802967457,999.4559474239309,Converged Newton (CUSF),converged,999.4559474239002,3.071215521199605e-14,0.0005440525760998298
1024,1000.0,10000,18,0.6118115241666939,1000.7594367037124,Converged Newton (CUSF),converged,1000.7594367038997,1.8721373158601784e-13,0.0007594367038997234
1024,1000.0,10000,19,0.6116937252107757,1000.3364698731272,Converged Newton (CUSF),converged,1000.3364698729355,1.9161153688913783e-13,0.0003364698729354814
1024,1000.0,10000,0,0.6117025228316361,1000.368050191134,SciPy Brent,reference,1000.368050191241,1.0693995502515382e-13,0.0003680501912409682
1024,1000.0,10000,1,0.6115606065661424,999.8587841329554,SciPy Brent,reference,999.8587841329695,1.4099158902429395e-14,0.00014121586703049615
1024,1000.0,10000,2,0.611773538634926,1000.6230204034438,SciPy Brent,reference,1000.6230204035509,1.0702632155173004e-13,0.0006230204035508677
1024,1000.0,10000,3,0.611468826651175,999.5296167824113,SciPy Brent,reference,999.5296167824553,4.401751129685947e-14,0.000470383217544736
1024,1000.0,10000,4,0.6117783198491198,1000.640189666042,SciPy Brent,reference,1000.6401896658458,1.960979420314886e-13,0.0006401896658458099
1024,1000.0,10000,5,0.6116786115195644,1000.28222023022,SciPy Brent,reference,1000.282220230377,1.5695722638898555e-13,0.00028222023037699273
1024,1000.0,10000,6,0.6117801591600568,1000.6467947067315,SciPy Brent,reference,1000.6467947065719,1.5951314790143218e-13,0.0006467947065718817
1024,1000.0,10000,7,0.6117249740553693,1000.4486481124915,SciPy Brent,reference,1000.448648112455,3.647710952230242e-14,0.0004486481124549755
1024,1000.0,10000,8,0.6112423935333253,998.7181369631719,SciPy Brent,reference,998.7181369631371,3.483282325140885e-14,0.0012818630368628874
1024,1000.0,10000,9,0.6117847416285055,1000.6632507917177,SciPy Brent,reference,1000.6632507917999,8.214110352078566e-14,0.0006632507917998965
1024,1000.0,10000,10,0.6115931509893687,999.9755390492523,SciPy Brent,reference,999.9755390491705,8.18565254480009e-14,2.4460950829507055e-05
1024,1000.0,10000,11,0.6116393835199363,1000.1414321536809,SciPy Brent,reference,1000.1414321536813,4.546830440842971e-16,0.00014143215368130768
1024,1000.0,10000,12,0.6113021511688009,998.9322078735108,SciPy Brent,reference,998.9322078733795,1.3144865740988636e-13,0.0010677921266204749
1024,1000.0,10000,13,0.6118956379649498,1001.0616006174159,SciPy Brent,reference,1001.0616006173194,9.641776806354588e-14,0.0010616006173194137
1024,1000.0,10000,14,0.6114010506546591,999.28663212874,SciPy Brent,reference,999.2866321287647,2.4687655165602565e-14,0.0007133678712352775
1024,1000.0,10000,15,0.6117587803199983,1000.5700260193249,SciPy Brent,reference,1000.5700260194047,7.97626932700391e-14,0.0005700260194047359
1024,1000.0,10000,16,0.6116774602199209,1000.2780878739261,SciPy Brent,reference,1000.2780878738217,1.0433550259035315e-13,0.0002780878738217325
1024,1000.0,10000,17,0.6114482802967457,999.4559474239309,SciPy Brent,reference,999.4559474238986,3.230463733409955e-14,0.0005440525761014214
1024,1000.0,10000,18,0.6118115241666939,1000.7594367037124,SciPy Brent,reference,1000.7594367036564,5.589147811912669e-14,0.0007594367036564335
1024,1000.0,10000,19,0.6116937252107757,1000.3364698731272,SciPy Brent,reference,1000.3364698732454,1.1819454232781932e-13,0.0003364698732453917
1024,1000.0,10000,0,0.6117025228316361,1000.368050191134,Direct likelihood,reference,1000.3680222222839,2.7958559923507907e-08,0.000368022222283912
1024,1000.0,10000,1,0.6115606065661424,999.8587841329554,Direct likelihood,reference,999.8588007674285,1.6636822510257536e-08,0.00014119923257146637
1024,1000.0,10000,2,0.611773538634926,1000.6230204034438,Direct likelihood,reference,1000.623022163086,1.758546649015161e-09,0.0006230221630860342
1024,1000.0,10000,3,0.611468826651175,999.5296167824113,Direct likelihood,reference,999.529663974112,4.721390941777939e-08,0.00047033602588794567
1024,1000.0,10000,4,0.6117783198491198,1000.640189666042,Direct likelihood,reference,1000.6401765467026,1.3110945936057827e-08,0.0006401765467026053
1024,1000.0,10000,5,0.6116786115195644,1000.28222023022,Direct likelihood,reference,1000.2822516535119,3.1414426157028556e-08,0.0002822516535119348
1024,1000.0,10000,6,0.6117801591600568,1000.6467947067315,Direct likelihood,reference,1000.6467815596609,1.3138572644495743e-08,0.0006467815596608944
1024,1000.0,10000,7,0.6117249740553693,1000.4486481124915,Direct likelihood,reference,1000.4486647169318,1.6596994151235143e-08,0.0004486647169318303
1024,1000.0,10000,8,0.6112423935333253,998.7181369631719,Direct likelihood,reference,998.7181091778206,2.782101406487342e-08,0.0012818908221794345
1024,1000.0,10000,9,0.6117847416285055,1000.6632507917177,Direct likelihood,reference,1000.6632525437265,1.7508475057447253e-09,0.0006632525437264575
1024,1000.0,10000,10,0.6115931509893687,999.9755390492523,Direct likelihood,reference,999.9755260210505,1.302852049626258e-08,2.4473978949458797e-05
1024,1000.0,10000,11,0.6116393835199363,1000.1414321536809,Direct likelihood,reference,1000.1414487643614,1.6608331566067396e-08,0.0001414487643613711
1024,1000.0,10000,12,0.6113021511688009,998.9322078735108,Direct likelihood,reference,998.9322096808488,1.8092699047672855e-09,0.0010677903191511858
1024,1000.0,10000,13,0.6118956379649498,1001.0616006174159,Direct likelihood,reference,1001.0616375288269,3.6872267294492944e-08,0.00106163752882685
1024,1000.0,10000,14,0.6114010506546591,999.28663212874,Direct likelihood,reference,999.2866839293448,5.1837584018368793e-08,0.0007133160706551962
1024,1000.0,10000,15,0.6117587803199983,1000.5700260193249,Direct likelihood,reference,1000.5699980627188,2.7940679203951944e-08,0.0005699980627188097
1024,1000.0,10000,16,0.6116774602199209,1000.2780878739261,Direct likelihood,reference,1000.2781247848812,3.69006935102812e-08,0.0002781247848812427
1024,1000.0,10000,17,0.6114482802967457,999.4559474239309,Direct likelihood,reference,999.4559492404347,1.8174926797871737e-09,0.0005440507595652662
1024,1000.0,10000,18,0.6118115241666939,1000.7594367037124,Direct likelihood,reference,1000.7594736185475,3.6886821957292805e-08,0.0007594736185475312
1024,1000.0,10000,19,0.6116937252107757,1000.3364698731272,Direct likelihood,reference,1000.3364419293896,2.7934338500542413e-08,0.0003364419293895935
4096,1.0,10000,0,0.010000397514736834,40.96572311930717,Banerjee,closed_form,40.9657241183507,2.438730364611479e-08,39.9657241183507
4096,1.0,10000,1,0.009941747114082524,40.725419447861434,Banerjee,closed_form,40.7254204294314,2.410214509081872e-08,39.7254204294314
4096,1.0,10000,2,0.009973705492684438,40.85635989321628,Banerjee,closed_form,40.85636088428205,2.425731931844153e-08,39.85636088428205
4096,1.0,10000,3,0.010099945839133182,41.37359657305765,Banerjee,closed_form,41.373597602231854,2.4875144837182185e-08,40.373597602231854
4096,1.0,10000,4,0.010188394024553621,41.735992147395535,Banerjee,closed_form,41.73599320384367,2.531263976128206e-08,40.73599320384367
4096,1.0,10000,5,0.010173236050404955,41.67388578558082,Banerjee,closed_form,41.673886837321035,2.5237392513721286e-08,40.673886837321035
4096,1.0,10000,6,0.009880334091122215,40.4737976019762,Banerjee,closed_form,40.47379856546915,2.3805350826612494e-08,39.47379856546915
4096,1.0,10000,7,0.00990781984588559,40.586412305552734,Banerjee,closed_form,40.586413277108484,2.3937955942371857e-08,39.586413277108484
4096,1.0,10000,8,0.010062697258628907,41.220979883564134,Banerjee,closed_form,41.22098090139426,2.4692041101103623e-08,40.22098090139426
4096,1.0,10000,9,0.009919527085115657,40.634379291408166,Banerjee,closed_form,40.634380266411775,2.3994549086731144e-08,39.634380266411775
4096,1.0,10000,10,0.009718233485842801,39.80964230775165,Banerjee,closed_form,39.80964322459897,2.3030785173981484e-08,38.80964322459897
4096,1.0,10000,11,0.009950202564592062,40.760063247923696,Banerjee,closed_form,40.76006423200011,2.414315230663329e-08,39.76006423200011
4096,1.0,10000,12,0.010331427335884295,42.3220415501836,Banerjee,closed_form,42.32204265175002,2.6028196612877392e-08,41.32204265175002
4096,1.0,10000,13,0.009958791947877976,40.795255817286396,Banerjee,closed_form,40.79525680391332,2.4184844600617128e-08,39.79525680391332
4096,1.0,10000,14,0.009971508758191108,40.84735938501771,Banerjee,closed_form,40.847360375428806,2.4246636998565393e-08,39.847360375428806
4096,1.0,10000,15,0.009945092474457665,40.73912610703699,Banerjee,closed_form,40.73912708959811,2.4118365134004495e-08,39.73912708959811
4096,1.0,10000,16,0.01001048019927904,41.00703419429306,Banerjee,closed_form,41.00703519636124,2.4436494711331188e-08,40.00703519636124
4096,1.0,10000,17,0.009947350171400545,40.748376377327226,Banerjee,closed_form,40.74837736055763,2.4129314950113533e-08,39.74837736055763
4096,1.0,10000,18,0.00986185370637132,40.39807982622282,Banerjee,closed_form,40.398080784319816,2.3716399428284763e-08,39.398080784319816
4096,1.0,10000,19,0.010099085606787779,41.37007198351688,Banerjee,closed_form,41.37007301242815,2.4870908401139248e-08,40.37007301242815
4096,1.0,10000,0,0.010000397514736834,40.96572311930717,Sra two-step (SciPy),sra,,,
4096,1.0,10000,1,0.009941747114082524,40.725419447861434,Sra two-step (SciPy),sra,,,
4096,1.0,10000,2,0.009973705492684438,40.85635989321628,Sra two-step (SciPy),sra,,,
4096,1.0,10000,3,0.010099945839133182,41.37359657305765,Sra two-step (SciPy),sra,,,
4096,1.0,10000,4,0.010188394024553621,41.735992147395535,Sra two-step (SciPy),sra,,,
4096,1.0,10000,5,0.010173236050404955,41.67388578558082,Sra two-step (SciPy),sra,,,
4096,1.0,10000,6,0.009880334091122215,40.4737976019762,Sra two-step (SciPy),sra,,,
4096,1.0,10000,7,0.00990781984588559,40.586412305552734,Sra two-step (SciPy),sra,,,
4096,1.0,10000,8,0.010062697258628907,41.220979883564134,Sra two-step (SciPy),sra,,,
4096,1.0,10000,9,0.009919527085115657,40.634379291408166,Sra two-step (SciPy),sra,,,
4096,1.0,10000,10,0.009718233485842801,39.80964230775165,Sra two-step (SciPy),sra,,,
4096,1.0,10000,11,0.009950202564592062,40.760063247923696,Sra two-step (SciPy),sra,,,
4096,1.0,10000,12,0.010331427335884295,42.3220415501836,Sra two-step (SciPy),sra,,,
4096,1.0,10000,13,0.009958791947877976,40.795255817286396,Sra two-step (SciPy),sra,,,
4096,1.0,10000,14,0.009971508758191108,40.84735938501771,Sra two-step (SciPy),sra,,,
4096,1.0,10000,15,0.009945092474457665,40.73912610703699,Sra two-step (SciPy),sra,,,
4096,1.0,10000,16,0.01001048019927904,41.00703419429306,Sra two-step (SciPy),sra,,,
4096,1.0,10000,17,0.009947350171400545,40.748376377327226,Sra two-step (SciPy),sra,,,
4096,1.0,10000,18,0.00986185370637132,40.39807982622282,Sra two-step (SciPy),sra,,,
4096,1.0,10000,19,0.010099085606787779,41.37007198351688,Sra two-step (SciPy),sra,,,
4096,1.0,10000,0,0.010000397514736834,40.96572311930717,Converged Newton (SciPy),converged,40.95572372083596,0.00024409183360651681,39.95572372083596
4096,1.0,10000,1,0.009941747114082524,40.725419447861434,Converged Newton (SciPy),converged,40.715478682317325,0.00024409240417609486,39.715478682317325
4096,1.0,10000,2,0.009973705492684438,40.85635989321628,Converged Newton (SciPy),converged,40.846387178789364,0.00024409209369068456,39.846387178789364
4096,1.0,10000,3,0.010099945839133182,41.37359657305765,Converged Newton (SciPy),converged,41.363497656392724,0.0002440908574890291,40.363497656392724
4096,1.0,10000,4,0.010188394024553621,41.735992147395535,Converged Newton (SciPy),converged,41.72580480981912,0.00024408998210563124,40.72580480981912
4096,1.0,10000,5,0.010173236050404955,41.67388578558082,Converged Newton (SciPy),converged,41.66371360127063,0.00024409013266798156,40.66371360127063
4096,1.0,10000,6,0.009880334091122215,40.4737976019762,Converged Newton (SciPy),converged,40.46391823137803,0.0002440929980261647,39.46391823137803
4096,1.0,10000,7,0.00990781984588559,40.586412305552734,Converged Newton (SciPy),converged,40.5765054572626,0.0002440927326996208,39.5765054572626
4096,1.0,10000,8,0.010062697258628907,41.220979883564134,Converged Newton (SciPy),converged,41.21091820413563,0.00024409122386037608,40.21091820413563
4096,1.0,10000,9,0.009919527085115657,40.634379291408166,Converged Newton (SciPy),converged,40.62446073932666,0.00024409261946338093,39.62446073932666
4096,1.0,10000,10,0.009718233485842801,39.80964230775165,Converged Newton (SciPy),converged,39.79992499111313,0.00024409454783344501,38.79992499111313
4096,1.0,10000,11,0.009950202564592062,40.760063247923696,Converged Newton (SciPy),converged,40.75011402943552,0.00024409232212564816,39.75011402943552
4096,1.0,10000,12,0.010331427335884295,42.3220415501836,Converged Newton (SciPy),converged,42.31171122441413,0.00024408855034124477,41.31171122441413
4096,1.0,10000,13,0.009958791947877976,40.795255817286396,Converged Newton (SciPy),converged,40.78529801196544,0.00024409223870435645,39.78529801196544
4096,1.0,10000,14,0.009971508758191108,40.84735938501771,Converged Newton (SciPy),converged,40.83738886667062,0.0002440921150645028,39.83738886667062
4096,1.0,10000,15,0.009945092474457665,40.73912610703699,Converged Newton (SciPy),converged,40.72918199712365,0.00024409237172165832,39.72918199712365
4096,1.0,10000,16,0.01001048019927904,41.00703419429306,Converged Newton (SciPy),converged,40.99702471616195,0.00024409173518096045,39.99702471616195
4096,1.0,10000,17,0.009947350171400545,40.748376377327226,Converged Newton (SciPy),converged,40.73843001038623,0.00024409234981270363,39.73843001038623
4096,1.0,10000,18,0.00986185370637132,40.39807982622282,Converged Newton (SciPy),converged,40.38821893061345,0.00024409317600710567,39.38821893061345
4096,1.0,10000,19,0.010099085606787779,41.37007198351688,Converged Newton (SciPy),converged,41.35997392682137,0.00024409086596549647,40.35997392682137
4096,1.0,10000,0,0.010000397514736834,40.96572311930717,Banerjee (Torch),closed_form,40.9657241183507,2.438730364611479e-08,39.9657241183507
4096,1.0,10000,1,0.009941747114082524,40.725419447861434,Banerjee (Torch),closed_form,40.7254204294314,2.410214509081872e-08,39.7254204294314
4096,1.0,10000,2,0.009973705492684438,40.85635989321628,Banerjee (Torch),closed_form,40.85636088428205,2.425731931844153e-08,39.85636088428205
4096,1.0,10000,3,0.010099945839133182,41.37359657305765,Banerjee (Torch),closed_form,41.373597602231854,2.4875144837182185e-08,40.373597602231854
4096,1.0,10000,4,0.010188394024553621,41.735992147395535,Banerjee (Torch),closed_form,41.73599320384367,2.531263976128206e-08,40.73599320384367
4096,1.0,10000,5,0.010173236050404955,41.67388578558082,Banerjee (Torch),closed_form,41.673886837321035,2.5237392513721286e-08,40.673886837321035
4096,1.0,10000,6,0.009880334091122215,40.4737976019762,Banerjee (Torch),closed_form,40.47379856546915,2.3805350826612494e-08,39.47379856546915
4096,1.0,10000,7,0.00990781984588559,40.586412305552734,Banerjee (Torch),closed_form,40.586413277108484,2.3937955942371857e-08,39.586413277108484
4096,1.0,10000,8,0.010062697258628907,41.220979883564134,Banerjee (Torch),closed_form,41.22098090139426,2.4692041101103623e-08,40.22098090139426
4096,1.0,10000,9,0.009919527085115657,40.634379291408166,Banerjee (Torch),closed_form,40.634380266411775,2.3994549086731144e-08,39.634380266411775
4096,1.0,10000,10,0.009718233485842801,39.80964230775165,Banerjee (Torch),closed_form,39.80964322459897,2.3030785173981484e-08,38.80964322459897
4096,1.0,10000,11,0.009950202564592062,40.760063247923696,Banerjee (Torch),closed_form,40.76006423200011,2.414315230663329e-08,39.76006423200011
4096,1.0,10000,12,0.010331427335884295,42.3220415501836,Banerjee (Torch),closed_form,42.32204265175002,2.6028196612877392e-08,41.32204265175002
4096,1.0,10000,13,0.009958791947877976,40.795255817286396,Banerjee (Torch),closed_form,40.79525680391332,2.4184844600617128e-08,39.79525680391332
4096,1.0,10000,14,0.009971508758191108,40.84735938501771,Banerjee (Torch),closed_form,40.847360375428806,2.4246636998565393e-08,39.847360375428806
4096,1.0,10000,15,0.009945092474457665,40.73912610703699,Banerjee (Torch),closed_form,40.73912708959811,2.4118365134004495e-08,39.73912708959811
4096,1.0,10000,16,0.01001048019927904,41.00703419429306,Banerjee (Torch),closed_form,41.00703519636124,2.4436494711331188e-08,40.00703519636124
4096,1.0,10000,17,0.009947350171400545,40.748376377327226,Banerjee (Torch),closed_form,40.74837736055763,2.4129314950113533e-08,39.74837736055763
4096,1.0,10000,18,0.00986185370637132,40.39807982622282,Banerjee (Torch),closed_form,40.398080784319816,2.3716399428284763e-08,39.398080784319816
4096,1.0,10000,19,0.010099085606787779,41.37007198351688,Banerjee (Torch),closed_form,41.37007301242815,2.4870908401139248e-08,40.37007301242815
4096,1.0,10000,0,0.010000397514736834,40.96572311930717,Sra two-step (CUSF),sra,40.96572311926669,9.881338976578407e-13,39.96572311926669
4096,1.0,10000,1,0.009941747114082524,40.725419447861434,Sra two-step (CUSF),sra,40.725419447870955,2.3379188694115027e-13,39.725419447870955
4096,1.0,10000,2,0.009973705492684438,40.85635989321628,Sra two-step (CUSF),sra,40.856359893224855,2.0991225951209608e-13,39.856359893224855
4096,1.0,10000,3,0.010099945839133182,41.37359657305765,Sra two-step (CUSF),sra,41.37359657300299,1.3210103003290275e-12,40.37359657300299
4096,1.0,10000,4,0.010188394024553621,41.735992147395535,Sra two-step (CUSF),sra,41.735992147393546,4.766915934577664e-14,40.735992147393546
4096,1.0,10000,5,0.010173236050404955,41.67388578558082,Sra two-step (CUSF),sra,41.67388578551855,1.4942682734798226e-12,40.67388578551855
4096,1.0,10000,6,0.009880334091122215,40.4737976019762,Sra two-step (CUSF),sra,40.473797602057466,2.00783661291311e-12,39.473797602057466
4096,1.0,10000,7,0.00990781984588559,40.586412305552734,Sra two-step (CUSF),sra,40.586412305538225,3.5749113656533253e-13,39.586412305538225
4096,1.0,10000,8,0.010062697258628907,41.220979883564134,Sra two-step (CUSF),sra,41.22097988360523,9.970115206492445e-13,40.22097988360523
4096,1.0,10000,9,0.009919527085115657,40.634379291408166,Sra two-step (CUSF),sra,40.634379291366095,1.0353606014907476e-12,39.634379291366095
4096,1.0,10000,10,0.009718233485842801,39.80964230775165,Sra two-step (CUSF),sra,39.809642307802875,1.286698971695397e-12,38.809642307802875
4096,1.0,10000,11,0.009950202564592062,40.760063247923696,Sra two-step (CUSF),sra,40.760063247960225,8.961959117491685e-13,39.760063247960225
4096,1.0,10000,12,0.010331427335884295,42.3220415501836,Sra two-step (CUSF),sra,42.32204155021786,8.09563278693095e-13,41.32204155021786
4096,1.0,10000,13,0.009958791947877976,40.795255817286396,Sra two-step (CUSF),sra,40.795255817350146,1.5626791148931366e-12,39.795255817350146
4096,1.0,10000,14,0.009971508758191108,40.84735938501771,Sra two-step (CUSF),sra,40.8473593850414,5.79951682725683e-13,39.8473593850414
4096,1.0,10000,15,0.009945092474457665,40.73912610703699,Sra two-step (CUSF),sra,40.73912610704077,9.278763968358141e-14,39.73912610704077
4096,1.0,10000,16,0.01001048019927904,41.00703419429306,Sra two-step (CUSF),sra,41.0070341942624,7.476746282791467e-13,40.0070341942624
4096,1.0,10000,17,0.009947350171400545,40.748376377327226,Sra two-step (CUSF),sra,40.748376377321904,1.3060557411078448e-13,39.748376377321904
4096,1.0,10000,18,0.00986185370637132,40.39807982622282,Sra two-step (CUSF),sra,40.39807982622929,1.6023148502649355e-13,39.39807982622929
4096,1.0,10000,19,0.010099085606787779,41.37007198351688,Sra two-step (CUSF),sra,41.37007198352335,1.564668373154771e-13,40.37007198352335
4096,1.0,10000,0,0.010000397514736834,40.96572311930717,Converged Newton (CUSF),converged,40.965723119245254,1.511426853465056e-12,39.965723119245254
4096,1.0,10000,1,0.009941747114082524,40.725419447861434,Converged Newton (CUSF),converged,40.72541944785421,1.7743757389488793e-13,39.72541944785421
4096,1.0,10000,2,0.009973705492684438,40.85635989321628,Converged Newton (CUSF),converged,40.85635989320015,3.947811342936687e-13,39.85635989320015
4096,1.0,10000,3,0.010099945839133182,41.37359657305765,Converged Newton (CUSF),converged,41.373596573085536,6.74072468641632e-13,40.373596573085536
4096,1.0,10000,4,0.010188394024553621,41.735992147395535,Converged Newton (CUSF),converged,41.73599214746605,1.689531204812455e-12,40.73599214746605
4096,1.0,10000,5,0.010173236050404955,41.67388578558082,Converged Newton (CUSF),converged,41.6738857856078,6.473912179829857e-13,40.6738857856078
4096,1.0,10000,6,0.009880334091122215,40.4737976019762,Converged Newton (CUSF),converged,40.473797602001234,6.184846014945254e-13,39.473797602001234
4096,1.0,10000,7,0.00990781984588559,40.586412305552734,Converged Newton (CUSF),converged,40.58641230554356,2.260142298265643e-13,39.58641230554356
4096,1.0,10000,8,0.010062697258628907,41.220979883564134,Converged Newton (CUSF),converged,41.22097988359764,8.129160323965832e-13,40.22097988359764
4096,1.0,10000,9,0.009919527085115657,40.634379291408166,Converged Newton (CUSF),converged,40.63437929142588,4.3593210260368744e-13,39.63437929142588
4096,1.0,10000,10,0.009718233485842801,39.80964230775165,Converged Newton (CUSF),converged,39.809642307792394,1.0234334725622703e-12,38.809642307792394
4096,1.0,10000,11,0.009950202564592062,40.760063247923696,Converged Newton (CUSF),converged,40.76006324794981,6.406380034386684e-13,39.76006324794981
4096,1.0,10000,12,0.010331427335884295,42.3220415501836,Converged Newton (CUSF),converged,42.32204155020455,4.951062025852213e-13,41.32204155020455
4096,1.0,10000,13,0.009958791947877976,40.795255817286396,Converged Newton (CUSF),converged,40.79525581730428,4.383931489284468e-13,39.79525581730428
4096,1.0,10000,14,0.009971508758191108,40.84735938501771,Converged Newton (CUSF),converged,40.8473593849768,1.0016082150973253e-12,39.8473593849768
4096,1.0,10000,15,0.009945092474457665,40.73912610703699,Converged Newton (CUSF),converged,40.739126106968094,1.6911070570902357e-12,39.739126106968094
4096,1.0,10000,16,0.01001048019927904,41.00703419429306,Converged Newton (CUSF),converged,41.007034194293176,2.7723740561915056e-15,40.007034194293176
4096,1.0,10000,17,0.009947350171400545,40.748376377327226,Converged Newton (CUSF),converged,40.74837637736562,9.42138740881934e-13,39.74837637736562
4096,1.0,10000,18,0.00986185370637132,40.39807982622282,Converged Newton (CUSF),converged,40.39807982617805,1.1082531143270427e-12,39.39807982617805
4096,1.0,10000,19,0.010099085606787779,41.37007198351688,Converged Newton (CUSF),converged,41.37007198350653,2.5024388800071364e-13,40.37007198350653
4096,1.0,10000,0,0.010000397514736834,40.96572311930717,SciPy Brent,reference,,,
4096,1.0,10000,1,0.009941747114082524,40.725419447861434,SciPy Brent,reference,,,
4096,1.0,10000,2,0.009973705492684438,40.85635989321628,SciPy Brent,reference,,,
4096,1.0,10000,3,0.010099945839133182,41.37359657305765,SciPy Brent,reference,,,
4096,1.0,10000,4,0.010188394024553621,41.735992147395535,SciPy Brent,reference,,,
4096,1.0,10000,5,0.010173236050404955,41.67388578558082,SciPy Brent,reference,,,
4096,1.0,10000,6,0.009880334091122215,40.4737976019762,SciPy Brent,reference,,,
4096,1.0,10000,7,0.00990781984588559,40.586412305552734,SciPy Brent,reference,,,
4096,1.0,10000,8,0.010062697258628907,41.220979883564134,SciPy Brent,reference,,,
4096,1.0,10000,9,0.009919527085115657,40.634379291408166,SciPy Brent,reference,,,
4096,1.0,10000,10,0.009718233485842801,39.80964230775165,SciPy Brent,reference,,,
4096,1.0,10000,11,0.009950202564592062,40.760063247923696,SciPy Brent,reference,,,
4096,1.0,10000,12,0.010331427335884295,42.3220415501836,SciPy Brent,reference,,,
4096,1.0,10000,13,0.009958791947877976,40.795255817286396,SciPy Brent,reference,,,
4096,1.0,10000,14,0.009971508758191108,40.84735938501771,SciPy Brent,reference,,,
4096,1.0,10000,15,0.009945092474457665,40.73912610703699,SciPy Brent,reference,,,
4096,1.0,10000,16,0.01001048019927904,41.00703419429306,SciPy Brent,reference,,,
4096,1.0,10000,17,0.009947350171400545,40.748376377327226,SciPy Brent,reference,,,
4096,1.0,10000,18,0.00986185370637132,40.39807982622282,SciPy Brent,reference,,,
4096,1.0,10000,19,0.010099085606787779,41.37007198351688,SciPy Brent,reference,,,
4096,1.0,10000,0,0.010000397514736834,40.96572311930717,Direct likelihood,reference,40.96572449913378,3.368246674744412e-08,39.96572449913378
4096,1.0,10000,1,0.009941747114082524,40.725419447861434,Direct likelihood,reference,40.72542079635168,3.311175826290867e-08,39.72542079635168
4096,1.0,10000,2,0.009973705492684438,40.85635989321628,Direct likelihood,reference,40.85636125873057,3.342231900266165e-08,39.85636125873057
4096,1.0,10000,3,0.010099945839133182,41.37359657305765,Direct likelihood,reference,41.37359800701775,3.465882155907626e-08,40.37359800701775
4096,1.0,10000,4,0.010188394024553621,41.735992147395535,Direct likelihood,reference,41.735993630459724,3.553441795637984e-08,40.735993630459724
4096,1.0,10000,5,0.010173236050404955,41.67388578558082,Direct likelihood,reference,41.67388726016205,3.538381884309668e-08,40.67388726016205
4096,1.0,10000,6,0.009880334091122215,40.4737976019762,Direct likelihood,reference,40.473798918093586,3.2517763638285424e-08,39.473798918093586
4096,1.0,10000,7,0.00990781984588559,40.586412305552734,Direct likelihood,reference,40.586413636103366,3.2783154653679425e-08,39.586413636103366
4096,1.0,10000,8,0.010062697258628907,41.220979883564134,Direct likelihood,reference,41.220981297128866,3.429236121815659e-08,40.220981297128866
4096,1.0,10000,9,0.009919527085115657,40.634379291408166,Direct likelihood,reference,40.63438062813372,3.2896418664889146e-08,39.63438062813372
4096,1.0,10000,10,0.009718233485842801,39.80964230775165,Direct likelihood,reference,39.809643540559904,3.0967579221063706e-08,38.809643540559904
4096,1.0,10000,11,0.009950202564592062,40.760063247923696,Direct likelihood,reference,40.76006460090624,3.319382836942729e-08,39.76006460090624
4096,1.0,10000,12,0.010331427335884295,42.3220415501836,Direct likelihood,reference,42.322043114682664,3.696653110541584e-08,41.322043114682664
4096,1.0,10000,13,0.009958791947877976,40.795255817286396,Direct likelihood,reference,40.79525717484115,3.327727021397504e-08,39.79525717484115
4096,1.0,10000,14,0.009971508758191108,40.84735938501771,Direct likelihood,reference,40.84736074935791,3.340093999877763e-08,39.84736074935791
4096,1.0,10000,15,0.009945092474457665,40.73912610703699,Direct likelihood,reference,40.73912745730356,3.314422034442223e-08,39.73912745730356
4096,1.0,10000,16,0.01001048019927904,41.00703419429306,Direct likelihood,reference,41.00703557954825,3.378091627441314e-08,40.00703557954825
4096,1.0,10000,17,0.009947350171400545,40.748376377327226,Direct likelihood,reference,40.748377728793365,3.3166134681896824e-08,39.748377728793365
4096,1.0,10000,18,0.00986185370637132,40.39807982622282,Direct likelihood,reference,40.398081132686194,3.233973942417861e-08,39.398081132686194
4096,1.0,10000,19,0.010099085606787779,41.37007198351688,Direct likelihood,reference,41.37007341700407,3.465034319086385e-08,40.37007341700407
4096,10.0,10000,0,0.010362891621123046,42.45096064411647,Banerjee,closed_form,42.450961755777286,2.6186941310372115e-08,3.2450961755777286
4096,10.0,10000,1,0.010253322734221356,42.00202346383819,Banerjee,closed_form,42.002024540611515,2.5636224975614035e-08,3.2002024540611513
4096,10.0,10000,2,0.010203375482497114,41.79737533060807,Banerjee,closed_form,41.79737639172308,2.5387120579311855e-08,3.179737639172308
4096,10.0,10000,3,0.010418130784852327,42.677293519159825,Banerjee,closed_form,42.67729464869132,2.6466802473327263e-08,3.267729464869132
4096,10.0,10000,4,0.010466984096268455,42.87746212474326,Banerjee,closed_form,42.87746327023824,2.6715549856063213e-08,3.287746327023824
4096,10.0,10000,5,0.010446146393297486,42.79208290507722,Banerjee,closed_form,42.792084043744936,2.6609307977213086e-08,3.2792084043744936
4096,10.0,10000,6,0.01018925113311873,41.739503957098485,Banerjee,closed_form,41.73950501381324,2.5316897858896932e-08,3.1739505013813245
4096,10.0,10000,7,0.010208956982032967,41.820244294722855,Banerjee,closed_form,41.82024535758006,2.5414897172207866e-08,3.182024535758006
4096,10.0,10000,8,0.010295297921237062,42.1740082605958,Banerjee,closed_form,42.174009350646735,2.5846510246066333e-08,3.2174009350646733
4096,10.0,10000,9,0.010171930169820079,41.66853523869749,Banerjee,closed_form,41.66853629003277,2.523091526785031e-08,3.1668536290032767
4096,10.0,10000,10,0.010019937442097638,41.04578271357436,Banerjee,closed_form,41.04578371848509,2.4482679155244872e-08,3.104578371848509
4096,10.0,10000,11,0.010212776005769317,41.835891907224,Banerjee,closed_form,41.835892971274376,2.5433911520395476e-08,3.1835892971274378
4096,10.0,10000,12,0.010653544834540526,43.64187049120199,Banerjee,closed_form,43.641871699041424,2.7676160953514886e-08,3.3641871699041426
4096,10.0,10000,13,0.010276686768323393,42.097752789612564,Banerjee,closed_form,42.097753873763025,2.5753167093452086e-08,3.2097753873763026
4096,10.0,10000,14,0.010274496253649349,42.088777600283535,Banerjee,closed_form,42.08877868374092,2.5742191767696223e-08,3.208877868374092
4096,10.0,10000,15,0.010298203500816436,42.185913298797125,Banerjee,closed_form,42.18591438977116,2.5861098004282053e-08,3.2185914389771164
4096,10.0,10000,16,0.010301151707490044,42.19799299527784,Banerjee,closed_form,42.19799408718907,2.5875904335074444e-08,3.2197994087189072
4096,10.0,10000,17,0.010224985089397011,41.88591597530754,Banerjee,closed_form,41.88591704317833,2.5494746051026267e-08,3.188591704317833
4096,10.0,10000,18,0.010159007665310279,41.615588256381756,Banerjee,closed_form,41.615589303715524,2.5166862035055185e-08,3.1615589303715526
4096,10.0,10000,19,0.010413091219595804,42.656644743874345,Banerjee,closed_form,42.656645871767594,2.6441208768111842e-08,3.2656645871767593
4096,10.0,10000,0,0.010362891621123046,42.45096064411647,Sra two-step (SciPy),sra,,,
4096,10.0,10000,1,0.010253322734221356,42.00202346383819,Sra two-step (SciPy),sra,,,
4096,10.0,10000,2,0.010203375482497114,41.79737533060807,Sra two-step (SciPy),sra,,,
4096,10.0,10000,3,0.010418130784852327,42.677293519159825,Sra two-step (SciPy),sra,,,
4096,10.0,10000,4,0.010466984096268455,42.87746212474326,Sra two-step (SciPy),sra,,,
4096,10.0,10000,5,0.010446146393297486,42.79208290507722,Sra two-step (SciPy),sra,,,
4096,10.0,10000,6,0.01018925113311873,41.739503957098485,Sra two-step (SciPy),sra,,,
4096,10.0,10000,7,0.010208956982032967,41.820244294722855,Sra two-step (SciPy),sra,,,
4096,10.0,10000,8,0.010295297921237062,42.1740082605958,Sra two-step (SciPy),sra,,,
4096,10.0,10000,9,0.010171930169820079,41.66853523869749,Sra two-step (SciPy),sra,,,
4096,10.0,10000,10,0.010019937442097638,41.04578271357436,Sra two-step (SciPy),sra,,,
4096,10.0,10000,11,0.010212776005769317,41.835891907224,Sra two-step (SciPy),sra,,,
4096,10.0,10000,12,0.010653544834540526,43.64187049120199,Sra two-step (SciPy),sra,,,
4096,10.0,10000,13,0.010276686768323393,42.097752789612564,Sra two-step (SciPy),sra,,,
4096,10.0,10000,14,0.010274496253649349,42.088777600283535,Sra two-step (SciPy),sra,,,
4096,10.0,10000,15,0.010298203500816436,42.185913298797125,Sra two-step (SciPy),sra,,,
4096,10.0,10000,16,0.010301151707490044,42.19799299527784,Sra two-step (SciPy),sra,,,
4096,10.0,10000,17,0.010224985089397011,41.88591597530754,Sra two-step (SciPy),sra,,,
4096,10.0,10000,18,0.010159007665310279,41.615588256381756,Sra two-step (SciPy),sra,,,
4096,10.0,10000,19,0.010413091219595804,42.656644743874345,Sra two-step (SciPy),sra,,,
4096,10.0,10000,0,0.010362891621123046,42.45096064411647,Converged Newton (SciPy),converged,42.44059886415617,0.00024408823270610094,3.2440598864156174
4096,10.0,10000,1,0.010253322734221356,42.00202346383819,Converged Newton (SciPy),converged,41.9917712178773,0.0002440893346416688,3.19917712178773
4096,10.0,10000,2,0.010203375482497114,41.79737533060807,Converged Newton (SciPy),converged,41.78717301624058,0.00024408983307664162,3.178717301624058
4096,10.0,10000,3,0.010418130784852327,42.677293519159825,Converged Newton (SciPy),converged,42.66687651790647,0.0002440876727263613,3.2666876517906474
4096,10.0,10000,4,0.010466984096268455,42.87746212474326,Converged Newton (SciPy),converged,42.86699628614196,0.00024408717500234368,3.2866996286141963
4096,10.0,10000,5,0.010446146393297486,42.79208290507722,Converged Newton (SciPy),converged,42.78163789735164,0.0002440873875841861,3.2781637897351636
4096,10.0,10000,6,0.01018925113311873,41.739503957098485,Converged Newton (SciPy),converged,41.72931576268012,0.00024408997358554016,3.172931576268012
4096,10.0,10000,7,0.010208956982032967,41.820244294722855,Converged Newton (SciPy),converged,41.81003640059803,0.0002440897774983405,3.181003640059803
4096,10.0,10000,8,0.010295297921237062,42.1740082605958,Converged Newton (SciPy),converged,42.163714052725496,0.00024408891388017436,3.2163714052725494
4096,10.0,10000,9,0.010171930169820079,41.66853523869749,Converged Newton (SciPy),converged,41.658364359862944,0.00024409014562858206,3.1658364359862943
4096,10.0,10000,10,0.010019937442097638,41.04578271357436,Converged Newton (SciPy),converged,41.035763781042995,0.00024409164277072108,3.1035763781042993
4096,10.0,10000,11,0.010212776005769317,41.835891907224,Converged Newton (SciPy),converged,41.8256801952686,0.0002440897394525534,3.1825680195268604
4096,10.0,10000,12,0.010653544834540526,43.64187049120199,Converged Newton (SciPy),converged,43.63121815420688,0.0002440852528826021,3.363121815420688
4096,10.0,10000,13,0.010276686768323393,42.097752789612564,Converged Newton (SciPy),converged,42.087477186994704,0.00024408910065135608,3.2087477186994704
4096,10.0,10000,14,0.010274496253649349,42.088777600283535,Converged Newton (SciPy),converged,42.07850418748727,0.00024408912261203444,3.207850418748727
4096,10.0,10000,15,0.010298203500816436,42.185913298797125,Converged Newton (SciPy),converged,42.17561618627035,0.00024408888469109357,3.217561618627035
4096,10.0,10000,16,0.010301151707490044,42.19799299527784,Converged Newton (SciPy),converged,42.18769293548158,0.00024408885506515513,3.2187692935481578
4096,10.0,10000,17,0.010224985089397011,41.88591597530754,Converged Newton (SciPy),converged,41.87569205808894,0.0002440896177280768,3.187569205808894
4096,10.0,10000,18,0.010159007665310279,41.615588256381756,Converged Newton (SciPy),converged,41.6054302960502,0.00024409027379293445,3.1605430296050203
4096,10.0,10000,19,0.010413091219595804,42.656644743874345,Converged Newton (SciPy),converged,42.646232780548,0.000244087723937621,3.2646232780548
4096,10.0,10000,0,0.010362891621123046,42.45096064411647,Banerjee (Torch),closed_form,42.450961755777286,2.6186941310372115e-08,3.2450961755777286
4096,10.0,10000,1,0.010253322734221356,42.00202346383819,Banerjee (Torch),closed_form,42.002024540611515,2.5636224975614035e-08,3.2002024540611513
4096,10.0,10000,2,0.010203375482497114,41.79737533060807,Banerjee (Torch),closed_form,41.79737639172308,2.5387120579311855e-08,3.179737639172308
4096,10.0,10000,3,0.010418130784852327,42.677293519159825,Banerjee (Torch),closed_form,42.67729464869132,2.6466802473327263e-08,3.267729464869132
4096,10.0,10000,4,0.010466984096268455,42.87746212474326,Banerjee (Torch),closed_form,42.87746327023824,2.6715549856063213e-08,3.287746327023824
4096,10.0,10000,5,0.010446146393297486,42.79208290507722,Banerjee (Torch),closed_form,42.792084043744936,2.6609307977213086e-08,3.2792084043744936
4096,10.0,10000,6,0.01018925113311873,41.739503957098485,Banerjee (Torch),closed_form,41.73950501381324,2.5316897858896932e-08,3.1739505013813245
4096,10.0,10000,7,0.010208956982032967,41.820244294722855,Banerjee (Torch),closed_form,41.82024535758006,2.5414897172207866e-08,3.182024535758006
4096,10.0,10000,8,0.010295297921237062,42.1740082605958,Banerjee (Torch),closed_form,42.174009350646735,2.5846510246066333e-08,3.2174009350646733
4096,10.0,10000,9,0.010171930169820079,41.66853523869749,Banerjee (Torch),closed_form,41.66853629003277,2.523091526785031e-08,3.1668536290032767
4096,10.0,10000,10,0.010019937442097638,41.04578271357436,Banerjee (Torch),closed_form,41.04578371848509,2.4482679155244872e-08,3.104578371848509
4096,10.0,10000,11,0.010212776005769317,41.835891907224,Banerjee (Torch),closed_form,41.835892971274376,2.5433911520395476e-08,3.1835892971274378
4096,10.0,10000,12,0.010653544834540526,43.64187049120199,Banerjee (Torch),closed_form,43.641871699041424,2.7676160953514886e-08,3.3641871699041426
4096,10.0,10000,13,0.010276686768323393,42.097752789612564,Banerjee (Torch),closed_form,42.097753873763025,2.5753167093452086e-08,3.2097753873763026
4096,10.0,10000,14,0.010274496253649349,42.088777600283535,Banerjee (Torch),closed_form,42.08877868374092,2.5742191767696223e-08,3.208877868374092
4096,10.0,10000,15,0.010298203500816436,42.185913298797125,Banerjee (Torch),closed_form,42.18591438977116,2.5861098004282053e-08,3.2185914389771164
4096,10.0,10000,16,0.010301151707490044,42.19799299527784,Banerjee (Torch),closed_form,42.19799408718907,2.5875904335074444e-08,3.2197994087189072
4096,10.0,10000,17,0.010224985089397011,41.88591597530754,Banerjee (Torch),closed_form,41.88591704317833,2.5494746051026267e-08,3.188591704317833
4096,10.0,10000,18,0.010159007665310279,41.615588256381756,Banerjee (Torch),closed_form,41.615589303715524,2.5166862035055185e-08,3.1615589303715526
4096,10.0,10000,19,0.010413091219595804,42.656644743874345,Banerjee (Torch),closed_form,42.656645871767594,2.6441208768111842e-08,3.2656645871767593
4096,10.0,10000,0,0.010362891621123046,42.45096064411647,Sra two-step (CUSF),sra,42.450960644126006,2.2462350366674502e-13,3.245096064412601
4096,10.0,10000,1,0.010253322734221356,42.00202346383819,Sra two-step (CUSF),sra,42.002023463843535,1.2721485614892513e-13,3.2002023463843536
4096,10.0,10000,2,0.010203375482497114,41.79737533060807,Sra two-step (CUSF),sra,41.7973753305831,5.973693691796384e-13,3.17973753305831
4096,10.0,10000,3,0.010418130784852327,42.677293519159825,Sra two-step (CUSF),sra,42.67729351916814,1.947956236882951e-13,3.267729351916814
4096,10.0,10000,4,0.010466984096268455,42.87746212474326,Sra two-step (CUSF),sra,42.877462124743985,1.690290317012651e-14,3.2877462124743984
4096,10.0,10000,5,0.010446146393297486,42.79208290507722,Sra two-step (CUSF),sra,42.79208290499205,1.9903858834003515e-12,3.279208290499205
4096,10.0,10000,6,0.01018925113311873,41.739503957098485,Sra two-step (CUSF),sra,41.739503957045855,1.2609134141087474e-12,3.1739503957045856
4096,10.0,10000,7,0.010208956982032967,41.820244294722855,Sra two-step (CUSF),sra,41.82024429472277,2.0388481638298636e-15,3.182024429472277
4096,10.0,10000,8,0.010295297921237062,42.1740082605958,Sra two-step (CUSF),sra,42.17400826050637,2.120474491544163e-12,3.217400826050637
4096,10.0,10000,9,0.010171930169820079,41.66853523869749,Sra two-step (CUSF),sra,41.66853523867461,5.490828021770034e-13,3.1668535238674607
4096,10.0,10000,10,0.010019937442097638,41.04578271357436,Sra two-step (CUSF),sra,41.04578271354409,7.374477605800384e-13,3.1045782713544092
4096,10.0,10000,11,0.010212776005769317,41.835891907224,Sra two-step (CUSF),sra,41.83589190727171,1.1403088856029751e-12,3.183589190727171
4096,10.0,10000,12,0.010653544834540526,43.64187049120199,Sra two-step (CUSF),sra,43.64187049120491,6.691579923373673e-14,3.364187049120491
4096,10.0,10000,13,0.010276686768323393,42.097752789612564,Sra two-step (CUSF),sra,42.09775278964052,6.641650634391799e-13,3.2097752789640523
4096,10.0,10000,14,0.010274496253649349,42.088777600283535,Sra two-step (CUSF),sra,42.08877760025407,7.000965324251387e-13,3.208877760025407
4096,10.0,10000,15,0.010298203500816436,42.185913298797125,Sra two-step (CUSF),sra,42.18591329879056,1.5563050234141856e-13,3.218591329879056
4096,10.0,10000,16,0.010301151707490044,42.19799299527784,Sra two-step (CUSF),sra,42.197992995328775,1.2069698031606262e-12,3.2197992995328777
4096,10.0,10000,17,0.010224985089397011,41.88591597530754,Sra two-step (CUSF),sra,41.88591597522873,1.8816205498996883e-12,3.1885915975228727
4096,10.0,10000,18,0.010159007665310279,41.615588256381756,Sra two-step (CUSF),sra,41.615588256388996,1.7398361481253602e-13,3.1615588256389
4096,10.0,10000,19,0.010413091219595804,42.656644743874345,Sra two-step (CUSF),sra,42.6566447439324,1.3608979763917455e-12,3.2656644743932395
4096,10.0,10000,0,0.010362891621123046,42.45096064411647,Converged Newton (CUSF),converged,42.45096064413409,4.1510155670158544e-13,3.245096064413409
4096,10.0,10000,1,0.010253322734221356,42.00202346383819,Converged Newton (CUSF),converged,42.002023463829474,2.0756998470044032e-13,3.200202346382947
4096,10.0,10000,2,0.010203375482497114,41.79737533060807,Converged Newton (CUSF),converged,41.79737533062649,4.4063215848424093e-13,3.1797375330626485
4096,10.0,10000,3,0.010418130784852327,42.677293519159825,Converged Newton (CUSF),converged,42.67729351912988,7.01597229249979e-13,3.267729351912988
4096,10.0,10000,4,0.010466984096268455,42.87746212474326,Converged Newton (CUSF),converged,42.877462124736304,1.622347274858221e-13,3.2877462124736305
4096,10.0,10000,5,0.010446146393297486,42.79208290507722,Converged Newton (CUSF),converged,42.79208290509034,3.065197581343997e-13,3.279208290509034
4096,10.0,10000,6,0.01018925113311873,41.739503957098485,Converged Newton (CUSF),converged,41.73950395713761,9.373011014017501e-13,3.173950395713761
4096,10.0,10000,7,0.010208956982032967,41.820244294722855,Converged Newton (CUSF),converged,41.82024429474475,5.234742660633175e-13,3.182024429474475
4096,10.0,10000,8,0.010295297921237062,42.1740082605958,Converged Newton (CUSF),converged,42.174008260656926,1.449423331539364e-12,3.2174008260656928
4096,10.0,10000,9,0.010171930169820079,41.66853523869749,Converged Newton (CUSF),converged,41.66853523864714,1.2083232100081508e-12,3.166853523864714
4096,10.0,10000,10,0.010019937442097638,41.04578271357436,Converged Newton (CUSF),converged,41.045782713607544,8.084227797907933e-13,3.1045782713607544
4096,10.0,10000,11,0.010212776005769317,41.835891907224,Converged Newton (CUSF),converged,41.83589190726786,1.0482553532829255e-12,3.183589190726786
4096,10.0,10000,12,0.010653544834540526,43.64187049120199,Converged Newton (CUSF),converged,43.64187049121054,1.9586303279363817e-13,3.364187049121054
4096,10.0,10000,13,0.010276686768323393,42.097752789612564,Converged Newton (CUSF),converged,42.097752789606034,1.5511250147410581e-13,3.2097752789606036
4096,10.0,10000,14,0.010274496253649349,42.088777600283535,Converged Newton (CUSF),converged,42.08877760028539,4.406201952326048e-14,3.208877760028539
4096,10.0,10000,15,0.010298203500816436,42.185913298797125,Converged Newton (CUSF),converged,42.1859132988044,1.7247363030044654e-13,3.2185913298804403
4096,10.0,10000,16,0.010301151707490044,42.19799299527784,Converged Newton (CUSF),converged,42.197992995338296,1.4326031089970155e-12,3.21979929953383
4096,10.0,10000,17,0.010224985089397011,41.88591597530754,Converged Newton (CUSF),converged,41.885915975228336,1.890950619341131e-12,3.1885915975228336
4096,10.0,10000,18,0.010159007665310279,41.615588256381756,Converged Newton (CUSF),converged,41.61558825635791,5.730019738085092e-13,3.161558825635791
4096,10.0,10000,19,0.010413091219595804,42.656644743874345,Converged Newton (CUSF),converged,42.65664474390561,7.32919350810732e-13,3.2656644743905607
4096,10.0,10000,0,0.010362891621123046,42.45096064411647,SciPy Brent,reference,,,
4096,10.0,10000,1,0.010253322734221356,42.00202346383819,SciPy Brent,reference,,,
4096,10.0,10000,2,0.010203375482497114,41.79737533060807,SciPy Brent,reference,,,
4096,10.0,10000,3,0.010418130784852327,42.677293519159825,SciPy Brent,reference,,,
4096,10.0,10000,4,0.010466984096268455,42.87746212474326,SciPy Brent,reference,,,
4096,10.0,10000,5,0.010446146393297486,42.79208290507722,SciPy Brent,reference,,,
4096,10.0,10000,6,0.01018925113311873,41.739503957098485,SciPy Brent,reference,,,
4096,10.0,10000,7,0.010208956982032967,41.820244294722855,SciPy Brent,reference,,,
4096,10.0,10000,8,0.010295297921237062,42.1740082605958,SciPy Brent,reference,,,
4096,10.0,10000,9,0.010171930169820079,41.66853523869749,SciPy Brent,reference,,,
4096,10.0,10000,10,0.010019937442097638,41.04578271357436,SciPy Brent,reference,,,
4096,10.0,10000,11,0.010212776005769317,41.835891907224,SciPy Brent,reference,,,
4096,10.0,10000,12,0.010653544834540526,43.64187049120199,SciPy Brent,reference,,,
4096,10.0,10000,13,0.010276686768323393,42.097752789612564,SciPy Brent,reference,,,
4096,10.0,10000,14,0.010274496253649349,42.088777600283535,SciPy Brent,reference,,,
4096,10.0,10000,15,0.010298203500816436,42.185913298797125,SciPy Brent,reference,,,
4096,10.0,10000,16,0.010301151707490044,42.19799299527784,SciPy Brent,reference,,,
4096,10.0,10000,17,0.010224985089397011,41.88591597530754,SciPy Brent,reference,,,
4096,10.0,10000,18,0.010159007665310279,41.615588256381756,SciPy Brent,reference,,,
4096,10.0,10000,19,0.010413091219595804,42.656644743874345,SciPy Brent,reference,,,
4096,10.0,10000,0,0.010362891621123046,42.45096064411647,Direct likelihood,reference,42.45096222686841,3.7284243228839225e-08,3.245096222686841
4096,10.0,10000,1,0.010253322734221356,42.00202346383819,Direct likelihood,reference,42.002024983557064,3.6182039490137324e-08,3.2002024983557065
4096,10.0,10000,2,0.010203375482497114,41.79737533060807,Direct likelihood,reference,41.79737682208401,3.568348323463761e-08,3.179737682208401
4096,10.0,10000,3,0.010418130784852327,42.677293519159825,Direct likelihood,reference,42.677295134254656,3.784435933088672e-08,3.267729513425466
4096,10.0,10000,4,0.010466984096268455,42.87746212474326,Direct likelihood,reference,42.87746376875969,3.8342204675901043e-08,3.287746376875969
4096,10.0,10000,5,0.010446146393297486,42.79208290507722,Direct likelihood,reference,42.792084536720985,3.812957097560616e-08,3.2792084536720987
4096,10.0,10000,6,0.01018925113311873,41.739503957098485,Direct likelihood,reference,41.739505440643185,3.554294037478431e-08,3.1739505440643185
4096,10.0,10000,7,0.010208956982032967,41.820244294722855,Direct likelihood,reference,41.820245789339715,3.573907531397418e-08,3.1820245789339716
4096,10.0,10000,8,0.010295297921237062,42.1740082605958,Direct likelihood,reference,42.174009804286946,3.6602903349947783e-08,3.2174009804286947
4096,10.0,10000,9,0.010171930169820079,41.66853523869749,Direct likelihood,reference,41.66853671254922,3.537085534136097e-08,3.166853671254922
4096,10.0,10000,10,0.010019937442097638,41.04578271357436,Direct likelihood,reference,41.045784103932476,3.3873348805729854e-08,3.1045784103932474
4096,10.0,10000,11,0.010212776005769317,41.835891907224,Direct likelihood,reference,41.83589340399216,3.5777130313066215e-08,3.183589340399216
4096,10.0,10000,12,0.010653544834540526,43.64187049120199,Direct likelihood,reference,43.64187224843284,4.0264792231974614e-08,3.364187224843284
4096,10.0,10000,13,0.010276686768323393,42.097752789612564,Direct likelihood,reference,42.09775432264799,3.641608688028729e-08,3.2097754322647987
4096,10.0,10000,14,0.010274496253649349,42.088777600283535,Direct likelihood,reference,42.0887791320676,3.639412100466514e-08,3.20887791320676
4096,10.0,10000,15,0.010298203500816436,42.185913298797125,Direct likelihood,reference,42.18591484415571,3.663209979692408e-08,3.218591484415571
4096,10.0,10000,16,0.010301151707490044,42.19799299527784,Direct likelihood,reference,42.19799454232939,3.6661732860080565e-08,3.219799454232939
4096,10.0,10000,17,0.010224985089397011,41.88591597530754,Direct likelihood,reference,41.88591747896519,3.5898884265411334e-08,3.188591747896519
4096,10.0,10000,18,0.010159007665310279,41.615588256381756,Direct likelihood,reference,41.615589723025785,3.524266004122804e-08,3.1615589723025783
4096,10.0,10000,19,0.010413091219595804,42.656644743874345,Direct likelihood,reference,42.65664635600272,3.7793135906731995e-08,3.2656646356002716
4096,50.0,10000,0,0.01594814466548451,65.34021128938849,Banerjee,closed_form,65.34021534070682,6.200344700419482e-08,0.3068043068141364
4096,50.0,10000,1,0.015995595411275938,65.53471827767127,Banerjee,closed_form,65.53472236525296,6.237276658676705e-08,0.31069444730505924
4096,50.0,10000,2,0.015699106497690667,64.31938476241278,Banerjee,closed_form,64.31938862691966,6.008308217049873e-08,0.2863877725383932
4096,50.0,10000,3,0.0158026625882081,64.74386618112233,Banerjee,closed_form,64.74387012259635,6.087795265464038e-08,0.29487740245192695
4096,50.0,10000,4,0.01580486378428887,64.7528890353391,Banerjee,closed_form,64.75289297846014,6.089490527212468e-08,0.2950578595692028
4096,50.0,10000,5,0.01577945415461236,64.64873332915953,Banerjee,closed_form,64.64873725329608,6.069935709253179e-08,0.2929747450659215
4096,50.0,10000,6,0.015572971895690318,63.802358522351604,Banerjee,closed_form,63.802362294471465,5.912195016412286e-08,0.2760472458894293
4096,50.0,10000,7,0.015920012586402903,65.22489453097913,Banerjee,closed_form,65.22489856089962,6.178500584377997e-08,0.3044979712179924
4096,50.0,10000,8,0.015675150189670563,64.22118728878853,Banerjee,closed_form,64.22119113563394,5.989994235289799e-08,0.2844238227126789
4096,50.0,10000,9,0.015770138173396578,64.61054658579921,Banerjee,closed_form,64.61055050299073,6.062774156049388e-08,0.29221101005981465
4096,50.0,10000,10,0.015851498315989386,64.94404763293844,Banerjee,closed_form,64.94405161106096,6.12546132581646e-08,0.29888103222121915
4096,50.0,10000,11,0.01580975288123045,64.77292978689506,Banerjee,closed_form,64.77293373367593,6.093256670308406e-08,0.29545867467351855
4096,50.0,10000,12,0.015487111034185614,63.45041799358566,Banerjee,closed_form,63.45042170366651,5.8472126178285145e-08,0.26900843407333014
4096,50.0,10000,13,0.015779599132672604,64.64932760284141,Banerjee,closed_form,64.6493315270861,6.07004719157887e-08,0.2929866305417221
4096,50.0,10000,14,0.015720438534379533,64.4068254721547,Banerjee,closed_form,64.40682935243373,6.024639485148586e-08,0.2881365870486746
4096,50.0,10000,15,0.01573198689593118,64.454162653788,Banerjee,closed_form,64.45416654262338,6.033489878424149e-08,0.2890833308524677
4096,50.0,10000,16,0.01575566583751473,64.55122371452137,Banerjee,closed_form,64.55122762094008,6.051657098460556e-08,0.29102455241880165
4096,50.0,10000,17,0.015653592293479925,64.13282115108959,Banerjee,closed_form,64.1328249820878,5.973537638697908e-08,0.28265649964175593
4096,50.0,10000,18,0.015671751672546315,64.20725670457327,Banerjee,closed_form,64.20726054891755,5.98739842642692e-08,0.28414521097835094
4096,50.0,10000,19,0.01570730820978617,64.35300382530842,Banerjee,closed_form,64.35300769587428,6.014584607413015e-08,0.2870601539174856
4096,50.0,10000,0,0.01594814466548451,65.34021128938849,Sra two-step (SciPy),sra,,,
4096,50.0,10000,1,0.015995595411275938,65.53471827767127,Sra two-step (SciPy),sra,,,
4096,50.0,10000,2,0.015699106497690667,64.31938476241278,Sra two-step (SciPy),sra,,,
4096,50.0,10000,3,0.0158026625882081,64.74386618112233,Sra two-step (SciPy),sra,,,
4096,50.0,10000,4,0.01580486378428887,64.7528890353391,Sra two-step (SciPy),sra,,,
4096,50.0,10000,5,0.01577945415461236,64.64873332915953,Sra two-step (SciPy),sra,,,
4096,50.0,10000,6,0.015572971895690318,63.802358522351604,Sra two-step (SciPy),sra,,,
4096,50.0,10000,7,0.015920012586402903,65.22489453097913,Sra two-step (SciPy),sra,,,
4096,50.0,10000,8,0.015675150189670563,64.22118728878853,Sra two-step (SciPy),sra,,,
4096,50.0,10000,9,0.015770138173396578,64.61054658579921,Sra two-step (SciPy),sra,,,
4096,50.0,10000,10,0.015851498315989386,64.94404763293844,Sra two-step (SciPy),sra,,,
4096,50.0,10000,11,0.01580975288123045,64.77292978689506,Sra two-step (SciPy),sra,,,
4096,50.0,10000,12,0.015487111034185614,63.45041799358566,Sra two-step (SciPy),sra,,,
4096,50.0,10000,13,0.015779599132672604,64.64932760284141,Sra two-step (SciPy),sra,,,
4096,50.0,10000,14,0.015720438534379533,64.4068254721547,Sra two-step (SciPy),sra,,,
4096,50.0,10000,15,0.01573198689593118,64.454162653788,Sra two-step (SciPy),sra,,,
4096,50.0,10000,16,0.01575566583751473,64.55122371452137,Sra two-step (SciPy),sra,,,
4096,50.0,10000,17,0.015653592293479925,64.13282115108959,Sra two-step (SciPy),sra,,,
4096,50.0,10000,18,0.015671751672546315,64.20725670457327,Sra two-step (SciPy),sra,,,
4096,50.0,10000,19,0.01570730820978617,64.35300382530842,Sra two-step (SciPy),sra,,,
4096,50.0,10000,0,0.01594814466548451,65.34021128938849,Converged Newton (SciPy),converged,65.32426719604135,0.00024401655630602162,0.30648534392082694
4096,50.0,10000,1,0.015995595411275938,65.53471827767127,Converged Newton (SciPy),converged,65.51872676984169,0.00024401581710973856,0.31037453539683385
4096,50.0,10000,2,0.015699106497690667,64.31938476241278,Converged Newton (SciPy),converged,64.30368952042195,0.00024402039989658843,0.2860737904084391
4096,50.0,10000,3,0.0158026625882081,64.74386618112233,Converged Newton (SciPy),converged,64.72806746000815,0.00024401880897848872,0.29456134920016297
4096,50.0,10000,4,0.01580486378428887,64.7528890353391,Converged Newton (SciPy),converged,64.73708811467584,0.00024401877504846742,0.29474176229351684
4096,50.0,10000,5,0.01577945415461236,64.64873332915953,Converged Newton (SciPy),converged,64.63295779914147,0.00024401916643501515,0.2926591559828293
4096,50.0,10000,6,0.015572971895690318,63.802358522351604,Converged Newton (SciPy),converged,63.78678932257577,0.0002440223235694053,0.2757357864515154
4096,50.0,10000,7,0.015920012586402903,65.22489453097913,Converged Newton (SciPy),converged,65.20897854831321,0.00024401699351705173,0.30417957096626425
4096,50.0,10000,8,0.015675150189670563,64.22118728878853,Converged Newton (SciPy),converged,64.20551598544426,0.0002440207664456967,0.2841103197088853
4096,50.0,10000,9,0.015770138173396578,64.61054658579921,Converged Newton (SciPy),converged,64.59478036481735,0.0002440193097720197,0.29189560729634706
4096,50.0,10000,10,0.015851498315989386,64.94404763293844,Converged Newton (SciPy),converged,64.92820011274497,0.00024401805509613976,0.2985640022548995
4096,50.0,10000,11,0.01580975288123045,64.77292978689506,Converged Newton (SciPy),converged,64.7571239807947,0.00024401869966916235,0.29514247961589407
4096,50.0,10000,12,0.015487111034185614,63.45041799358566,Converged Newton (SciPy),converged,63.43493459263232,0.0002440236241612838,0.26869869185264633
4096,50.0,10000,13,0.015779599132672604,64.64932760284141,Converged Newton (SciPy),converged,64.63355192795345,0.00024401916420347574,0.29267103855906895
4096,50.0,10000,14,0.015720438534379533,64.4068254721547,Converged Newton (SciPy),converged,64.39110891389936,0.00024402007302982978,0.2878221782779872
4096,50.0,10000,15,0.01573198689593118,64.454162653788,Converged Newton (SciPy),converged,64.43843455572745,0.00024401989589146965,0.28876869111454906
4096,50.0,10000,16,0.01575566583751473,64.55122371452137,Converged Newton (SciPy),converged,64.53547195510257,0.000244019532278232,0.2907094391020513
4096,50.0,10000,17,0.015653592293479925,64.13282115108959,Converged Newton (SciPy),converged,64.11717138979432,0.00024402109581918757,0.28234342779588645
4096,50.0,10000,18,0.015671751672546315,64.20725670457327,Converged Newton (SciPy),converged,64.19158879724499,0.00024402081840015533,0.2838317759448998
4096,50.0,10000,19,0.01570730820978617,64.35300382530842,Converged Newton (SciPy),converged,64.33730038766453,0.00024402027427532696,0.28674600775329057
4096,50.0,10000,0,0.01594814466548451,65.34021128938849,Banerjee (Torch),closed_form,65.34021534070682,6.200344700419482e-08,0.3068043068141364
4096,50.0,10000,1,0.015995595411275938,65.53471827767127,Banerjee (Torch),closed_form,65.53472236525296,6.237276658676705e-08,0.31069444730505924
4096,50.0,10000,2,0.015699106497690667,64.31938476241278,Banerjee (Torch),closed_form,64.31938862691966,6.008308217049873e-08,0.2863877725383932
4096,50.0,10000,3,0.0158026625882081,64.74386618112233,Banerjee (Torch),closed_form,64.74387012259635,6.087795265464038e-08,0.29487740245192695
4096,50.0,10000,4,0.01580486378428887,64.7528890353391,Banerjee (Torch),closed_form,64.75289297846014,6.089490527212468e-08,0.2950578595692028
4096,50.0,10000,5,0.01577945415461236,64.64873332915953,Banerjee (Torch),closed_form,64.64873725329608,6.069935709253179e-08,0.2929747450659215
4096,50.0,10000,6,0.015572971895690318,63.802358522351604,Banerjee (Torch),closed_form,63.802362294471465,5.912195016412286e-08,0.2760472458894293
4096,50.0,10000,7,0.015920012586402903,65.22489453097913,Banerjee (Torch),closed_form,65.22489856089962,6.178500584377997e-08,0.3044979712179924
4096,50.0,10000,8,0.015675150189670563,64.22118728878853,Banerjee (Torch),closed_form,64.22119113563394,5.989994235289799e-08,0.2844238227126789
4096,50.0,10000,9,0.015770138173396578,64.61054658579921,Banerjee (Torch),closed_form,64.61055050299073,6.062774156049388e-08,0.29221101005981465
4096,50.0,10000,10,0.015851498315989386,64.94404763293844,Banerjee (Torch),closed_form,64.94405161106096,6.12546132581646e-08,0.29888103222121915
4096,50.0,10000,11,0.01580975288123045,64.77292978689506,Banerjee (Torch),closed_form,64.77293373367593,6.093256670308406e-08,0.29545867467351855
4096,50.0,10000,12,0.015487111034185614,63.45041799358566,Banerjee (Torch),closed_form,63.45042170366651,5.8472126178285145e-08,0.26900843407333014
4096,50.0,10000,13,0.015779599132672604,64.64932760284141,Banerjee (Torch),closed_form,64.6493315270861,6.07004719157887e-08,0.2929866305417221
4096,50.0,10000,14,0.015720438534379533,64.4068254721547,Banerjee (Torch),closed_form,64.40682935243373,6.024639485148586e-08,0.2881365870486746
4096,50.0,10000,15,0.01573198689593118,64.454162653788,Banerjee (Torch),closed_form,64.45416654262338,6.033489878424149e-08,0.2890833308524677
4096,50.0,10000,16,0.01575566583751473,64.55122371452137,Banerjee (Torch),closed_form,64.55122762094008,6.051657098460556e-08,0.29102455241880165
4096,50.0,10000,17,0.015653592293479925,64.13282115108959,Banerjee (Torch),closed_form,64.1328249820878,5.973537638697908e-08,0.28265649964175593
4096,50.0,10000,18,0.015671751672546315,64.20725670457327,Banerjee (Torch),closed_form,64.20726054891755,5.98739842642692e-08,0.28414521097835094
4096,50.0,10000,19,0.01570730820978617,64.35300382530842,Banerjee (Torch),closed_form,64.35300769587428,6.014584607413015e-08,0.2870601539174856
4096,50.0,10000,0,0.01594814466548451,65.34021128938849,Sra two-step (CUSF),sra,65.34021128937913,1.4332603266067226e-13,0.30680422578758254
4096,50.0,10000,1,0.015995595411275938,65.53471827767127,Sra two-step (CUSF),sra,65.53471827761686,8.302982622731129e-13,0.3106943655523372
4096,50.0,10000,2,0.015699106497690667,64.31938476241278,Sra two-step (CUSF),sra,64.31938476244358,4.787813546661722e-13,0.28638769524887153
4096,50.0,10000,3,0.0158026625882081,64.74386618112233,Sra two-step (CUSF),sra,64.74386618118089,9.045325176830871e-13,0.29487732362361785
4096,50.0,10000,4,0.01580486378428887,64.7528890353391,Sra two-step (CUSF),sra,64.75288903536052,3.309500043902157e-13,0.2950577807072105
4096,50.0,10000,5,0.01577945415461236,64.64873332915953,Sra two-step (CUSF),sra,64.64873332923689,1.1966807249828214e-12,0.2929746665847378
4096,50.0,10000,6,0.015572971895690318,63.802358522351604,Sra two-step (CUSF),sra,63.80235852231619,5.550492296907356e-13,0.2760471704463238
4096,50.0,10000,7,0.015920012586402903,65.22489453097913,Sra two-step (CUSF),sra,65.22489453105747,1.2011432537878352e-12,0.30449789062114946
4096,50.0,10000,8,0.015675150189670563,64.22118728878853,Sra two-step (CUSF),sra,64.2211872887549,5.235481260253451e-13,0.2844237457750981
4096,50.0,10000,9,0.015770138173396578,64.61054658579921,Sra two-step (CUSF),sra,64.61054658565827,2.1814280255036795e-12,0.29221093171316537
4096,50.0,10000,10,0.015851498315989386,64.94404763293844,Sra two-step (CUSF),sra,64.944047632941,3.9387040721481196e-14,0.29888095265881987
4096,50.0,10000,11,0.01580975288123045,64.77292978689506,Sra two-step (CUSF),sra,64.77292978696468,1.074815937442126e-12,0.2954585957392936
4096,50.0,10000,12,0.015487111034185614,63.45041799358566,Sra two-step (CUSF),sra,63.4504179936448,9.320422743833078e-13,0.26900835987289595
4096,50.0,10000,13,0.015779599132672604,64.64932760284141,Sra two-step (CUSF),sra,64.64932760282048,3.237866466931752e-13,0.29298655205640955
4096,50.0,10000,14,0.015720438534379533,64.4068254721547,Sra two-step (CUSF),sra,64.40682547213895,2.444714035976079e-13,0.28813650944277897
4096,50.0,10000,15,0.01573198689593118,64.454162653788,Sra two-step (CUSF),sra,64.45416265379862,1.646985708165432e-13,0.2890832530759724
4096,50.0,10000,16,0.01575566583751473,64.55122371452137,Sra two-step (CUSF),sra,64.55122371451161,1.5124201568230742e-13,0.29102447429023215
4096,50.0,10000,17,0.015653592293479925,64.13282115108959,Sra two-step (CUSF),sra,64.13282115106306,4.136987158381287e-13,0.2826564230212611
4096,50.0,10000,18,0.015671751672546315,64.20725670457327,Sra two-step (CUSF),sra,64.2072567045365,5.725751735100847e-13,0.2841451340907301
4096,50.0,10000,19,0.01570730820978617,64.35300382530842,Sra two-step (CUSF),sra,64.35300382539796,1.3914283753336308e-12,0.2870600765079592
4096,50.0,10000,0,0.01594814466548451,65.34021128938849,Converged Newton (CUSF),converged,65.34021128943898,7.727426313252936e-13,0.30680422578877964
4096,50.0,10000,1,0.015995595411275938,65.53471827767127,Converged Newton (CUSF),converged,65.53471827777864,1.6382615229755467e-12,0.3106943655555727
4096,50.0,10000,2,0.015699106497690667,64.31938476241278,Converged Newton (CUSF),converged,64.31938476244298,4.695017898779953e-13,0.2863876952488596
4096,50.0,10000,3,0.0158026625882081,64.74386618112233,Converged Newton (CUSF),converged,64.74386618108116,6.358725318437038e-13,0.29487732362162317
4096,50.0,10000,4,0.01580486378428887,64.7528890353391,Converged Newton (CUSF),converged,64.75288903529764,6.401731848847872e-13,0.29505778070595284
4096,50.0,10000,5,0.01577945415461236,64.64873332915953,Converged Newton (CUSF),converged,64.64873332912279,5.682255095666042e-13,0.2929746665824558
4096,50.0,10000,6,0.015572971895690318,63.802358522351604,Converged Newton (CUSF),converged,63.802358522443136,1.4346196181533017e-12,0.27604717044886273
4096,50.0,10000,7,0.015920012586402903,65.22489453097913,Converged Newton (CUSF),converged,65.22489453089723,1.2556119302701422e-12,0.30449789061794463
4096,50.0,10000,8,0.015675150189670563,64.22118728878853,Converged Newton (CUSF),converged,64.22118728872319,1.0174447520982824e-12,0.2844237457744637
4096,50.0,10000,9,0.015770138173396578,64.61054658579921,Converged Newton (CUSF),converged,64.61054658572203,1.1945286959579032e-12,0.2922109317144407
4096,50.0,10000,10,0.015851498315989386,64.94404763293844,Converged Newton (CUSF),converged,64.94404763294965,1.726465284958259e-13,0.29888095265899295
4096,50.0,10000,11,0.01580975288123045,64.77292978689506,Converged Newton (CUSF),converged,64.77292978694747,8.091286338613106e-13,0.29545859573894945
4096,50.0,10000,12,0.015487111034185614,63.45041799358566,Converged Newton (CUSF),converged,63.450417993527545,9.159165880308872e-13,0.2690083598705509
4096,50.0,10000,13,0.015779599132672604,64.64932760284141,Converged Newton (CUSF),converged,64.64932760282096,3.163129562739166e-13,0.2929865520564192
4096,50.0,10000,14,0.015720438534379533,64.4068254721547,Converged Newton (CUSF),converged,64.40682547214368,1.709975972817203e-13,0.2881365094428736
4096,50.0,10000,15,0.01573198689593118,64.454162653788,Converged Newton (CUSF),converged,64.45416265376714,3.2366466125660695e-13,0.2890832530753428
4096,50.0,10000,16,0.01575566583751473,64.55122371452137,Converged Newton (CUSF),converged,64.55122371447715,6.85102114706464e-13,0.2910244742895429
4096,50.0,10000,17,0.015653592293479925,64.13282115108959,Converged Newton (CUSF),converged,64.13282115103473,8.553171093386057e-13,0.28265642302069466
4096,50.0,10000,18,0.015671751672546315,64.20725670457327,Converged Newton (CUSF),converged,64.20725670460824,5.446878631651791e-13,0.2841451340921648
4096,50.0,10000,19,0.01570730820978617,64.35300382530842,Converged Newton (CUSF),converged,64.35300382530774,1.0599676561817851e-14,0.2870600765061548
4096,50.0,10000,0,0.01594814466548451,65.34021128938849,SciPy Brent,reference,,,
4096,50.0,10000,1,0.015995595411275938,65.53471827767127,SciPy Brent,reference,,,
4096,50.0,10000,2,0.015699106497690667,64.31938476241278,SciPy Brent,reference,,,
4096,50.0,10000,3,0.0158026625882081,64.74386618112233,SciPy Brent,reference,,,
4096,50.0,10000,4,0.01580486378428887,64.7528890353391,SciPy Brent,reference,,,
4096,50.0,10000,5,0.01577945415461236,64.64873332915953,SciPy Brent,reference,,,
4096,50.0,10000,6,0.015572971895690318,63.802358522351604,SciPy Brent,reference,,,
4096,50.0,10000,7,0.015920012586402903,65.22489453097913,SciPy Brent,reference,,,
4096,50.0,10000,8,0.015675150189670563,64.22118728878853,SciPy Brent,reference,,,
4096,50.0,10000,9,0.015770138173396578,64.61054658579921,SciPy Brent,reference,,,
4096,50.0,10000,10,0.015851498315989386,64.94404763293844,SciPy Brent,reference,,,
4096,50.0,10000,11,0.01580975288123045,64.77292978689506,SciPy Brent,reference,,,
4096,50.0,10000,12,0.015487111034185614,63.45041799358566,SciPy Brent,reference,,,
4096,50.0,10000,13,0.015779599132672604,64.64932760284141,SciPy Brent,reference,,,
4096,50.0,10000,14,0.015720438534379533,64.4068254721547,SciPy Brent,reference,,,
4096,50.0,10000,15,0.01573198689593118,64.454162653788,SciPy Brent,reference,,,
4096,50.0,10000,16,0.01575566583751473,64.55122371452137,SciPy Brent,reference,,,
4096,50.0,10000,17,0.015653592293479925,64.13282115108959,SciPy Brent,reference,,,
4096,50.0,10000,18,0.015671751672546315,64.20725670457327,SciPy Brent,reference,,,
4096,50.0,10000,19,0.01570730820978617,64.35300382530842,SciPy Brent,reference,,,
4096,50.0,10000,0,0.01594814466548451,65.34021128938849,Direct likelihood,reference,65.34021841004177,1.0897811835839714e-07,0.30680436820083545
4096,50.0,10000,1,0.015995595411275938,65.53471827767127,Direct likelihood,reference,65.5347254679764,1.0971749502224135e-07,0.310694509359528
4096,50.0,10000,2,0.015699106497690667,64.31938476241278,Direct likelihood,reference,64.31939152454062,1.0513359019196223e-07,0.2863878304908124
4096,50.0,10000,3,0.0158026625882081,64.74386618112233,Direct likelihood,reference,64.74387309090473,1.0672489622814131e-07,0.29487746181809454
4096,50.0,10000,4,0.01580486378428887,64.7528890353391,Direct likelihood,reference,64.75289594828207,1.0675883473199129e-07,0.2950579189656415
4096,50.0,10000,5,0.01577945415461236,64.64873332915953,Direct likelihood,reference,64.64874020567412,1.0636735223777498e-07,0.2929748041134823
4096,50.0,10000,6,0.015572971895690318,63.802358522351604,Direct likelihood,reference,63.802365107357794,1.0320944777927734e-07,0.2760473021471559
4096,50.0,10000,7,0.015920012586402903,65.22489453097913,Direct likelihood,reference,65.22490161054138,1.0854080030172585e-07,0.3044980322108276
4096,50.0,10000,8,0.015675150189670563,64.22118728878853,Direct likelihood,reference,64.22119401704656,1.0476695173335012e-07,0.28442388034093113
4096,50.0,10000,9,0.015770138173396578,64.61054658579921,Direct likelihood,reference,64.61055344898865,1.0622398050216985e-07,0.29221106897977306
4096,50.0,10000,10,0.015851498315989386,64.94404763293844,Direct likelihood,reference,64.94405461305728,1.0747896219392e-07,0.2988810922611455
4096,50.0,10000,11,0.01580975288123045,64.77292978689506,Direct likelihood,reference,64.77293670686129,1.0683423225866767e-07,0.29545873413722573
4096,50.0,10000,12,0.015487111034185614,63.45041799358566,Direct likelihood,reference,63.450424459725035,1.0190853865932738e-07,0.2690084891945007
4096,50.0,10000,13,0.015779599132672604,64.64932760284141,Direct likelihood,reference,64.64933447956352,1.063695844310353e-07,0.29298668959127044
4096,50.0,10000,14,0.015720438534379533,64.4068254721547,Direct likelihood,reference,64.40683226453308,1.0546053677033801e-07,0.2881366452906616
4096,50.0,10000,15,0.01573198689593118,64.454162653788,Direct likelihood,reference,64.45416946257866,1.0563771800077439e-07,0.28908338925157323
4096,50.0,10000,16,0.01575566583751473,64.55122371452137,Direct likelihood,reference,64.55123055704276,1.060014201603775e-07,0.29102461114085515
4096,50.0,10000,17,0.015653592293479925,64.13282115108959,Direct likelihood,reference,64.13282784896093,1.0443749739652164e-07,0.2826565569792186
4096,50.0,10000,18,0.015671751672546315,64.20725670457327,Direct likelihood,reference,64.20726342803515,1.047149843299337e-07,0.28414526856070293
4096,50.0,10000,19,0.01570730820978617,64.35300382530842,Direct likelihood,reference,64.3530105990568,1.052592416687934e-07,0.287060211981136
4096,200.0,10000,0,0.050043753910881957,205.49359961607266,Banerjee,closed_form,205.49372451061654,6.077782671614313e-07,0.027468622553082724
4096,200.0,10000,1,0.04980022001090244,204.4885992659819,Banerjee,closed_form,204.4887223489907,6.019064596165681e-07,0.022443611744953528
4096,200.0,10000,2,0.049748115165890484,204.27358578805485,Banerjee,closed_form,204.2737084857632,6.006538137356471e-07,0.02136854242881597
4096,200.0,10000,3,0.04967929644312216,203.9896067104561,Banerjee,closed_form,203.98972890050015,5.990013218679345e-07,0.019948644502500768
4096,200.0,10000,4,0.04974252039301608,204.25049885232355,Banerjee,closed_form,204.25062150870792,6.005193870587978e-07,0.021253107543539613
4096,200.0,10000,5,0.049830087969327336,204.61185253126837,Banerjee,closed_form,204.61197583550458,6.026250908060617e-07,0.0230598791775229
4096,200.0,10000,6,0.049829803851528895,204.6106800841671,Banerjee,closed_form,204.61080338629762,6.026182527800841e-07,0.02305401693148809
4096,200.0,10000,7,0.04982682789441244,204.59839943644675,Banerjee,closed_form,204.5985227165232,6.025466317957752e-07,0.02299261358261603
4096,200.0,10000,8,0.04948051008473686,203.16935149210417,Banerjee,closed_form,203.16947222358345,5.942406096115002e-07,0.015847361117917274
4096,200.0,10000,9,0.04965000843629288,203.86875210657794,Banerjee,closed_form,203.86887408099372,5.98298731493601e-07,0.0193443704049686
4096,200.0,10000,10,0.049925631872700243,205.00613187421874,Banerjee,closed_form,205.0062558879096,6.049267391025007e-07,0.025031279439547943
4096,200.0,10000,11,0.04954599288100148,203.43954880682992,Banerjee,closed_form,203.43967001749297,5.958067827232242e-07,0.01719835008746486
4096,200.0,10000,12,0.0499338660197046,205.04011211165715,Banerjee,closed_form,205.04023618661685,6.051253016905842e-07,0.02520118093308426
4096,200.0,10000,13,0.04988823663106694,204.85181224603093,Banerjee,closed_form,204.8519359817236,6.040253748577735e-07,0.02425967990861807
4096,200.0,10000,14,0.0496851493510783,204.01375839076806,Banerjee,closed_form,204.0138806239336,5.99141776051932e-07,0.02006940311966801
4096,200.0,10000,15,0.04977327901311583,204.3774253548944,Banerjee,closed_form,204.3775482385819,6.012586140403136e-07,0.021887741192909545
4096,200.0,10000,16,0.04972555280350205,204.18048201015029,Banerjee,closed_form,204.1806045412656,6.001117938264196e-07,0.020903022706328045
4096,200.0,10000,17,0.04957029036954622,203.53980725866808,Banerjee,closed_form,203.53992864745425,5.963884303734835e-07,0.01769964323727123
4096,200.0,10000,18,0.04965029199163853,203.86992216984123,Banerjee,closed_form,203.8700441463434,5.983055315819364e-07,0.019350220731716945
4096,200.0,10000,19,0.04959896913633512,203.65814506193885,Banerjee,closed_form,203.65826666119082,5.970753191923225e-07,0.018291333305954113
4096,200.0,10000,0,0.050043753910881957,205.49359961607266,Sra two-step (SciPy),sra,,,
4096,200.0,10000,1,0.04980022001090244,204.4885992659819,Sra two-step (SciPy),sra,,,
4096,200.0,10000,2,0.049748115165890484,204.27358578805485,Sra two-step (SciPy),sra,,,
4096,200.0,10000,3,0.04967929644312216,203.9896067104561,Sra two-step (SciPy),sra,,,
4096,200.0,10000,4,0.04974252039301608,204.25049885232355,Sra two-step (SciPy),sra,,,
4096,200.0,10000,5,0.049830087969327336,204.61185253126837,Sra two-step (SciPy),sra,,,
4096,200.0,10000,6,0.049829803851528895,204.6106800841671,Sra two-step (SciPy),sra,,,
4096,200.0,10000,7,0.04982682789441244,204.59839943644675,Sra two-step (SciPy),sra,,,
4096,200.0,10000,8,0.04948051008473686,203.16935149210417,Sra two-step (SciPy),sra,,,
4096,200.0,10000,9,0.04965000843629288,203.86875210657794,Sra two-step (SciPy),sra,,,
4096,200.0,10000,10,0.049925631872700243,205.00613187421874,Sra two-step (SciPy),sra,,,
4096,200.0,10000,11,0.04954599288100148,203.43954880682992,Sra two-step (SciPy),sra,,,
4096,200.0,10000,12,0.0499338660197046,205.04011211165715,Sra two-step (SciPy),sra,,,
4096,200.0,10000,13,0.04988823663106694,204.85181224603093,Sra two-step (SciPy),sra,,,
4096,200.0,10000,14,0.0496851493510783,204.01375839076806,Sra two-step (SciPy),sra,,,
4096,200.0,10000,15,0.04977327901311583,204.3774253548944,Sra two-step (SciPy),sra,,,
4096,200.0,10000,16,0.04972555280350205,204.18048201015029,Sra two-step (SciPy),sra,,,
4096,200.0,10000,17,0.04957029036954622,203.53980725866808,Sra two-step (SciPy),sra,,,
4096,200.0,10000,18,0.04965029199163853,203.86992216984123,Sra two-step (SciPy),sra,,,
4096,200.0,10000,19,0.04959896913633512,203.65814506193885,Sra two-step (SciPy),sra,,,
4096,200.0,10000,0,0.050043753910881957,205.49359961607266,Converged Newton (SciPy),converged,205.44368075670565,0.00024292172340294554,0.02721840378352823
4096,200.0,10000,1,0.04980022001090244,204.4885992659819,Converged Newton (SciPy),converged,204.4389221289798,0.00024293352871698328,0.022194610644899058
4096,200.0,10000,2,0.049748115165890484,204.27358578805485,Converged Newton (SciPy),converged,204.2239603705973,0.00024293604709635564,0.021119801852986484
4096,200.0,10000,3,0.04967929644312216,203.9896067104561,Converged Newton (SciPy),converged,203.94004960405704,0.00024293936930517868,0.019700248020285187
4096,200.0,10000,4,0.04974252039301608,204.25049885232355,Converged Newton (SciPy),converged,204.2008789883149,0.00024293631735269034,0.02100439494157456
4096,200.0,10000,5,0.049830087969327336,204.61185253126837,Converged Newton (SciPy),converged,204.56214574753525,0.00024293208393447464,0.02281072873767627
4096,200.0,10000,6,0.049829803851528895,204.6106800841671,Converged Newton (SciPy),converged,204.56097358244608,0.00024293209768208522,0.022804867912230405
4096,200.0,10000,7,0.04982682789441244,204.59839943644675,Converged Newton (SciPy),converged,204.54869588862883,0.00024293224167360218,0.02274347944314414
4096,200.0,10000,8,0.04948051008473686,203.16935149210417,Converged Newton (SciPy),converged,203.1199917134987,0.00024294894009828973,0.01559995856749353
4096,200.0,10000,9,0.04965000843629288,203.86875210657794,Converged Newton (SciPy),converged,203.8192240725574,0.00024294078179596453,0.01909612036278702
4096,200.0,10000,10,0.049925631872700243,205.00613187421874,Converged Newton (SciPy),converged,204.9563302560369,0.00024292745649384488,0.02478165128018446
4096,200.0,10000,11,0.04954599288100148,203.43954880682992,Converged Newton (SciPy),converged,203.390124024612,0.00024294579155233962,0.016950620123059965
4096,200.0,10000,12,0.0499338660197046,205.04011211165715,Converged Newton (SciPy),converged,204.99030232059715,0.00024292705728172327,0.02495151160298576
4096,200.0,10000,13,0.04988823663106694,204.85181224603093,Converged Newton (SciPy),converged,204.80204774509255,0.00024292926868819758,0.024010238725462756
4096,200.0,10000,14,0.0496851493510783,204.01375839076806,Converged Newton (SciPy),converged,203.96419547458254,0.00024293908693446626,0.019820977372912694
4096,200.0,10000,15,0.04977327901311583,204.3774253548944,Converged Newton (SciPy),converged,204.32777495956884,0.00024293483117981705,0.02163887479784421
4096,200.0,10000,16,0.04972555280350205,204.18048201015029,Converged Newton (SciPy),converged,204.1308789884621,0.0002429371367912296,0.02065439494231043
4096,200.0,10000,17,0.04957029036954622,203.53980725866808,Converged Newton (SciPy),converged,203.4903583570847,0.00024294462223081108,0.01745179178542344
4096,200.0,10000,18,0.04965029199163853,203.86992216984123,Converged Newton (SciPy),converged,203.82039385435175,0.00024294076812478866,0.019101969271758747
4096,200.0,10000,19,0.04959896913633512,203.65814506193885,Converged Newton (SciPy),converged,203.60866769205447,0.0002429432413289346,0.018043338460272337
4096,200.0,10000,0,0.050043753910881957,205.49359961607266,Banerjee (Torch),closed_form,205.49372451061654,6.077782671614313e-07,0.027468622553082724
4096,200.0,10000,1,0.04980022001090244,204.4885992659819,Banerjee (Torch),closed_form,204.4887223489907,6.019064596165681e-07,0.022443611744953528
4096,200.0,10000,2,0.049748115165890484,204.27358578805485,Banerjee (Torch),closed_form,204.2737084857632,6.006538137356471e-07,0.02136854242881597
4096,200.0,10000,3,0.04967929644312216,203.9896067104561,Banerjee (Torch),closed_form,203.98972890050015,5.990013218679345e-07,0.019948644502500768
4096,200.0,10000,4,0.04974252039301608,204.25049885232355,Banerjee (Torch),closed_form,204.25062150870792,6.005193870587978e-07,0.021253107543539613
4096,200.0,10000,5,0.049830087969327336,204.61185253126837,Banerjee (Torch),closed_form,204.61197583550458,6.026250908060617e-07,0.0230598791775229
4096,200.0,10000,6,0.049829803851528895,204.6106800841671,Banerjee (Torch),closed_form,204.61080338629762,6.026182527800841e-07,0.02305401693148809
4096,200.0,10000,7,0.04982682789441244,204.59839943644675,Banerjee (Torch),closed_form,204.5985227165232,6.025466317957752e-07,0.02299261358261603
4096,200.0,10000,8,0.04948051008473686,203.16935149210417,Banerjee (Torch),closed_form,203.16947222358345,5.942406096115002e-07,0.015847361117917274
4096,200.0,10000,9,0.04965000843629288,203.86875210657794,Banerjee (Torch),closed_form,203.86887408099372,5.98298731493601e-07,0.0193443704049686
4096,200.0,10000,10,0.049925631872700243,205.00613187421874,Banerjee (Torch),closed_form,205.0062558879096,6.049267391025007e-07,0.025031279439547943
4096,200.0,10000,11,0.04954599288100148,203.43954880682992,Banerjee (Torch),closed_form,203.43967001749297,5.958067827232242e-07,0.01719835008746486
4096,200.0,10000,12,0.0499338660197046,205.04011211165715,Banerjee (Torch),closed_form,205.04023618661685,6.051253016905842e-07,0.02520118093308426
4096,200.0,10000,13,0.04988823663106694,204.85181224603093,Banerjee (Torch),closed_form,204.8519359817236,6.040253748577735e-07,0.02425967990861807
4096,200.0,10000,14,0.0496851493510783,204.01375839076806,Banerjee (Torch),closed_form,204.0138806239336,5.99141776051932e-07,0.02006940311966801
4096,200.0,10000,15,0.04977327901311583,204.3774253548944,Banerjee (Torch),closed_form,204.3775482385819,6.012586140403136e-07,0.021887741192909545
4096,200.0,10000,16,0.04972555280350205,204.18048201015029,Banerjee (Torch),closed_form,204.1806045412656,6.001117938264196e-07,0.020903022706328045
4096,200.0,10000,17,0.04957029036954622,203.53980725866808,Banerjee (Torch),closed_form,203.53992864745425,5.963884303734835e-07,0.01769964323727123
4096,200.0,10000,18,0.04965029199163853,203.86992216984123,Banerjee (Torch),closed_form,203.8700441463434,5.983055315819364e-07,0.019350220731716945
4096,200.0,10000,19,0.04959896913633512,203.65814506193885,Banerjee (Torch),closed_form,203.65826666119082,5.970753191923225e-07,0.018291333305954113
4096,200.0,10000,0,0.050043753910881957,205.49359961607266,Sra two-step (CUSF),sra,205.49359961612586,2.589153148960404e-13,0.027467998080629316
4096,200.0,10000,1,0.04980022001090244,204.4885992659819,Sra two-step (CUSF),sra,204.4885992660225,1.9861558503425014e-13,0.02244299633011252
4096,200.0,10000,2,0.049748115165890484,204.27358578805485,Sra two-step (CUSF),sra,204.27358578801983,1.7141494767017164e-13,0.02136792894009915
4096,200.0,10000,3,0.04967929644312216,203.9896067104561,Sra two-step (CUSF),sra,203.98960671045805,9.613715043244674e-15,0.019948033552290242
4096,200.0,10000,4,0.04974252039301608,204.25049885232355,Sra two-step (CUSF),sra,204.2504988521267,9.637614626209703e-13,0.021252494260633484
4096,200.0,10000,5,0.049830087969327336,204.61185253126837,Sra two-step (CUSF),sra,204.6118525312867,8.959404040295821e-14,0.023059262656433502
4096,200.0,10000,6,0.049829803851528895,204.6106800841671,Sra two-step (CUSF),sra,204.61068008426568,4.81865902471534e-13,0.023053400421328404
4096,200.0,10000,7,0.04982682789441244,204.59839943644675,Sra two-step (CUSF),sra,204.5983994364274,9.460085795107758e-14,0.022991997182137
4096,200.0,10000,8,0.04948051008473686,203.16935149210417,Sra two-step (CUSF),sra,203.16935149244117,1.658696088959053e-12,0.01584675746220583
4096,200.0,10000,9,0.04965000843629288,203.86875210657794,Sra two-step (CUSF),sra,203.86875210657115,3.3319419889887993e-14,0.019343760532855754
4096,200.0,10000,10,0.049925631872700243,205.00613187421874,Sra two-step (CUSF),sra,205.00613187424534,1.2976548449380147e-13,0.025030659371226706
4096,200.0,10000,11,0.04954599288100148,203.43954880682992,Sra two-step (CUSF),sra,203.43954880686385,1.6680886906667724e-13,0.01719774403431927
4096,200.0,10000,12,0.0499338660197046,205.04011211165715,Sra two-step (CUSF),sra,205.04011211196882,1.5200560631964794e-12,0.02520056055984412
4096,200.0,10000,13,0.04988823663106694,204.85181224603093,Sra two-step (CUSF),sra,204.85181224590835,5.983975998518781e-13,0.02425906122954174
4096,200.0,10000,14,0.0496851493510783,204.01375839076806,Sra two-step (CUSF),sra,204.01375839069803,3.4326651589045224e-13,0.020068791953490147
4096,200.0,10000,15,0.04977327901311583,204.3774253548944,Sra two-step (CUSF),sra,204.37742535499083,4.718469269778938e-13,0.02188712677495417
4096,200.0,10000,16,0.04972555280350205,204.18048201015029,Sra two-step (CUSF),sra,204.18048201005388,4.721628504292482e-13,0.020902410050269396
4096,200.0,10000,17,0.04957029036954622,203.53980725866808,Sra two-step (CUSF),sra,203.5398072586253,2.1015384296988128e-13,0.01769903629312651
4096,200.0,10000,18,0.04965029199163853,203.86992216984123,Sra two-step (CUSF),sra,203.86992216974969,4.4904282643059684e-13,0.019349610848748425
4096,200.0,10000,19,0.04959896913633512,203.65814506193885,Sra two-step (CUSF),sra,203.6581450619266,6.01486219015625e-14,0.018290725309633018
4096,200.0,10000,0,0.050043753910881957,205.49359961607266,Converged Newton (CUSF),converged,205.4935996162299,7.651279497889399e-13,0.02746799808114943
4096,200.0,10000,1,0.04980022001090244,204.4885992659819,Converged Newton (CUSF),converged,204.48859926586394,5.768052329546102e-13,0.022442996329319696
4096,200.0,10000,2,0.049748115165890484,204.27358578805485,Converged Newton (CUSF),converged,204.27358578778959,1.2985517099072336e-12,0.021367928938947928
4096,200.0,10000,3,0.04967929644312216,203.9896067104561,Converged Newton (CUSF),converged,203.98960671044287,6.478807963925759e-14,0.019948033552214355
4096,200.0,10000,4,0.04974252039301608,204.25049885232355,Converged Newton (CUSF),converged,204.25049885227233,2.5075052781446554e-13,0.021252494261361648
4096,200.0,10000,5,0.049830087969327336,204.61185253126837,Converged Newton (CUSF),converged,204.61185253130893,1.9821813279848273e-13,0.02305926265654463
4096,200.0,10000,6,0.049829803851528895,204.6106800841671,Converged Newton (CUSF),converged,204.61068008415944,3.736579064999788e-14,0.023053400420797204
4096,200.0,10000,7,0.04982682789441244,204.59839943644675,Converged Newton (CUSF),converged,204.59839943647674,1.4655492678177216e-13,0.0229919971823837
4096,200.0,10000,8,0.04948051008473686,203.16935149210417,Converged Newton (CUSF),converged,203.16935149220538,4.981544043841771e-13,0.015846757461026897
4096,200.0,10000,9,0.04965000843629288,203.86875210657794,Converged Newton (CUSF),converged,203.86875210666324,4.183748079060831e-13,0.019343760533316184
4096,200.0,10000,10,0.049925631872700243,205.00613187421874,Converged Newton (CUSF),converged,205.00613187436173,6.974894791541829e-13,0.02503065937180864
4096,200.0,10000,11,0.04954599288100148,203.43954880682992,Converged Newton (CUSF),converged,203.4395488068879,2.850000778023631e-13,0.017197744034439494
4096,200.0,10000,12,0.0499338660197046,205.04011211165715,Converged Newton (CUSF),converged,205.04011211186298,1.0038524539183754e-12,0.025200560559314907
4096,200.0,10000,13,0.04988823663106694,204.85181224603093,Converged Newton (CUSF),converged,204.85181224622073,9.265242689104666e-13,0.02425906123110366
4096,200.0,10000,14,0.0496851493510783,204.01375839076806,Converged Newton (CUSF),converged,204.01375839071028,2.8322273815149737e-13,0.020068791953551397
4096,200.0,10000,15,0.04977327901311583,204.3774253548944,Converged Newton (CUSF),converged,204.37742535487337,1.0290796521180118e-13,0.021887126774366834
4096,200.0,10000,16,0.04972555280350205,204.18048201015029,Converged Newton (CUSF),converged,204.1804820102216,3.492501744478136e-13,0.02090241005110798
4096,200.0,10000,17,0.04957029036954622,203.53980725866808,Converged Newton (CUSF),converged,203.5398072587115,2.1336549638403893e-13,0.017699036293557527
4096,200.0,10000,18,0.04965029199163853,203.86992216984123,Converged Newton (CUSF),converged,203.86992216978177,2.916478090322287e-13,0.019349610848908867
4096,200.0,10000,19,0.04959896913633512,203.65814506193885,Converged Newton (CUSF),converged,203.6581450618417,4.770022961938297e-13,0.01829072530920854
4096,200.0,10000,0,0.050043753910881957,205.49359961607266,SciPy Brent,reference,,,
4096,200.0,10000,1,0.04980022001090244,204.4885992659819,SciPy Brent,reference,,,
4096,200.0,10000,2,0.049748115165890484,204.27358578805485,SciPy Brent,reference,,,
4096,200.0,10000,3,0.04967929644312216,203.9896067104561,SciPy Brent,reference,,,
4096,200.0,10000,4,0.04974252039301608,204.25049885232355,SciPy Brent,reference,,,
4096,200.0,10000,5,0.049830087969327336,204.61185253126837,SciPy Brent,reference,,,
4096,200.0,10000,6,0.049829803851528895,204.6106800841671,SciPy Brent,reference,,,
4096,200.0,10000,7,0.04982682789441244,204.59839943644675,SciPy Brent,reference,,,
4096,200.0,10000,8,0.04948051008473686,203.16935149210417,SciPy Brent,reference,,,
4096,200.0,10000,9,0.04965000843629288,203.86875210657794,SciPy Brent,reference,,,
4096,200.0,10000,10,0.049925631872700243,205.00613187421874,SciPy Brent,reference,,,
4096,200.0,10000,11,0.04954599288100148,203.43954880682992,SciPy Brent,reference,,,
4096,200.0,10000,12,0.0499338660197046,205.04011211165715,SciPy Brent,reference,,,
4096,200.0,10000,13,0.04988823663106694,204.85181224603093,SciPy Brent,reference,,,
4096,200.0,10000,14,0.0496851493510783,204.01375839076806,SciPy Brent,reference,,,
4096,200.0,10000,15,0.04977327901311583,204.3774253548944,SciPy Brent,reference,,,
4096,200.0,10000,16,0.04972555280350205,204.18048201015029,SciPy Brent,reference,,,
4096,200.0,10000,17,0.04957029036954622,203.53980725866808,SciPy Brent,reference,,,
4096,200.0,10000,18,0.04965029199163853,203.86992216984123,SciPy Brent,reference,,,
4096,200.0,10000,19,0.04959896913633512,203.65814506193885,SciPy Brent,reference,,,
4096,200.0,10000,0,0.050043753910881957,205.49359961607266,Direct likelihood,reference,205.4938470464626,1.204078328521403e-06,0.027469235232313025
4096,200.0,10000,1,0.04980022001090244,204.4885992659819,Direct likelihood,reference,204.4888430716311,1.1922701318337055e-06,0.022444215358155474
4096,200.0,10000,2,0.049748115165890484,204.27358578805485,Direct likelihood,reference,204.2738288227859,1.1897511375192212e-06,0.021369144113929508
4096,200.0,10000,3,0.04967929644312216,203.9896067104561,Direct likelihood,reference,203.9898487294612,1.1864281176016714e-06,0.019949243647305933
4096,200.0,10000,4,0.04974252039301608,204.25049885232355,Direct likelihood,reference,204.25074180437343,1.1894808152392734e-06,0.021253709021867167
4096,200.0,10000,5,0.049830087969327336,204.61185253126837,Direct likelihood,reference,204.61209677956057,1.1937152671427178e-06,0.023060483897802866
4096,200.0,10000,6,0.049829803851528895,204.6106800841671,Direct likelihood,reference,204.6109243282461,1.1937015161041273e-06,0.02305462164123057
4096,200.0,10000,7,0.04982682789441244,204.59839943644675,Direct likelihood,reference,204.59864363639875,1.1935574895293862e-06,0.02299321818199374
4096,200.0,10000,8,0.04948051008473686,203.16935149210417,Direct likelihood,reference,203.16959059296877,1.176854987468998e-06,0.01584795296484387
4096,200.0,10000,9,0.04965000843629288,203.86875210657794,Direct likelihood,reference,203.86899369416466,1.1850152817339798e-06,0.01934496847082329
4096,200.0,10000,10,0.049925631872700243,205.00613187421874,Direct likelihood,reference,205.0063775420536,1.1983438378883505e-06,0.025031887710267996
4096,200.0,10000,11,0.04954599288100148,203.43954880682992,Direct likelihood,reference,203.43978886637274,1.1800043021448747e-06,0.017198944331863687
4096,200.0,10000,12,0.0499338660197046,205.04011211165715,Direct likelihood,reference,205.0403579020865,1.1987431474511803e-06,0.02520178951043249
4096,200.0,10000,13,0.04988823663106694,204.85181224603093,Direct likelihood,reference,204.85205735761582,1.1965312007789677e-06,0.0242602867880791
4096,200.0,10000,14,0.0496851493510783,204.01375839076806,Direct likelihood,reference,204.01400049604896,1.1867105572377216e-06,0.020070002480244823
4096,200.0,10000,15,0.04977327901311583,204.3774253548944,Direct likelihood,reference,204.37766876173524,1.1909673507972378e-06,0.021888343808676183
4096,200.0,10000,16,0.04972555280350205,204.18048201015029,Direct likelihood,reference,204.18072471156228,1.1886611766329828e-06,0.020903623557811387
4096,200.0,10000,17,0.04957029036954622,203.53980725866808,Direct likelihood,reference,203.5400476745779,1.1811739091867e-06,0.01770023837288946
4096,200.0,10000,18,0.04965029199163853,203.86992216984123,Direct likelihood,reference,203.87016376160233,1.185028956330271e-06,0.01935081880801164
4096,200.0,10000,19,0.04959896913633512,203.65814506193885,Direct likelihood,reference,203.65838589892678,1.182555148257903e-06,0.018291929494633905
4096,1000.0,10000,0,0.23160025783909172,1002.3772777639097,Banerjee,closed_form,1002.3890587653224,1.1753061121851582e-05,0.002389058765322375
4096,1000.0,10000,1,0.23105043627016855,999.7290147272959,Banerjee,closed_form,999.7407148385876,1.1703282708958763e-05,0.0002592851614124356
4096,1000.0,10000,2,0.23147066651008108,1001.7529041443819,Banerjee,closed_form,1001.7646660484941,1.1741322698957508e-05,0.001764666048494064
4096,1000.0,10000,3,0.23115852499470788,1000.2494705976732,Banerjee,closed_form,1000.261186583234,1.1713063495889732e-05,0.0002611865832340072
4096,1000.0,10000,4,0.23137252447106652,1001.2801301368681,Banerjee,closed_form,1001.2918775912515,1.17324353392829e-05,0.0012918775912514776
4096,1000.0,10000,5,0.2313267452469951,1001.0596229912375,Banerjee,closed_form,1001.0713637092564,1.1728290452715902e-05,0.0010713637092563885
4096,1000.0,10000,6,0.2313204242582074,1001.0291774824522,Banerjee,closed_form,1001.0409172705362,1.1727718180542476e-05,0.0010409172705361698
4096,1000.0,10000,7,0.23133755039471995,1001.111667413514,Banerjee,closed_form,1001.1234097212789,1.1729268719028898e-05,0.001123409721278904
4096,1000.0,10000,8,0.23122735421694593,1000.5809303077658,Banerjee,closed_form,1000.5926564089069,1.1719293048589878e-05,0.0005926564089069188
4096,1000.0,10000,9,0.2313231753305756,1001.0424281919584,Banerjee,closed_form,1001.0541683847705,1.1727967248418466e-05,0.0010541683847704916
4096,1000.0,10000,10,0.23107935271287455,999.8682419181614,Banerjee,closed_form,999.879946274885,1.1705899070420078e-05,0.00012005372511498536
4096,1000.0,10000,11,0.23132434286726505,1001.048051719939,Banerjee,closed_form,1001.0597920845178,1.172807295168494e-05,0.0010597920845177669
4096,1000.0,10000,12,0.23110365197703323,999.9852426734841,Banerjee,closed_form,999.9969505985109,1.1708097807048378e-05,3.049401489079173e-06
4096,1000.0,10000,13,0.23155202979934467,1002.1449007010527,Banerjee,closed_form,1002.1566745930248,1.1748692193974463e-05,0.002156674593024832
4096,1000.0,10000,14,0.23122938412624133,1000.5907061975446,Banerjee,closed_form,1000.602432597098,1.1719476785798277e-05,0.0006024325970979589
4096,1000.0,10000,15,0.231185677075726,1000.3802225538961,Banerjee,closed_form,1000.3919425292404,1.1715520838995551e-05,0.00039194252924039575
4096,1000.0,10000,16,0.23126234537361948,1000.7494490060908,Banerjee,closed_form,1000.7611802518711,1.1722460394019692e-05,0.0007611802518711102
4096,1000.0,10000,17,0.23145588604800305,1001.6816988681518,Banerjee,closed_form,1001.6934585953767,1.173998410691388e-05,0.0016934585953766827
4096,1000.0,10000,18,0.23132770268901834,1001.0642346051402,Banerjee,closed_form,1001.0759754640205,1.1728377135520296e-05,0.0010759754640205302
4096,1000.0,10000,19,0.2311626156052758,1000.269168778642,Banerjee,closed_form,1000.2808853652308,1.1713433698176003e-05,0.00028088536523080163
4096,1000.0,10000,0,0.23160025783909172,1002.3772777639097,Sra two-step (SciPy),sra,,,
4096,1000.0,10000,1,0.23105043627016855,999.7290147272959,Sra two-step (SciPy),sra,,,
4096,1000.0,10000,2,0.23147066651008108,1001.7529041443819,Sra two-step (SciPy),sra,,,
4096,1000.0,10000,3,0.23115852499470788,1000.2494705976732,Sra two-step (SciPy),sra,,,
4096,1000.0,10000,4,0.23137252447106652,1001.2801301368681,Sra two-step (SciPy),sra,,,
4096,1000.0,10000,5,0.2313267452469951,1001.0596229912375,Sra two-step (SciPy),sra,,,
4096,1000.0,10000,6,0.2313204242582074,1001.0291774824522,Sra two-step (SciPy),sra,,,
4096,1000.0,10000,7,0.23133755039471995,1001.111667413514,Sra two-step (SciPy),sra,,,
4096,1000.0,10000,8,0.23122735421694593,1000.5809303077658,Sra two-step (SciPy),sra,,,
4096,1000.0,10000,9,0.2313231753305756,1001.0424281919584,Sra two-step (SciPy),sra,,,
4096,1000.0,10000,10,0.23107935271287455,999.8682419181614,Sra two-step (SciPy),sra,,,
4096,1000.0,10000,11,0.23132434286726505,1001.048051719939,Sra two-step (SciPy),sra,,,
4096,1000.0,10000,12,0.23110365197703323,999.9852426734841,Sra two-step (SciPy),sra,,,
4096,1000.0,10000,13,0.23155202979934467,1002.1449007010527,Sra two-step (SciPy),sra,,,
4096,1000.0,10000,14,0.23122938412624133,1000.5907061975446,Sra two-step (SciPy),sra,,,
4096,1000.0,10000,15,0.231185677075726,1000.3802225538961,Sra two-step (SciPy),sra,,,
4096,1000.0,10000,16,0.23126234537361948,1000.7494490060908,Sra two-step (SciPy),sra,,,
4096,1000.0,10000,17,0.23145588604800305,1001.6816988681518,Sra two-step (SciPy),sra,,,
4096,1000.0,10000,18,0.23132770268901834,1001.0642346051402,Sra two-step (SciPy),sra,,,
4096,1000.0,10000,19,0.2311626156052758,1000.269168778642,Sra two-step (SciPy),sra,,,
4096,1000.0,10000,0,0.23160025783909172,1002.3772777639097,Converged Newton (SciPy),converged,1002.1574585074832,0.00021929792434726773,0.00215745850748317
4096,1000.0,10000,1,0.23105043627016855,999.7290147272959,Converged Newton (SciPy),converged,999.5096644023174,0.00021940978179800435,0.0004903355976825878
4096,1000.0,10000,2,0.23147066651008108,1001.7529041443819,Converged Newton (SciPy),converged,1001.5331953819839,0.00021932430790970103,0.0015331953819838872
4096,1000.0,10000,3,0.23115852499470788,1000.2494705976732,Converged Newton (SciPy),converged,1000.0300280582394,0.0002193878086260312,3.002805823939525e-05
4096,1000.0,10000,4,0.23137252447106652,1001.2801301368681,Converged Newton (SciPy),converged,1001.0605050667803,0.0002193442808636032,0.0010605050667802517
4096,1000.0,10000,5,0.2313267452469951,1001.0596229912375,Converged Newton (SciPy),converged,1000.8400369640094,0.00021935359511545207,0.0008400369640094141
4096,1000.0,10000,6,0.2313204242582074,1001.0291774824522,Converged Newton (SciPy),converged,1000.8095968462779,0.00021935488106995113,0.000809596846277941
4096,1000.0,10000,7,0.23133755039471995,1001.111667413514,Converged Newton (SciPy),converged,1000.8920721708841,0.0002193513968299426,0.0008920721708841484
4096,1000.0,10000,8,0.23122735421694593,1000.5809303077658,Converged Newton (SciPy),converged,1000.36142905469,0.0002193738121795797,0.0003614290546900065
4096,1000.0,10000,9,0.2313231753305756,1001.0424281919584,Converged Newton (SciPy),converged,1000.82284520944,0.0002193543213897873,0.0008228452094399473
4096,1000.0,10000,10,0.23107935271287455,999.8682419181614,Converged Newton (SciPy),converged,999.6488669221719,0.00021940390422705192,0.0003511330778280808
4096,1000.0,10000,11,0.23132434286726505,1001.048051719939,Converged Newton (SciPy),converged,1000.8284677416506,0.00021935408386361427,0.0008284677416505701
4096,1000.0,10000,12,0.23110365197703323,999.9852426734841,Converged Newton (SciPy),converged,999.7658469465338,0.0002193989646924836,0.00023415305346622973
4096,1000.0,10000,13,0.23155202979934467,1002.1449007010527,Converged Newton (SciPy),converged,1001.9251225632254,0.00021930774449243942,0.0019251225632253863
4096,1000.0,10000,14,0.23122938412624133,1000.5907061975446,Converged Newton (SciPy),converged,1000.3712032129717,0.0002193733993462711,0.00037120321297174995
4096,1000.0,10000,15,0.231185677075726,1000.3802225538961,Converged Newton (SciPy),converged,1000.1607568521647,0.000219382287637766,0.00016075685216469538
4096,1000.0,10000,16,0.23126234537361948,1000.7494490060908,Converged Newton (SciPy),converged,1000.5299179064975,0.00021936669544140067,0.0005299179064975306
4096,1000.0,10000,17,0.23145588604800305,1001.6816988681518,Converged Newton (SciPy),converged,1001.4620027093287,0.0002193273163235101,0.001462002709328658
4096,1000.0,10000,18,0.23132770268901834,1001.0642346051402,Converged Newton (SciPy),converged,1000.8446477613315,0.00021935340032927075,0.0008446477613315437
4096,1000.0,10000,19,0.2311626156052758,1000.269168778642,Converged Newton (SciPy),converged,1000.0497227496255,0.0002193869768918471,4.9722749625516374e-05
4096,1000.0,10000,0,0.23160025783909172,1002.3772777639097,Banerjee (Torch),closed_form,1002.3890587653224,1.1753061121851582e-05,0.002389058765322375
4096,1000.0,10000,1,0.23105043627016855,999.7290147272959,Banerjee (Torch),closed_form,999.7407148385876,1.1703282708958763e-05,0.0002592851614124356
4096,1000.0,10000,2,0.23147066651008108,1001.7529041443819,Banerjee (Torch),closed_form,1001.7646660484941,1.1741322698957508e-05,0.001764666048494064
4096,1000.0,10000,3,0.23115852499470788,1000.2494705976732,Banerjee (Torch),closed_form,1000.261186583234,1.1713063495889732e-05,0.0002611865832340072
4096,1000.0,10000,4,0.23137252447106652,1001.2801301368681,Banerjee (Torch),closed_form,1001.2918775912515,1.17324353392829e-05,0.0012918775912514776
4096,1000.0,10000,5,0.2313267452469951,1001.0596229912375,Banerjee (Torch),closed_form,1001.0713637092564,1.1728290452715902e-05,0.0010713637092563885
4096,1000.0,10000,6,0.2313204242582074,1001.0291774824522,Banerjee (Torch),closed_form,1001.0409172705362,1.1727718180542476e-05,0.0010409172705361698
4096,1000.0,10000,7,0.23133755039471995,1001.111667413514,Banerjee (Torch),closed_form,1001.1234097212789,1.1729268719028898e-05,0.001123409721278904
4096,1000.0,10000,8,0.23122735421694593,1000.5809303077658,Banerjee (Torch),closed_form,1000.5926564089069,1.1719293048589878e-05,0.0005926564089069188
4096,1000.0,10000,9,0.2313231753305756,1001.0424281919584,Banerjee (Torch),closed_form,1001.0541683847705,1.1727967248418466e-05,0.0010541683847704916
4096,1000.0,10000,10,0.23107935271287455,999.8682419181614,Banerjee (Torch),closed_form,999.879946274885,1.1705899070420078e-05,0.00012005372511498536
4096,1000.0,10000,11,0.23132434286726505,1001.048051719939,Banerjee (Torch),closed_form,1001.0597920845178,1.172807295168494e-05,0.0010597920845177669
4096,1000.0,10000,12,0.23110365197703323,999.9852426734841,Banerjee (Torch),closed_form,999.9969505985109,1.1708097807048378e-05,3.049401489079173e-06
4096,1000.0,10000,13,0.23155202979934467,1002.1449007010527,Banerjee (Torch),closed_form,1002.1566745930248,1.1748692193974463e-05,0.002156674593024832
4096,1000.0,10000,14,0.23122938412624133,1000.5907061975446,Banerjee (Torch),closed_form,1000.602432597098,1.1719476785798277e-05,0.0006024325970979589
4096,1000.0,10000,15,0.231185677075726,1000.3802225538961,Banerjee (Torch),closed_form,1000.3919425292404,1.1715520838995551e-05,0.00039194252924039575
4096,1000.0,10000,16,0.23126234537361948,1000.7494490060908,Banerjee (Torch),closed_form,1000.7611802518711,1.1722460394019692e-05,0.0007611802518711102
4096,1000.0,10000,17,0.23145588604800305,1001.6816988681518,Banerjee (Torch),closed_form,1001.6934585953767,1.173998410691388e-05,0.0016934585953766827
4096,1000.0,10000,18,0.23132770268901834,1001.0642346051402,Banerjee (Torch),closed_form,1001.0759754640205,1.1728377135520296e-05,0.0010759754640205302
4096,1000.0,10000,19,0.2311626156052758,1000.269168778642,Banerjee (Torch),closed_form,1000.2808853652308,1.1713433698176003e-05,0.00028088536523080163
4096,1000.0,10000,0,0.23160025783909172,1002.3772777639097,Sra two-step (CUSF),sra,1002.3772777640979,1.8781890555916848e-13,0.0023772777640979257
4096,1000.0,10000,1,0.23105043627016855,999.7290147272959,Sra two-step (CUSF),sra,999.7290147274242,1.2838723083646444e-13,0.0002709852725757855
4096,1000.0,10000,2,0.23147066651008108,1001.7529041443819,Sra two-step (CUSF),sra,1001.7529041442465,1.3516409402585516e-13,0.0017529041442464859
4096,1000.0,10000,3,0.23115852499470788,1000.2494705976732,Sra two-step (CUSF),sra,1000.2494705974661,2.0697209803806358e-13,0.00024947059746614287
4096,1000.0,10000,4,0.23137252447106652,1001.2801301368681,Sra two-step (CUSF),sra,1001.2801301366254,2.424110808056002e-13,0.0012801301366254165
4096,1000.0,10000,5,0.2313267452469951,1001.0596229912375,Sra two-step (CUSF),sra,1001.0596229908617,3.753372826557703e-13,0.001059622990861726
4096,1000.0,10000,6,0.2313204242582074,1001.0291774824522,Sra two-step (CUSF),sra,1001.0291774827344,2.8199419598608153e-13,0.0010291774827344397
4096,1000.0,10000,7,0.23133755039471995,1001.111667413514,Sra two-step (CUSF),sra,1001.1116674133991,1.1480976266464623e-13,0.0011116674133991183
4096,1000.0,10000,8,0.23122735421694593,1000.5809303077658,Sra two-step (CUSF),sra,1000.5809303076855,8.021630734734578e-14,0.0005809303076855485
4096,1000.0,10000,9,0.2313231753305756,1001.0424281919584,Sra two-step (CUSF),sra,1001.0424281911264,8.310939227115862e-13,0.001042428191126419
4096,1000.0,10000,10,0.23107935271287455,999.8682419181614,Sra two-step (CUSF),sra,999.8682419185337,3.723734567506816e-13,0.00013175808146627334
4096,1000.0,10000,11,0.23132434286726505,1001.048051719939,Sra two-step (CUSF),sra,1001.0480517201959,2.565496890702507e-13,0.0010480517201958718
4096,1000.0,10000,12,0.23110365197703323,999.9852426734841,Sra two-step (CUSF),sra,999.9852426734008,8.333368183229712e-14,1.4757326599237785e-05
4096,1000.0,10000,13,0.23155202979934467,1002.1449007010527,Sra two-step (CUSF),sra,1002.1449007012719,2.1871909239266905e-13,0.002144900701271922
4096,1000.0,10000,14,0.23122938412624133,1000.5907061975446,Sra two-step (CUSF),sra,1000.5907061973722,1.722474983212e-13,0.000590706197372242
4096,1000.0,10000,15,0.231185677075726,1000.3802225538961,Sra two-step (CUSF),sra,1000.3802225539516,5.5458090391385804e-14,0.0003802225539516257
4096,1000.0,10000,16,0.23126234537361948,1000.7494490060908,Sra two-step (CUSF),sra,1000.7494490061804,8.951813884444936e-14,0.0007494490061803845
4096,1000.0,10000,17,0.23145588604800305,1001.6816988681518,Sra two-step (CUSF),sra,1001.6816988689435,7.903859467412961e-13,0.0016816988689434993
4096,1000.0,10000,18,0.23132770268901834,1001.0642346051402,Sra two-step (CUSF),sra,1001.0642346052024,6.212058935284297e-14,0.0010642346052023867
4096,1000.0,10000,19,0.2311626156052758,1000.269168778642,Sra two-step (CUSF),sra,1000.269168779222,5.798741620357238e-13,0.00026916877922201365
4096,1000.0,10000,0,0.23160025783909172,1002.3772777639097,Converged Newton (CUSF),converged,1002.377277743076,2.078427146029313e-11,0.002377277743075979
4096,1000.0,10000,1,0.23105043627016855,999.7290147272959,Converged Newton (CUSF),converged,999.7290147076957,1.960549205700678e-11,0.0002709852923043172
4096,1000.0,10000,2,0.23147066651008108,1001.7529041443819,Converged Newton (CUSF),converged,1001.7529041240754,2.027098249094055e-11,0.0017529041240753713
4096,1000.0,10000,3,0.23115852499470788,1000.2494705976732,Converged Newton (CUSF),converged,1000.2494705779392,1.9729066843296624e-11,0.0002494705779391779
4096,1000.0,10000,4,0.23137252447106652,1001.2801301368681,Converged Newton (CUSF),converged,1001.2801301155798,2.1261098138253798e-11,0.0012801301155798228
4096,1000.0,10000,5,0.2313267452469951,1001.0596229912375,Converged Newton (CUSF),converged,1001.0596229707415,2.0474222894497093e-11,0.0010596229707415432
4096,1000.0,10000,6,0.2313204242582074,1001.0291774824522,Converged Newton (CUSF),converged,1001.0291774617729,2.065803393768839e-11,0.0010291774617728607
4096,1000.0,10000,7,0.23133755039471995,1001.111667413514,Converged Newton (CUSF),converged,1001.1116673935268,1.9965088401653267e-11,0.0011116673935267726
4096,1000.0,10000,8,0.23122735421694593,1000.5809303077658,Converged Newton (CUSF),converged,1000.580930287509,2.0245073455322124e-11,0.000580930287508977
4096,1000.0,10000,9,0.2313231753305756,1001.0424281919584,Converged Newton (CUSF),converged,1001.0424281719278,2.000973890905672e-11,0.0010424281719277814
4096,1000.0,10000,10,0.23107935271287455,999.8682419181614,Converged Newton (CUSF),converged,999.8682418982465,1.9917488714316686e-11,0.00013175810175346215
4096,1000.0,10000,11,0.23132434286726505,1001.048051719939,Converged Newton (CUSF),converged,1001.0480516996843,2.0233582228341335e-11,0.0010480516996842653
4096,1000.0,10000,12,0.23110365197703323,999.9852426734841,Converged Newton (CUSF),converged,999.985242653391,2.00934219109441e-11,1.4757346609030719e-05
4096,1000.0,10000,13,0.23155202979934467,1002.1449007010527,Converged Newton (CUSF),converged,1002.1449006802427,2.0765494660373906e-11,0.0021449006802426993
4096,1000.0,10000,14,0.23122938412624133,1000.5907061975446,Converged Newton (CUSF),converged,1000.5907061777473,1.9785624742846603e-11,0.0005907061777472791
4096,1000.0,10000,15,0.231185677075726,1000.3802225538961,Converged Newton (CUSF),converged,1000.3802225344128,1.9475904010255176e-11,0.0003802225344128374
4096,1000.0,10000,16,0.23126234537361948,1000.7494490060908,Converged Newton (CUSF),converged,1000.7494489861493,1.9926533223716155e-11,0.0007494489861493321
4096,1000.0,10000,17,0.23145588604800305,1001.6816988681518,Converged Newton (CUSF),converged,1001.6816988475852,2.0532102251749128e-11,0.001681698847585153
4096,1000.0,10000,18,0.23132770268901834,1001.0642346051402,Converged Newton (CUSF),converged,1001.0642345843296,2.0788479199664738e-11,0.0010642345843295971
4096,1000.0,10000,19,0.2311626156052758,1000.269168778642,Converged Newton (CUSF),converged,1000.2691687586606,1.997599431028513e-11,0.00026916875866061216
4096,1000.0,10000,0,0.23160025783909172,1002.3772777639097,SciPy Brent,reference,,,
4096,1000.0,10000,1,0.23105043627016855,999.7290147272959,SciPy Brent,reference,,,
4096,1000.0,10000,2,0.23147066651008108,1001.7529041443819,SciPy Brent,reference,,,
4096,1000.0,10000,3,0.23115852499470788,1000.2494705976732,SciPy Brent,reference,,,
4096,1000.0,10000,4,0.23137252447106652,1001.2801301368681,SciPy Brent,reference,,,
4096,1000.0,10000,5,0.2313267452469951,1001.0596229912375,SciPy Brent,reference,,,
4096,1000.0,10000,6,0.2313204242582074,1001.0291774824522,SciPy Brent,reference,,,
4096,1000.0,10000,7,0.23133755039471995,1001.111667413514,SciPy Brent,reference,,,
4096,1000.0,10000,8,0.23122735421694593,1000.5809303077658,SciPy Brent,reference,,,
4096,1000.0,10000,9,0.2313231753305756,1001.0424281919584,SciPy Brent,reference,,,
4096,1000.0,10000,10,0.23107935271287455,999.8682419181614,SciPy Brent,reference,,,
4096,1000.0,10000,11,0.23132434286726505,1001.048051719939,SciPy Brent,reference,,,
4096,1000.0,10000,12,0.23110365197703323,999.9852426734841,SciPy Brent,reference,,,
4096,1000.0,10000,13,0.23155202979934467,1002.1449007010527,SciPy Brent,reference,,,
4096,1000.0,10000,14,0.23122938412624133,1000.5907061975446,SciPy Brent,reference,,,
4096,1000.0,10000,15,0.231185677075726,1000.3802225538961,SciPy Brent,reference,,,
4096,1000.0,10000,16,0.23126234537361948,1000.7494490060908,SciPy Brent,reference,,,
4096,1000.0,10000,17,0.23145588604800305,1001.6816988681518,SciPy Brent,reference,,,
4096,1000.0,10000,18,0.23132770268901834,1001.0642346051402,SciPy Brent,reference,,,
4096,1000.0,10000,19,0.2311626156052758,1000.269168778642,SciPy Brent,reference,,,
4096,1000.0,10000,0,0.23160025783909172,1002.3772777639097,Direct likelihood,reference,1002.4021704463354,2.4833645951412518e-05,0.00240217044633539
4096,1000.0,10000,1,0.23105043627016855,999.7290147272959,Direct likelihood,reference,999.7537297892494,2.4721761186740144e-05,0.00024627021075059475
4096,1000.0,10000,2,0.23147066651008108,1001.7529041443819,Direct likelihood,reference,1001.7777548850703,2.4807255946647694e-05,0.0017777548850702943
4096,1000.0,10000,3,0.23115852499470788,1000.2494705976732,Direct likelihood,reference,1000.274220510233,2.474373972431745e-05,0.00027422051023302173
4096,1000.0,10000,4,0.23137252447106652,1001.2801301368681,Direct likelihood,reference,1001.3049491459255,2.478727811568304e-05,0.0013049491459255478
4096,1000.0,10000,5,0.2313267452469951,1001.0596229912375,Direct likelihood,reference,1001.0844272081245,2.4777961589215595e-05,0.0010844272081244526
4096,1000.0,10000,6,0.2313204242582074,1001.0291774824522,Direct likelihood,reference,1001.0539796573693,2.477667532078283e-05,0.0010539796573692684
4096,1000.0,10000,7,0.23133755039471995,1001.111667413514,Direct likelihood,reference,1001.1364751212225,2.4780160411587788e-05,0.0011364751212224746
4096,1000.0,10000,8,0.23122735421694593,1000.5809303077658,Direct likelihood,reference,1000.6057024298756,2.475773958848759e-05,0.0006057024298755778
4096,1000.0,10000,9,0.2313231753305756,1001.0424281919584,Direct likelihood,reference,1001.0672312555846,2.4777235137796444e-05,0.001067231255584602
4096,1000.0,10000,10,0.23107935271287455,999.8682419181614,Direct likelihood,reference,999.8929663002881,2.4727640193132277e-05,0.00010703369971190569
4096,1000.0,10000,11,0.23132434286726505,1001.048051719939,Direct likelihood,reference,1001.0728551607338,2.477747272179705e-05,0.0010728551607337522
4096,1000.0,10000,12,0.23110365197703323,999.9852426734841,Direct likelihood,reference,1000.0099748894311,2.473258093375558e-05,9.974889431077827e-06
4096,1000.0,10000,13,0.23155202979934467,1002.1449007010527,Direct likelihood,reference,1002.1697777690975,2.482382340858416e-05,0.00216977776909755
4096,1000.0,10000,14,0.23122938412624133,1000.5907061975446,Direct likelihood,reference,1000.6154789748613,2.4758152522549545e-05,0.0006154789748612757
4096,1000.0,10000,15,0.231185677075726,1000.3802225538961,Direct likelihood,reference,1000.4049812261845,2.4749262060757456e-05,0.00040498122618453183
4096,1000.0,10000,16,0.23126234537361948,1000.7494490060908,Direct likelihood,reference,1000.7742324241535,2.4764858064462713e-05,0.0007742324241535243
4096,1000.0,10000,17,0.23145588604800305,1001.6816988681518,Direct likelihood,reference,1001.7065448282237,2.4804246798191176e-05,0.0017065448282237413
4096,1000.0,10000,18,0.23132770268901834,1001.0642346051402,Direct likelihood,reference,1001.0890391313347,2.477815642302658e-05,0.0010890391313347436
4096,1000.0,10000,19,0.2311626156052758,1000.269168778642,Direct likelihood,reference,1000.2939200107697,2.474457166162325e-05,0.0002939200107697388
